Accident_ID,Accident_Type_Code,Adverse_Weather_Metric,Cabin_Temperature,Control_Metric,Days_Since_Inspection,Max_Elevation,Safety_Score,Severity,Total_Safety_Complaints,Turbulence_In_gforces,Violations,source
11484,6,0.00718264021283833,83.92,57.8851412944394,15,28930.360746821898,34.1095890410959,Significant_Damage_And_Serious_Injuries,9,0.448100252434187,2,train
7155,4,0.0246675180249184,79.17,73.2907930720146,17,13953.656602481498,15.296803652967998,Highly_Fatal_And_Damaging,9,0.199993508835196,3,train
8674,4,0.0865963416873615,79.21,69.5077484047402,12,47572.0590615232,32.9223744292237,Highly_Fatal_And_Damaging,1,0.311425171294627,4,train
11268,7,0.0015518393837790699,79.66,80.6289881494986,18,20106.7303917632,46.712328767123296,Significant_Damage_And_Fatalities,2,0.38174612333213104,4,train
8942,3,0.138310049630407,82.23,72.5159525979946,12,27584.056491732,44.566210045662096,Significant_Damage_And_Serious_Injuries,3,0.42213559322033894,4,train
9017,7,0.00142941827528228,79.92,48.1312670920693,6,5142.286073104389,63.8356164383562,Significant_Damage_And_Serious_Injuries,6,0.640310854670032,1,train
5293,6,0.00929279544814513,79.65,65.6335460346399,12,38140.7981125223,44.7488584474886,Significant_Damage_And_Serious_Injuries,5,0.41925063108546706,3,train
11763,3,0.0892549623370623,86.43,72.5615314494075,15,17869.2712881728,22.2831050228311,Highly_Fatal_And_Damaging,6,0.46721312657771297,3,train
140,5,0.0136731176298007,79.58,65.1321786690975,6,21714.810478226,74.6575342465753,Minor_Damage_And_Injuries,6,0.26021709340064897,2,train
11552,1,1.46891942449805,85.97,69.0975387420237,10,39828.6197886984,51.0045662100457,Significant_Damage_And_Serious_Injuries,5,0.428266137756942,3,train
12168,1,1.73575874706691,81.25,80.4466727438469,12,47433.0780312655,31.461187214611897,Highly_Fatal_And_Damaging,2,0.30313090515687,4,train
3706,4,0.0657328863038229,77.4,52.5524156791249,20,35893.876808940804,29.0867579908676,Highly_Fatal_And_Damaging,7,0.280411828344753,1,train
8042,6,0.0129833111717393,78.24,72.0145852324522,11,52023.4605639422,45.205479452054796,Significant_Damage_And_Serious_Injuries,16,0.496423368193292,1,train
4845,4,0.0667522739749065,87.34,82.13309024612579,20,35921.3147111583,15.753424657534199,Significant_Damage_And_Serious_Injuries,5,0.434396682293545,2,train
5759,6,0.00612430183205069,76.63,76.02552415679129,12,25045.593970414,42.4200913242009,Significant_Damage_And_Serious_Injuries,10,0.272117562206996,2,train
8301,7,0.00238037353454408,84.92,76.9826800364631,13,25177.5727499426,61.7808219178082,Significant_Damage_And_Fatalities,9,0.368403173458348,3,train
9209,2,0.420554790386963,81.3,71.19416590701921,16,30842.466645300898,31.1872146118721,Significant_Damage_And_Serious_Injuries,7,0.438363505228994,2,train
12026,4,0.0516564922244154,81.71,60.80218778486779,16,28304.9106974183,39.5890410958904,Minor_Damage_And_Injuries,5,0.44737901190046897,2,train
99,3,0.227253121797105,80.98,37.511394712853296,17,45701.7414856338,16.4840182648402,Significant_Damage_And_Fatalities,16,0.602806346916697,3,train
5479,2,0.203271717800248,78.93,74.29352780309941,11,14348.077504495,35.4337899543379,Highly_Fatal_And_Damaging,6,0.326931842769563,1,train
4420,4,0.0562028167670757,78.85,63.9927073837739,14,30349.9564226895,25.570776255707802,Highly_Fatal_And_Damaging,10,0.33450486837360305,3,train
7624,1,0.992892435251542,80.49,56.38103919781221,4,27384.8076695731,72.1004566210046,Minor_Damage_And_Injuries,8,0.27103570140641897,2,train
836,1,1.1071332294227298,76.9,74.7948951686418,16,29971.7444634365,29.634703196346997,Significant_Damage_And_Serious_Injuries,8,0.22740064911648,2,train
3097,4,0.0638479625702225,78.31,83.8650865998177,13,35236.6318842485,28.2191780821918,Highly_Fatal_And_Damaging,0,0.20143598990263198,4,train
3813,3,0.195534413037663,79.39,61.5314494074749,16,39380.291354963796,29.3607305936073,Significant_Damage_And_Serious_Injuries,15,0.533927875946628,2,train
6637,3,0.167165430554854,81.13,73.2907930720146,12,33701.3739418717,43.607305936073,Significant_Damage_And_Serious_Injuries,3,0.26815073927154703,3,train
9651,7,0.0021867067343636104,79.31,74.0200546946217,17,26764.9951679242,50.273972602739704,Significant_Damage_And_Fatalities,9,0.238579877389109,1,train
8153,2,0.37781960523515,79.83,59.9817684594348,15,27752.7367849651,46.1187214611872,Minor_Damage_And_Injuries,1,0.4120382257482871,2,train
8080,4,0.0656931235224539,76.79,50.136736554238794,17,35711.8774118854,16.1187214611872,Significant_Damage_And_Fatalities,15,0.44773963216732793,3,train
12383,7,0.0034535908318688,79.58,45.897903372834996,18,39222.4051184905,47.899543378995396,Significant_Damage_And_Serious_Injuries,12,0.623001081860801,1,train
9609,6,0.0065306456156929,79.39,52.415679124886104,14,26137.024085075,59.6803652968037,Highly_Fatal_And_Damaging,12,0.366960692390912,0,train
4462,6,0.0077923651159030796,82.51,80.8568824065634,16,31810.9878005079,51.3698630136986,Significant_Damage_And_Fatalities,2,0.29700036062026697,2,train
992,6,0.004571289732378529,80.52,73.70100273473109,18,19201.5021304644,23.8812785388128,Significant_Damage_And_Serious_Injuries,8,0.37020627479264295,2,train
7646,2,0.45982132033564704,79.83,79.3072014585233,10,33976.455314444596,61.0045662100457,Minor_Damage_And_Injuries,3,0.324768121168409,3,train
1311,3,0.12586033490923598,78.46,50.6836827711942,4,25279.7240398423,65.4337899543379,Significant_Damage_And_Fatalities,2,0.618313018391633,4,train
11379,6,0.00689968603583597,81.49,64.8131267092069,13,27059.9484729937,41.643835616438295,Significant_Damage_And_Serious_Injuries,10,0.32116191849982,3,train
508,6,0.00619639714005486,87.47,74.2023701002735,12,25080.5824492383,42.8767123287671,Significant_Damage_And_Serious_Injuries,8,0.28365741074648404,2,train
11242,3,0.18927904197012,77.75,61.212397447584294,18,38017.7118627644,24.383561643835602,Significant_Damage_And_Serious_Injuries,13,0.40771078254597903,2,train
930,7,0.00391294369369766,77.78,49.6809480401094,18,43915.752472878,45.5251141552511,Significant_Damage_And_Serious_Injuries,4,0.499308330328164,1,train
296,6,0.0077465553627925595,78.37,61.9416590701914,16,31365.239571317998,16.4840182648402,Highly_Fatal_And_Damaging,5,0.304934006491165,2,train
1772,1,1.62366182311179,76.97,71.4676390154968,11,43611.8162404295,33.8812785388128,Highly_Fatal_And_Damaging,14,0.273560043274432,4,train
5427,3,0.140626767258425,78.9,57.4293527803099,8,28162.0204173235,54.5205479452055,Significant_Damage_And_Serious_Injuries,0,0.7214504147133071,3,train
11133,7,0.00359948034871558,81.54,81.3582497721058,11,38680.8094474873,59.5890410958904,Minor_Damage_And_Injuries,9,0.23425243418680103,3,train
9254,3,0.1184800229025,79.42,68.91522333637201,12,23573.0067284607,42.8767123287671,Significant_Damage_And_Serious_Injuries,3,0.41384132708258203,2,train
6518,5,0.0277859730305534,79.39,51.8231540565178,7,40485.8932005406,59.634703196347,Minor_Damage_And_Injuries,4,0.46613126577713604,2,train
4707,2,0.43131917970805295,80.66,82.13309024612579,12,31968.847056027298,67.6712328767123,Significant_Damage_And_Fatalities,0,0.3597482870537321,1,train
10945,7,0.00200768617151415,83.81,76.5268915223336,14,20600.5849948309,58.9041095890411,Significant_Damage_And_Fatalities,4,0.296279120086549,1,train
3741,4,0.0484619583526901,86.43,54.2388331814038,16,26026.0289669448,28.493150684931503,Significant_Damage_And_Serious_Injuries,22,0.315752614496934,3,train
8627,2,0.281139882874009,79.6,77.1649954421149,17,20623.1554257907,38.0365296803653,Minor_Damage_And_Injuries,3,0.256610890732059,2,train
9875,4,0.05298780403596,78.47,70.1458523245214,17,29273.781013177002,13.881278538812802,Highly_Fatal_And_Damaging,13,0.41636566895059496,1,train
729,7,0.00276139135868097,86.1,64.6763901549681,13,31856.303382075897,64.5205479452055,Significant_Damage_And_Fatalities,19,0.339192931842769,3,train
1838,5,0.0303777299720201,83.71,64.8131267092069,10,43296.0711451878,59.5433789954338,Minor_Damage_And_Injuries,3,0.322604399567255,1,train
10703,7,0.00324948173042506,87.08,50.3190519598906,8,32253.3806018104,80.958904109589,Significant_Damage_And_Fatalities,4,0.35686332491885997,2,train
6695,1,0.9051847038624209,77.35,48.678213309024706,20,24135.4433661131,28.949771689497698,Highly_Fatal_And_Damaging,3,0.508684457266498,1,train
7235,6,0.00952310647454607,79.66,76.5724703737466,19,41401.7229807727,42.4657534246575,Significant_Damage_And_Fatalities,0,0.346405337179949,1,train
11941,3,0.199289301025328,84.82,58.38650865998179,14,40087.8033399125,36.4383561643836,Significant_Damage_And_Serious_Injuries,6,0.488850342589253,2,train
2051,4,0.0692154391987707,77.16,71.05742935278029,14,37721.3310949746,24.1095890410959,Highly_Fatal_And_Damaging,2,0.25625027046520005,2,train
2876,4,0.0639057568277937,78.37,68.1403828623519,6,34905.791923836005,75.296803652968,Minor_Damage_And_Injuries,9,0.21333645870898002,2,train
12464,2,0.38484944539213106,76.21,57.611668185961705,20,28456.00736787,27.397260273972602,Minor_Damage_And_Injuries,17,0.45278831590335294,0,train
1274,4,0.0382474902668748,82.8,73.4731084776664,9,21154.8577344722,43.287671232876704,Highly_Fatal_And_Damaging,8,0.338471691309052,1,train
7359,3,0.141526014290169,84.6,74.06563354603459,16,28603.7548438843,19.9086757990868,Highly_Fatal_And_Damaging,1,0.428626758023801,2,train
6094,7,0.00216043960059275,77.27,57.155879671832295,15,25223.047167445297,57.945205479452,Significant_Damage_And_Serious_Injuries,7,0.308900829426614,2,train
4816,3,0.12044619210622698,83.48,69.7812215132179,16,24001.8530974736,30.958904109589,Significant_Damage_And_Serious_Injuries,2,0.255529029931482,3,train
6227,4,0.0216622052761879,75.67,56.9279854147676,14,12866.6100544267,25.570776255707802,Significant_Damage_And_Fatalities,2,0.523469888207717,1,train
11393,3,0.128453568773262,76.18,68.5050136736554,16,26009.232746201098,18.1735159817352,Highly_Fatal_And_Damaging,8,0.30854020915975394,3,train
1657,2,0.3592587112154339,79.49,52.3245214220602,11,26473.2906962654,46.6666666666667,Minor_Damage_And_Injuries,7,0.323325640100974,2,train
1684,4,0.0613496539215015,81.2,85.5515041020967,15,33695.3450225306,20.3196347031963,Highly_Fatal_And_Damaging,1,0.24831662459430198,1,train
3446,7,0.0016033383209366199,82.09,75.2051048313583,15,20795.1241990163,58.1278538812785,Significant_Damage_And_Fatalities,5,0.330898665705012,1,train
8883,7,0.00251233544374229,78.33,55.0592525068368,3,26885.1576261271,87.48858447488578,Significant_Damage_And_Serious_Injuries,2,0.508684457266498,2,train
1786,1,1.0963361566327,82.43,52.3245214220602,13,29416.791554196698,29.7716894977169,Highly_Fatal_And_Damaging,2,0.280411828344753,2,train
680,4,0.0741546115614829,77.22,65.4512306289882,16,40752.5345280167,18.2191780821918,Highly_Fatal_And_Damaging,12,0.365878831590335,2,train
6058,1,0.691594571833008,86.57,78.7602552415679,14,18897.2774645504,26.1643835616438,Highly_Fatal_And_Damaging,0,0.39797403534078596,4,train
12161,2,0.44453631852739095,81.68,49.4986326344576,10,32702.1479935482,61.41552511415521,Highly_Fatal_And_Damaging,9,0.522748647673999,3,train
7175,2,0.558462255265561,77.1,69.4165907019143,6,41493.4938799816,76.62100456620999,Minor_Damage_And_Injuries,29,0.273560043274432,2,train
4622,4,0.0569738691451074,83.58,53.2360984503191,12,31682.670938997202,31.552511415525103,Significant_Damage_And_Fatalities,3,0.621197980526505,1,train
11774,2,0.578476040350286,86.97,82.1786690975388,9,42820.7213445713,65.8447488584475,Minor_Damage_And_Injuries,3,0.20143598990263198,3,train
4397,5,0.0306133067658192,75.05,75.25068368277121,12,43907.2002460851,54.109589041095894,Minor_Damage_And_Injuries,10,0.288345474215651,1,train
12093,4,0.0583623984570852,83.55,85.8705560619873,10,32213.696003509904,48.310502283105,Significant_Damage_And_Serious_Injuries,7,0.181241254958529,2,train
8809,3,0.0561960131862156,86.42,49.31631722880589,12,10864.378153367099,54.109589041095894,Minor_Damage_And_Injuries,4,0.397252794807068,0,train
10113,3,0.237190414799633,80.23,72.4247948951687,11,46973.5663521554,48.1735159817352,Significant_Damage_And_Serious_Injuries,0,0.46721312657771297,0,train
12139,5,0.0245030952312339,78.54,92.1148587055606,13,37623.173029289,38.3561643835616,Significant_Damage_And_Serious_Injuries,0,0.17943815362423302,3,train
2865,4,0.0772893482296273,80.44,48.268003646308095,11,42374.470860825495,36.11872146118721,Significant_Damage_And_Fatalities,4,0.40266209880995296,3,train
8887,4,0.0718018696549619,78.46,67.0464904284412,7,38971.584973980294,72.5570776255708,Minor_Damage_And_Injuries,44,0.557368193292463,3,train
4687,1,1.53479794159215,79.43,51.00273473108479,12,41729.040724099905,54.1552511415525,Highly_Fatal_And_Damaging,6,0.66988171655247,0,train
1293,4,0.0748983296849029,79.61,66.5451230628988,10,41031.6354139876,37.3972602739726,Highly_Fatal_And_Damaging,2,0.40590768121168397,1,train
2786,4,0.0423343749014067,83.22,76.02552415679129,19,23048.7900757948,44.20091324200911,Significant_Damage_And_Fatalities,19,0.24579228272628895,0,train
8871,4,0.0549022562338552,79.61,67.36554238833179,11,29660.0149931199,33.972602739726,Highly_Fatal_And_Damaging,2,0.397252794807068,3,train
10712,3,0.211400803614941,77.27,76.7547857793984,7,42688.636920867204,47.899543378995396,Highly_Fatal_And_Damaging,6,0.24759538406058398,3,train
11058,3,0.0950588591438292,80.65,77.52962625341841,10,19340.2551067885,51.1415525114155,Significant_Damage_And_Serious_Injuries,11,0.263823296069239,1,train
10142,4,0.0509205605879085,77.67,57.520510483135794,16,27569.720835006403,31.506849315068497,Significant_Damage_And_Serious_Injuries,5,0.428626758023801,2,train
3232,7,0.0037778342515366,80.65,85.7793983591614,14,41502.6668199476,57.4885844748858,Significant_Damage_And_Fatalities,1,0.274641904075009,4,train
10394,6,0.00544196944099981,76.95,53.555150410209706,16,21369.8130817081,30.9132420091324,Minor_Damage_And_Injuries,7,0.23425243418680103,3,train
7743,3,0.16255210220167401,75.2,79.39835916134909,14,32624.4911271595,37.7168949771689,Significant_Damage_And_Serious_Injuries,4,0.320440677966102,3,train
8232,4,0.0279296157916735,81.87,69.5533272561531,15,14993.6075495189,21.2785388127854,Highly_Fatal_And_Damaging,1,0.290869816083664,4,train
3550,7,0.00228169437294458,77.86,77.30173199635371,12,24305.390903594598,68.03652968036529,Significant_Damage_And_Fatalities,1,0.32116191849982,1,train
4239,3,0.105814390731254,75.68,65.9981768459435,13,21411.0209069077,38.310502283105,Significant_Damage_And_Serious_Injuries,2,0.40338333934367104,4,train
2794,3,0.16876079449003398,81.03,79.80856882406559,14,33701.3739418717,36.7579908675799,Significant_Damage_And_Serious_Injuries,1,0.275723764875586,1,train
144,4,0.055051130714473,82.02,65.587967183227,12,29660.0149931199,33.1963470319635,Highly_Fatal_And_Damaging,5,0.4120382257482871,3,train
3556,4,0.0675585123833132,80.33,78.07657247037379,15,37085.874763684704,46.027397260274,Minor_Damage_And_Injuries,3,0.258774612333213,4,train
8164,6,0.0105864665990747,75.8,57.474931631722896,11,44888.1730165217,56.1187214611872,Minor_Damage_And_Injuries,3,0.38174612333213104,3,train
11651,7,0.00309591976936673,79.71,89.9726526891523,10,35847.895873568,72.00913242009129,Significant_Damage_And_Fatalities,1,0.23136747205192898,4,train
4151,1,0.7218484758610161,78.47,45.8067456700091,17,19507.2239268193,16.4383561643836,Significant_Damage_And_Fatalities,0,0.631295347998557,2,train
9967,5,0.0232444911274353,77.98,61.6226071103008,8,34887.2172055117,68.63013698630141,Minor_Damage_And_Injuries,21,0.6341803101334289,4,train
5256,3,0.16390408104672596,79.48,62.944393801276206,13,32908.2936804925,40.86757990867579,Significant_Damage_And_Serious_Injuries,2,0.358305805986296,3,train
811,6,0.00463226113987301,77.25,70.2825888787603,13,19754.5812375961,50.136986301369895,Minor_Damage_And_Injuries,5,0.49389902632527904,3,train
8863,2,0.395929145143841,79.99,75.6153144940748,15,29261.078068929102,46.1643835616438,Minor_Damage_And_Injuries,21,0.33306238730616605,1,train
10039,1,0.9289401775636039,80.78,56.8368277119417,18,24858.0729137173,24.703196347031998,Minor_Damage_And_Injuries,3,0.231728092318788,1,train
9391,7,0.00392310159607927,80.89,73.0173199635369,15,44362.5365040698,56.4840182648402,Significant_Damage_And_Fatalities,0,0.32080129823296005,2,train
6646,2,0.43265129710754,82.82,58.979033728350004,13,31967.8246223586,51.232876712328796,Minor_Damage_And_Injuries,13,0.438724125495853,2,train
10964,1,0.845845626344203,77.74,72.4247948951687,19,23004.891249689503,18.3561643835616,Significant_Damage_And_Serious_Injuries,18,0.388958528669311,3,train
1987,3,0.159335323690078,81.53,71.285323609845,13,32039.885112724198,38.3561643835616,Significant_Damage_And_Serious_Injuries,0,0.273199423007573,2,train
9874,2,0.32809530982753,81.49,67.0464904284412,8,23998.3048588661,68.2648401826484,Minor_Damage_And_Injuries,2,0.302770284890011,1,train
9607,7,0.00315344106974265,78.82,68.7784867821331,15,35698.393193522796,44.337899543379,Minor_Damage_And_Injuries,3,0.323325640100974,4,train
10223,6,0.00950376333512928,79.07,74.4302643573382,8,37541.6763730355,56.7579908675799,Significant_Damage_And_Serious_Injuries,2,0.27428128380815,0,train
4828,1,0.930418789565146,79.09,69.690063810392,14,25291.404885318,49.4520547945205,Minor_Damage_And_Injuries,1,0.430790479624955,1,train
3709,7,0.0036173616998907295,83.26,53.3728350045579,15,37900.1071623146,57.077625570776206,Significant_Damage_And_Serious_Injuries,9,0.42177497295348,2,train
9234,4,0.0460458912336435,79.89,51.9143117593437,16,24939.239479983302,17.305936073059403,Significant_Damage_And_Fatalities,1,0.42249621348719796,2,train
1883,5,0.0228367689591343,80.48,57.8395624430264,10,35320.9454536098,37.4885844748858,Highly_Fatal_And_Damaging,2,0.385352326000721,2,train
3205,3,0.20906521480786897,80.44,47.265268915223395,12,41951.3242843404,43.6529680365297,Minor_Damage_And_Injuries,7,0.44413342949873796,3,train
4095,1,1.55691330768186,84.52,59.4348222424795,13,42866.579179189,41.0045662100457,Significant_Damage_And_Serious_Injuries,6,0.47190119004688,2,train
9386,2,0.420554790386963,81.34,65.587967183227,16,31076.1432081348,41.324200913242,Minor_Damage_And_Injuries,7,0.26165957446808497,1,train
10027,3,0.12249842106420401,78.08,88.4685505925251,9,24609.0335512452,52.9223744292237,Significant_Damage_And_Serious_Injuries,5,0.247234763793725,0,train
5272,6,0.00826588787036847,82.43,70.464904284412,16,36166.0039080309,30.7305936073059,Significant_Damage_And_Serious_Injuries,3,0.251922827262892,3,train
6952,2,0.44231497740864395,77.56,50.1823154056518,19,32847.0379561099,20.5936073059361,Minor_Damage_And_Injuries,1,0.5642199783627839,1,train
6159,5,0.0302458106880006,77.13,79.3072014585233,13,45557.7701402935,51.9634703196347,Minor_Damage_And_Injuries,7,0.28365741074648404,2,train
11026,7,0.0036254721411716397,79.19,53.6463081130356,10,37796.2166893699,72.87671232876708,Significant_Damage_And_Fatalities,1,0.284739271547061,2,train
9955,1,1.56591013730234,81.82,56.1531449407475,19,42573.9353524322,20.410958904109602,Minor_Damage_And_Injuries,2,0.555204471691309,2,train
3622,2,0.558462255265561,85.08,69.64448495897899,12,41597.9304343148,53.9269406392694,Minor_Damage_And_Injuries,11,0.474425531914894,2,train
1638,1,1.73575874706691,87.0,52.7803099361896,13,47285.2784140676,28.949771689497698,Highly_Fatal_And_Damaging,8,0.44413342949873796,3,train
11815,2,0.482865676422502,76.71,69.64448495897899,13,35694.2901603896,50.22831050228311,Minor_Damage_And_Injuries,12,0.47514677244861103,0,train
2486,2,0.49421571020456395,76.56,77.073837739289,11,36485.4300529179,57.671232876712295,Minor_Damage_And_Injuries,11,0.24579228272628895,2,train
11999,3,0.22045292667086702,78.88,41.5223336371923,14,44048.3653944557,24.7945205479452,Significant_Damage_And_Fatalities,7,0.757151821132347,1,train
9775,3,0.181056414605482,78.38,79.8997265268915,11,36295.1033532213,47.5342465753425,Significant_Damage_And_Serious_Injuries,10,0.29555787955283,2,train
7239,4,0.0590167173353565,84.75,84.5487693710119,11,31976.351488096097,48.3561643835616,Significant_Damage_And_Serious_Injuries,4,0.25985647313379,2,train
4113,3,0.183405433181803,78.57,41.4311759343665,18,36653.7936554078,33.7899543378995,Highly_Fatal_And_Damaging,16,0.5378946988820771,2,train
7400,6,0.0027925418240612302,83.22,80.4010938924339,19,5513.586528008571,46.62100456620999,Significant_Damage_And_Fatalities,19,0.247234763793725,5,train
7123,6,0.00668708180660719,79.79,70.510483135825,7,27171.7746672583,70.5479452054795,Minor_Damage_And_Injuries,30,0.17330760908763,3,train
11266,4,0.059612982861875,81.72,55.9252506836828,11,32656.9970926707,45.4794520547945,Minor_Damage_And_Injuries,2,0.550877028489001,3,train
7813,2,0.503141110685375,76.77,80.53783044667279,14,37038.541445276496,48.4931506849315,Minor_Damage_And_Injuries,1,0.21838514244500498,2,train
9842,5,0.0230472338312019,76.8,53.8742023701003,18,34198.7569609193,13.37899543379,Significant_Damage_And_Fatalities,13,0.47370429138117603,2,train
1652,4,0.0481186113732843,80.96,70.2370100273473,17,26274.692889461498,36.9406392694064,Minor_Damage_And_Injuries,1,0.357223945185719,4,train
2240,1,0.8265755756018192,77.68,47.7666362807658,15,22320.6999766371,34.429223744292194,Significant_Damage_And_Serious_Injuries,7,0.510848178867652,2,train
6458,4,0.0640250122208822,81.76,73.60984503190521,11,35227.837990626496,33.9269406392694,Highly_Fatal_And_Damaging,4,0.40590768121168397,1,train
12097,7,0.00166625715666245,77.39,61.850501367365595,15,21876.099922363,58.1278538812785,Significant_Damage_And_Fatalities,5,0.656538766678687,5,train
6246,5,0.0107697076079315,76.09,56.79124886052871,11,17731.5542769187,48.1735159817352,Minor_Damage_And_Injuries,7,0.40590768121168397,1,train
1913,3,0.19059343244646,80.4,67.0464904284412,12,38140.7981125223,43.01369863013699,Significant_Damage_And_Serious_Injuries,3,0.39148287053732395,3,train
11376,5,0.0185634424474068,82.82,53.8742023701003,7,28540.5531641214,59.5890410958904,Minor_Damage_And_Injuries,28,0.45603389830508395,2,train
5838,4,0.0845834601765373,78.29,73.746581586144,14,46688.72895675,23.7899543378995,Highly_Fatal_And_Damaging,25,0.36948503425892504,4,train
9451,4,0.0661081166338039,77.5,38.149498632634504,17,36350.8751542663,14.4748858447489,Significant_Damage_And_Fatalities,3,0.705583122971511,2,train
3334,4,0.0363976969306029,82.34,67.1376481312671,15,19233.650044192,45.4794520547945,Minor_Damage_And_Injuries,5,0.313228272628922,1,train
9670,5,0.0109511184797237,78.4,39.7447584320875,7,15196.443520096398,59.5890410958904,Minor_Damage_And_Injuries,20,0.584054093040028,3,train
3992,2,0.551419592392081,81.72,49.4074749316317,8,40580.5502390022,68.2648401826484,Highly_Fatal_And_Damaging,11,0.522748647673999,2,train
594,1,1.26276880923123,78.02,67.2743846855059,13,34480.663199033,51.8264840182648,Minor_Damage_And_Injuries,12,0.261298954201226,1,train
10061,1,0.9785787680736759,81.68,51.640838650866,15,26412.3256335554,33.1050228310502,Minor_Damage_And_Injuries,2,0.288345474215651,2,train
9713,4,0.0751284641453142,75.01,70.7839562443026,15,41259.8228090867,22.328767123287697,Highly_Fatal_And_Damaging,1,0.267790119004688,1,train
6752,3,0.109750715886031,78.58,83.54603463992709,14,22102.038543134102,25.9817351598173,Highly_Fatal_And_Damaging,7,0.19891164803461897,3,train
8739,2,0.3116315447563,76.12,82.13309024612579,8,23278.628894125497,69.77168949771689,Minor_Damage_And_Injuries,6,0.18845366029570798,1,train
8436,2,0.42119920908520103,76.69,80.4010938924339,19,31177.118013451898,42.4657534246575,Significant_Damage_And_Fatalities,9,0.243628561125135,2,train
9933,1,1.41399626399471,83.73,65.31449407474929,20,38399.455104896,2.64840182648402,Highly_Fatal_And_Damaging,0,0.272838802740714,2,train
4497,6,0.00736692430030834,80.53,61.2579762989973,18,29365.0114975677,22.2831050228311,Significant_Damage_And_Serious_Injuries,10,0.5703505228993871,1,train
8631,3,0.17069849613110996,77.11,67.31996353691889,10,34501.86147776,48.7214611872146,Significant_Damage_And_Serious_Injuries,2,0.37236999639379703,1,train
7198,2,0.347298540906663,80.79,76.4813126709207,16,25688.520495908302,41.8264840182648,Minor_Damage_And_Injuries,5,0.3352261089073211,3,train
12468,2,0.576823927713424,79.79,92.3883318140383,7,42650.426860511,59.4063926940639,Highly_Fatal_And_Damaging,6,0.18520807789397797,3,train
6590,2,0.36446300953970096,81.53,85.5970829535096,10,26993.9576251546,61.41552511415521,Minor_Damage_And_Injuries,9,0.306737107825459,4,train
2330,3,0.251509930289586,81.23,82.3609845031905,8,50545.07022570231,43.0593607305936,Highly_Fatal_And_Damaging,1,0.18556869816083602,3,train
2079,5,0.0151500193569589,79.13,38.787602552415706,10,23022.090259150697,48.3561643835616,Minor_Damage_And_Injuries,13,0.7405632888568342,1,train
12062,2,0.6191857633807429,77.5,69.4165907019143,6,45645.51500504519,76.62100456620999,Minor_Damage_And_Injuries,21,0.37597619906238705,1,train
4879,7,0.0037904672809397104,77.59,74.52142206016408,12,41724.5687249952,42.100456621004604,Significant_Damage_And_Serious_Injuries,2,0.402301478543094,0,train
5032,1,0.8744772703987859,78.49,47.9033728350046,17,23858.6109176729,25.251141552511395,Minor_Damage_And_Injuries,13,0.42934799855751904,1,train
787,2,0.5106337660714121,79.22,57.7028258887876,15,37925.700213399105,45.0228310502283,Minor_Damage_And_Injuries,3,0.416005048683736,0,train
486,7,0.0022271417831696,79.58,66.8185961713765,15,24122.8234182072,19.9086757990868,Highly_Fatal_And_Damaging,0,0.5371734583483591,3,train
3159,3,0.190936989659089,75.01,68.7784867821331,15,38277.0201603213,34.474885844748805,Significant_Damage_And_Serious_Injuries,2,0.276084385142445,1,train
6375,7,0.00124424510969441,82.11,72.151321786691,7,13224.335516405401,51.0502283105023,Highly_Fatal_And_Damaging,0,0.32368626036783194,3,train
4259,4,0.0693300746864775,77.42,67.7301731996354,16,38050.786955545496,16.8036529680365,Highly_Fatal_And_Damaging,9,0.449903353768481,1,train
6717,3,0.129039751153255,76.77,60.027347310847794,19,26116.1340059494,20.5022831050228,Significant_Damage_And_Serious_Injuries,14,0.30854020915975394,2,train
9771,4,0.0823793731710981,78.49,72.0145852324522,13,44362.5365040698,27.305936073059396,Highly_Fatal_And_Damaging,1,0.32116191849982,1,train
521,3,0.17431718520832598,77.44,55.0592525068368,17,35098.2780197552,39.634703196347,Highly_Fatal_And_Damaging,6,0.317555715831229,3,train
7358,6,0.008917266769996341,79.84,64.767547857794,5,36722.333573037096,74.6575342465753,Minor_Damage_And_Injuries,8,0.27969058781103495,2,train
6065,2,0.35682265469168,77.18,76.29899726526891,10,26328.7717447473,59.77168949771689,Minor_Damage_And_Injuries,5,0.32152253876667897,3,train
2683,1,1.2036414840358702,77.74,39.7903372835005,15,32718.3677403417,20.8219178082192,Significant_Damage_And_Fatalities,2,0.577923548503426,1,train
3253,2,0.6065916954390029,84.54,64.5852324521422,11,44574.062723115196,56.9406392694064,Minor_Damage_And_Injuries,39,0.414923187883159,1,train
3099,4,0.0590167173353565,82.64,81.9051959890611,11,32185.6984169855,45.79908675799089,Significant_Damage_And_Serious_Injuries,2,0.33811107104219196,2,train
8225,4,0.0714750024770554,79.69,67.00091157702829,21,39215.0592883377,12.648401826484001,Significant_Damage_And_Serious_Injuries,4,0.504717634331049,2,train