Accident_ID,Accident_Type_Code,Adverse_Weather_Metric,Cabin_Temperature,Control_Metric,Days_Since_Inspection,Max_Elevation,Safety_Score,Severity,Total_Safety_Complaints,Turbulence_In_gforces,Violations,source
7719,2,0.587649264666186,81.26,61.9416590701914,12,43203.9825103468,53.9269406392694,Minor_Damage_And_Injuries,8,0.448100252434187,5,train
966,2,0.456318241492659,78.02,77.1649954421149,13,33791.6194215827,50.22831050228311,Minor_Damage_And_Injuries,12,0.240743598990263,3,train
11018,5,0.0209494069398641,75.4,72.105742935278,11,30312.6031560311,47.2146118721461,Significant_Damage_And_Serious_Injuries,4,0.38030364226469504,2,train
5348,3,0.24091041469702698,78.47,79.8997265268915,11,48812.5044221945,47.5342465753425,Significant_Damage_And_Serious_Injuries,9,0.29555787955283,2,train
3117,5,0.0139893150588248,78.37,21.1485870556062,15,20326.143262253798,34.0182648401826,Minor_Damage_And_Injuries,0,0.882647673999279,3,train
3130,7,0.00230766799205518,88.27,60.847766636280795,13,26017.6846879558,62.054794520547894,Significant_Damage_And_Fatalities,20,0.362272628921745,3,train
12429,3,0.147352118771716,79.03,50.091157702825896,11,29407.405365507202,58.0365296803653,Highly_Fatal_And_Damaging,2,0.7546274792643342,3,train
984,4,0.0453323988881035,79.31,56.426618049225205,10,24779.9234269846,37.077625570776206,Significant_Damage_And_Fatalities,1,0.324407500901551,1,train
4696,2,0.47532266563794395,77.71,70.510483135825,7,35121.8584149202,71.324200913242,Minor_Damage_And_Injuries,20,0.439805986296429,2,train
3993,5,0.0216476009652135,78.58,74.74931631722879,14,33036.6523319837,23.150684931506802,Highly_Fatal_And_Damaging,7,0.24795600432744297,3,train
10348,3,0.163604816192789,84.8,78.07657247037379,9,32746.1554861564,52.283105022831,Significant_Damage_And_Serious_Injuries,14,0.341356653443924,2,train
1550,3,0.159335323690078,77.59,75.70647219690059,8,31974.0624100752,46.9406392694064,Highly_Fatal_And_Damaging,6,0.39761341507392695,3,train
9267,3,0.118532326369117,79.83,63.6736554238833,9,23570.7799761552,53.9269406392694,Highly_Fatal_And_Damaging,1,0.30168842408943397,0,train
11588,6,0.0075034789920839905,79.7,68.3226982680037,12,30423.7249691533,32.3744292237443,Highly_Fatal_And_Damaging,1,0.134,3,train
6513,7,0.0037914882170522702,78.84,60.5287146763902,16,46936.7683880644,54.109589041095894,Significant_Damage_And_Fatalities,4,0.491014064190407,4,train
6802,4,0.0753117470472317,85.02,61.0300820419326,15,41118.8206454296,22.648401826483997,Highly_Fatal_And_Damaging,25,0.298803461954562,3,train
2489,5,0.0224161065100833,78.46,55.1048313582498,11,32028.742081542598,33.9269406392694,Significant_Damage_And_Fatalities,1,0.309261449693473,0,train
7993,2,0.438778571303419,81.26,70.0091157702826,11,32421.108118941,36.164383561643795,Highly_Fatal_And_Damaging,1,0.211893977641543,2,train
10484,6,0.00851993296409385,78.37,39.8814949863264,8,37308.5865884339,42.9680365296804,Significant_Damage_And_Fatalities,0,0.584414713306888,3,train
3699,2,0.41108465023628704,79.84,78.4867821330902,19,30206.164567377204,8.53881278538813,Highly_Fatal_And_Damaging,9,0.29159105661738105,2,train
6831,1,1.1552268393620801,81.98,67.7757520510483,12,31436.3335417983,53.150684931506795,Minor_Damage_And_Injuries,7,0.37489433826181,3,train
7724,2,0.343448656781249,78.05,65.2689152233364,15,25276.601715896602,44.337899543379,Minor_Damage_And_Injuries,9,0.27788748647674,1,train
3367,4,0.0525850364388885,81.86,66.1349134001823,9,29322.7881463054,43.4246575342466,Highly_Fatal_And_Damaging,2,0.375615578795528,3,train
5581,3,0.16370405083918801,77.33,51.0938924339107,14,32986.7833036824,36.8493150684931,Significant_Damage_And_Serious_Injuries,4,0.575759826902272,3,train
2603,2,0.69735889274579,76.56,63.6736554238833,11,51846.7692000809,33.0593607305936,Highly_Fatal_And_Damaging,11,0.32116191849982,0,train
9549,6,0.00899665664391278,81.26,67.1376481312671,15,35985.1193586182,45.0228310502283,Minor_Damage_And_Injuries,8,0.385352326000721,1,train
9298,6,0.0122327246872577,80.55,82.3154056517776,13,53915.3329941275,29.041095890411,Highly_Fatal_And_Damaging,0,0.18448683736025895,1,train
8605,4,0.0480920835357794,81.61,92.3883318140383,15,26227.6235708084,22.237442922374395,Highly_Fatal_And_Damaging,12,0.225597547782185,2,train
11664,3,0.07446727623579401,89.19,76.8915223336372,14,14274.0590139556,25.251141552511395,Highly_Fatal_And_Damaging,5,0.38174612333213104,3,train
4137,4,0.06247188790261099,81.48,54.4667274384686,18,33896.0232636711,10.0456621004566,Significant_Damage_And_Fatalities,9,0.35758456545257894,2,train
6034,3,0.11501936826429901,79.01,75.7976298997265,20,23072.3623038096,5.75342465753425,Highly_Fatal_And_Damaging,2,0.29591849981969,2,train
7457,3,0.20847582305067103,78.75,77.3473108477666,19,41696.2616017663,20.8675799086758,Significant_Damage_And_Serious_Injuries,2,0.465049404976559,4,train
614,1,1.32920921097437,83.56,56.6545123062899,16,36463.5453790652,40.9132420091324,Minor_Damage_And_Injuries,23,0.7174835917778578,2,train
7904,2,0.650803040016768,76.49,60.1640838650866,11,49056.75107570559,34.474885844748805,Highly_Fatal_And_Damaging,0,0.313228272628922,2,train
10438,4,0.0277814772558509,78.96,84.7310847766636,9,14957.1522640326,41.0502283105023,Highly_Fatal_And_Damaging,1,0.276805625676163,1,train
2604,4,0.0479837060862173,83.57,49.6809480401094,10,26005.3229868944,38.767123287671204,Significant_Damage_And_Fatalities,2,0.465049404976559,2,train
11551,4,0.0688847896387925,78.86,58.933454876937105,15,37550.3987735086,33.287671232876704,Significant_Damage_And_Serious_Injuries,4,0.399055896141363,1,train
1790,7,0.00357029085541371,77.08,32.4521422060164,12,37852.9381954139,30.1369863013699,Significant_Damage_And_Fatalities,2,0.7178442120447159,3,train
242,3,0.202036111336748,83.96,71.05742935278029,11,40726.4496920452,45.7534246575342,Significant_Damage_And_Serious_Injuries,29,0.316473855030653,2,train
1262,4,0.0685286480879056,83.58,48.31358249772101,12,37386.7912712908,32.557077625570805,Significant_Damage_And_Fatalities,0,0.6731272989542011,1,train
10715,7,0.00230004418283243,80.03,66.3172288058341,10,26000.016730785897,72.1004566210046,Significant_Damage_And_Fatalities,2,0.298803461954562,2,train
4870,4,0.0824157481424522,80.43,61.34913400182321,17,44419.3376204782,15.296803652967998,Highly_Fatal_And_Damaging,4,0.522748647673999,3,train
3695,6,0.011542089047514,77.11,67.31996353691889,10,46514.6404659398,49.178082191780796,Significant_Damage_And_Serious_Injuries,0,0.37236999639379703,1,train
3552,4,0.0735227854053321,78.72,59.2980856882407,16,40142.0806841499,17.5799086757991,Highly_Fatal_And_Damaging,2,0.39148287053732395,3,train
2734,2,0.518441261968944,79.98,84.1385597082954,16,38436.403499258,41.5525114155251,Minor_Damage_And_Injuries,4,0.19278110349801603,2,train
4313,1,1.4435309546179598,79.08,67.4111212397448,11,39352.599729106,45.7077625570776,Significant_Damage_And_Serious_Injuries,9,0.24543166245943,2,train
163,4,0.0528505428278382,83.72,52.461257976299,15,28716.275457879103,33.1050228310502,Minor_Damage_And_Injuries,3,0.40735016227912,2,train
2800,3,0.16242777702146602,77.83,44.3938012762078,22,32613.933789019102,30.0913242009132,Highly_Fatal_And_Damaging,0,0.5209455463397039,2,train
10765,4,0.0713789477305042,84.41,63.76481312670921,7,39157.259381573196,49.5890410958904,Highly_Fatal_And_Damaging,7,0.306737107825459,2,train
9297,4,0.0623374264236487,80.16,47.0373746581586,19,34001.7261707233,30.593607305936104,Minor_Damage_And_Injuries,4,0.6038882077172739,3,train
2618,7,0.0020379019154994397,81.53,75.8432087511395,15,22214.445458565402,45.0228310502283,Minor_Damage_And_Injuries,1,0.298803461954562,3,train
11947,1,1.2129640235634098,78.29,58.4776663628077,12,32621.5261592713,33.0593607305936,Highly_Fatal_And_Damaging,9,0.47839235485034204,3,train
4756,5,0.0242980020658561,83.28,56.7000911577028,3,35903.2114970254,81.1415525114155,Highly_Fatal_And_Damaging,3,0.5425827623512439,2,train
10884,3,0.190936989659089,78.52,48.9061075660894,14,38304.3259164758,36.027397260274,Significant_Damage_And_Serious_Injuries,3,0.662308690948431,2,train
4322,4,0.08921910762285198,81.14,47.9033728350046,18,47946.3125870917,12.1004566210046,Significant_Damage_And_Fatalities,7,0.514093761269383,2,train
9474,6,0.00892827044876468,82.36,56.1531449407475,12,35167.1709289219,43.3333333333333,Minor_Damage_And_Injuries,9,0.453509556437072,1,train
8731,6,0.00827229496862864,77.53,56.1531449407475,13,33718.2786869177,39.3607305936073,Minor_Damage_And_Injuries,0,0.37236999639379703,3,train
8261,2,0.488383082664174,81.82,60.80218778486779,16,36145.9394669139,19.6803652968037,Highly_Fatal_And_Damaging,5,0.264183916336098,1,train
10759,1,0.747757022448862,80.79,53.8742023701003,7,20241.6205619461,45.0228310502283,Significant_Damage_And_Fatalities,17,0.43619978362784007,3,train
2312,6,0.00831707573304156,81.55,72.4247948951687,11,36551.1605068481,48.1278538812785,Significant_Damage_And_Serious_Injuries,2,0.30709772809231894,1,train
4180,1,1.9079256458467,84.82,64.17502278942571,8,51010.5063788741,80.4566210045662,Significant_Damage_And_Fatalities,0,0.273199423007573,4,train
5730,2,0.382453188083348,80.83,68.4594348222425,11,28213.4276195929,57.9908675799087,Minor_Damage_And_Injuries,18,0.388958528669311,0,train
8617,1,1.06763304103432,79.47,79.03372835004559,16,28955.3468267006,17.442922374429198,Highly_Fatal_And_Damaging,2,0.34243851424450106,1,train
2837,5,0.0303240089034753,81.92,62.5341841385597,17,43672.618013085696,48.6301369863014,Significant_Damage_And_Fatalities,1,0.339914172376487,2,train
4841,4,0.0847717786435794,83.72,46.080218778486795,9,46283.822889586394,40.7762557077626,Significant_Damage_And_Fatalities,7,0.5458283447529749,2,train
10058,4,0.0674726358380376,78.31,56.563354603464,12,36601.5952977368,32.1461187214612,Significant_Damage_And_Fatalities,17,0.505078254597908,2,train
11331,3,0.18927904197012,79.03,54.056517775752106,11,38078.9002634437,69.8630136986301,Highly_Fatal_And_Damaging,5,0.6724060584204828,1,train
12183,6,0.00679996054074441,82.96,56.8368277119417,20,27420.827392811098,27.2602739726027,Highly_Fatal_And_Damaging,6,0.786362062747926,1,train
4819,4,0.0675554068466956,79.41,63.9927073837739,14,36968.463216926604,24.383561643835602,Highly_Fatal_And_Damaging,0,0.45603389830508395,3,train
1782,1,1.0889628054204499,79.28,53.919781221513205,10,29433.300719752202,39.406392694063896,Significant_Damage_And_Fatalities,8,0.620837360259647,2,train
4821,4,0.0653181121306263,84.03,59.6171376481313,7,35803.9837737331,48.675799086758005,Highly_Fatal_And_Damaging,2,0.284739271547061,2,train
11074,3,0.22285938743790698,76.52,43.072014585232495,17,44977.6137603199,35.4794520547945,Highly_Fatal_And_Damaging,8,0.508323836999639,3,train
12132,3,0.147316875425451,76.64,81.4038286235187,16,29575.3516590254,31.0958904109589,Significant_Damage_And_Serious_Injuries,3,0.24218608005769898,3,train
570,1,0.747757022448862,77.79,61.2579762989973,10,20142.4706831629,38.4474885844749,Highly_Fatal_And_Damaging,8,0.36083014785430895,1,train
12355,4,0.0645381425247153,87.51,68.7784867821331,12,34859.8063971959,31.9178082191781,Highly_Fatal_And_Damaging,17,0.399777136675081,2,train
11746,3,0.163023626452417,80.53,61.6681859617138,13,32874.2637561158,38.584474885844706,Significant_Damage_And_Serious_Injuries,9,0.37128813559322,1,train
121,3,0.200329336130819,83.04,57.520510483135794,5,40485.8932005406,75.296803652968,Minor_Damage_And_Injuries,4,0.401580238009376,2,train
577,1,1.6059823083827098,77.6,99.95442114858709,9,43705.3307750869,42.8310502283105,Highly_Fatal_And_Damaging,3,0.210812116840966,3,train
1028,6,0.00964423065045325,79.77,64.35733819507749,13,38081.2358451794,27.1689497716895,Highly_Fatal_And_Damaging,7,0.44413342949873796,1,train
10286,7,0.0023244458703826198,86.47,56.7000911577028,9,26493.6569248442,73.1050228310502,Significant_Damage_And_Serious_Injuries,2,0.5425827623512439,2,train
793,7,0.00223908837002849,78.53,76.8003646308113,12,24720.9693935259,31.1415525114155,Highly_Fatal_And_Damaging,5,0.38030364226469504,3,train
5562,4,0.0784761948795453,78.09,63.90154968094811,14,42659.8379450798,23.424657534246602,Highly_Fatal_And_Damaging,0,0.28762423368193296,1,train
2387,4,0.0865139983925863,82.39,58.4320875113947,15,47640.9683428423,20.3196347031963,Highly_Fatal_And_Damaging,26,0.463246303642264,3,train
8618,1,0.9396027036645359,87.27,74.88605287146758,11,25778.591931007202,57.899543378995396,Minor_Damage_And_Injuries,0,0.325489361702128,4,train
8948,2,0.35682265469168,79.31,71.7411121239745,11,26391.631688486497,58.401826484018294,Minor_Damage_And_Injuries,4,0.362272628921745,2,train
9574,6,0.0100173907512994,77.09,60.57429352780311,12,38801.3690549755,44.657534246575295,Significant_Damage_And_Serious_Injuries,5,0.33883231157591,1,train
772,4,0.0735172155150491,76.45,66.0893345487694,17,40238.3320935957,13.789954337899498,Highly_Fatal_And_Damaging,3,0.269953840605842,1,train
6251,4,0.0685286480879056,77.66,50.136736554238794,13,37668.3694904578,30.1369863013699,Significant_Damage_And_Fatalities,0,0.484522899386945,3,train
11771,5,0.0158176935689754,80.62,65.587967183227,17,23102.257681542902,27.397260273972602,Significant_Damage_And_Serious_Injuries,0,0.414923187883159,2,train
774,6,0.00742835558885906,82.93,64.7219690063811,20,28976.8387515777,2.64840182648402,Highly_Fatal_And_Damaging,12,0.24218608005769898,2,train
6689,5,0.0185634424474068,77.48,54.4667274384686,7,27070.538031905096,58.4474885844749,Minor_Damage_And_Injuries,0,0.45459141723764895,1,train
6299,7,0.0038918509197929,82.26,71.64995442114859,9,46726.1664377831,78.675799086758,Significant_Damage_And_Fatalities,0,0.243989181391994,1,train
11003,4,0.0604039658593619,81.78,49.31631722880589,15,32880.6733545334,22.7853881278539,Significant_Damage_And_Fatalities,1,0.30204904435629304,2,train
7848,4,0.0621354412786752,78.16,58.5232452142206,14,34128.1254562718,24.8858447488584,Highly_Fatal_And_Damaging,19,0.3932859718716189,1,train
2717,4,0.0408942878895581,75.35,67.31996353691889,14,22544.981456830497,37.85388127853879,Significant_Damage_And_Serious_Injuries,8,0.41564442841687704,1,train
4848,4,0.0670251454671363,76.05,62.944393801276206,15,36624.2796276571,22.922374429223698,Highly_Fatal_And_Damaging,1,0.556286332491886,3,train
4905,4,0.0452453456509353,82.99,59.845031905196,15,24854.1018365485,20.5479452054795,Highly_Fatal_And_Damaging,32,0.269953840605842,4,train
8124,4,0.0490861678801767,77.25,51.777575205104796,10,26972.5039664084,37.5342465753425,Significant_Damage_And_Fatalities,6,0.46613126577713604,2,train
6532,3,0.111428701057596,79.84,78.0309936189608,17,22310.980056085697,14.8858447488584,Highly_Fatal_And_Damaging,0,0.34243851424450106,0,train
11544,2,0.6005853921204489,82.0,63.0811303555151,21,44363.1891191291,31.735159817351605,Significant_Damage_And_Fatalities,4,0.5631381175622071,2,train
9322,4,0.0686361610266386,79.85,71.4676390154968,11,37519.0138460733,33.8812785388128,Highly_Fatal_And_Damaging,14,0.37128813559322,2,train
11530,4,0.0506356835000303,80.5,63.810391978122205,15,27687.0184106358,21.2328767123288,Highly_Fatal_And_Damaging,0,0.33811107104219196,3,train
6091,4,0.065604908734878,77.69,51.276207839562396,13,35509.2285154196,28.4018264840183,Significant_Damage_And_Fatalities,6,0.507241976199062,2,train
3453,3,0.19098604741638797,80.27,65.4512306289882,16,38399.455104896,18.4931506849315,Highly_Fatal_And_Damaging,12,0.274641904075009,1,train
8375,1,0.9785787680736759,76.74,53.919781221513205,15,26412.3256335554,20.5479452054795,Significant_Damage_And_Fatalities,1,0.300967183555716,2,train
576,4,0.0397720627256488,79.27,76.02552415679129,18,21762.5037953773,13.698630136986301,Highly_Fatal_And_Damaging,1,0.38823728813559294,1,train
9428,4,0.0486177274388598,78.77,72.151321786691,6,26241.667986228902,50.7305936073059,Highly_Fatal_And_Damaging,3,0.35866642625315504,2,train
8003,4,0.0633223123824082,79.26,62.1695533272562,12,34328.0192022345,55.9817351598173,Minor_Damage_And_Injuries,12,0.317916336098088,1,train
11295,4,0.0290802124759881,79.6,60.7110300820419,11,16039.4043850768,68.49315068493149,Significant_Damage_And_Fatalities,0,0.496423368193292,2,train
1847,4,0.0744031240416435,81.58,55.788514129443904,15,40212.040303841,22.7397260273973,Significant_Damage_And_Fatalities,1,0.309261449693473,2,train
5070,2,0.436714350501206,83.28,56.973564266180496,14,32272.8250191819,47.899543378995396,Highly_Fatal_And_Damaging,3,0.5425827623512439,3,train
1429,7,0.00277874039577012,80.45,73.0173199635369,15,29454.471556176803,57.077625570776206,Significant_Damage_And_Fatalities,0,0.29591849981969,4,train
131,6,0.0127192033069789,86.94,87.46581586144029,14,51862.7961315608,37.077625570776206,Significant_Damage_And_Serious_Injuries,24,0.302409664623152,2,train
4451,1,1.62466774612099,80.68,80.2643573381951,13,43754.1786822181,62.328767123287705,Significant_Damage_And_Fatalities,5,0.45278831590335294,4,train
3293,4,0.0705271027139023,77.98,59.57155879671829,9,38281.2923716348,63.972602739726,Minor_Damage_And_Injuries,0,0.46108258204110997,0,train
11818,1,1.28056792439571,77.46,45.1686417502279,11,34595.3633432901,36.2557077625571,Significant_Damage_And_Fatalities,5,0.476228633249188,2,train
32,3,0.105891316867506,79.15,52.3245214220602,13,21369.8130817081,38.401826484018294,Minor_Damage_And_Injuries,7,0.254447169130905,0,train
7507,3,0.18289921890234803,78.12,70.9206927985415,19,36662.2802611695,20.045662100456603,Significant_Damage_And_Serious_Injuries,15,0.293754778218536,3,train
9872,5,0.00868877979364907,77.25,39.8814949863264,10,10393.0547497419,50.22831050228311,Minor_Damage_And_Injuries,1,0.538615939415795,2,train
2282,7,0.0038918509197929,79.89,73.0173199635369,21,42912.5244287391,21.735159817351605,Minor_Damage_And_Injuries,4,0.34027479264334604,1,train
6638,4,0.0566664273024785,77.29,69.1431175934367,16,31224.5282436972,19.589041095890398,Highly_Fatal_And_Damaging,0,0.282575549945907,2,train
545,3,0.128632296654614,82.2,87.5569735642662,12,25712.689152337996,31.0958904109589,Highly_Fatal_And_Damaging,5,0.181241254958529,2,train
7527,3,0.10271429105141999,79.07,87.46581586144029,15,20487.8674821751,34.5205479452055,Significant_Damage_And_Serious_Injuries,2,0.372009376126938,1,train
5215,7,0.0038640515777902205,86.52,32.7256153144941,6,43696.8024313571,87.48858447488578,Significant_Damage_And_Serious_Injuries,16,0.5634987378290661,4,train
12321,3,0.20335084088694502,81.3,71.1030082041933,19,41232.8372944868,18.949771689497698,Significant_Damage_And_Serious_Injuries,15,0.35542084385142403,3,train
2070,6,0.008608154830671141,86.47,93.48222424794892,11,34581.680402298996,68.7214611872146,Significant_Damage_And_Fatalities,15,0.27788748647674,2,train
4999,6,0.008176606091522421,78.6,100.0,8,32088.979250442797,56.7579908675799,Significant_Damage_And_Serious_Injuries,4,0.21441831950955603,1,train
262,5,0.0167112795961212,76.04,69.2342752962625,17,25598.804538292003,27.1689497716895,Significant_Damage_And_Serious_Injuries,6,0.246874143526866,0,train
10850,3,0.19399576228932,81.38,85.6882406563355,8,39207.1676150761,56.1643835616438,Significant_Damage_And_Serious_Injuries,4,0.151670393076091,3,train
7306,3,0.109750715886031,76.12,69.5533272561531,13,22217.6763652911,38.584474885844706,Significant_Damage_And_Serious_Injuries,6,0.31214641182834496,1,train
1546,3,0.10200562169189802,88.57,76.5268915223336,16,20524.261656695802,19.1780821917808,Highly_Fatal_And_Damaging,20,0.298803461954562,2,train
5179,4,0.0705595833499785,76.04,37.967183226982705,17,38684.4373179293,48.6301369863014,Significant_Damage_And_Fatalities,13,0.571432383699964,1,train
12137,1,0.813088558799784,81.53,84.04740200546951,11,22036.1723032917,47.9908675799087,Significant_Damage_And_Serious_Injuries,1,0.27031446087270106,3,train
2482,1,1.22329525541161,78.33,58.933454876937105,8,33179.916004662795,80.958904109589,Significant_Damage_And_Fatalities,14,0.511208799134511,3,train
1785,1,1.21429210341827,77.36,78.07657247037379,18,32854.5589924577,23.6529680365297,Significant_Damage_And_Serious_Injuries,0,0.36768193292463,3,train
6258,6,0.00832357668308559,76.14,55.6061987237922,11,35760.9736156928,45.4794520547945,Minor_Damage_And_Injuries,35,0.72758095924991,3,train
11665,6,0.0100523656008629,78.7,70.4193254329991,20,38858.4503003868,1.14155251141552,Highly_Fatal_And_Damaging,9,0.19891164803461897,0,train
7464,1,0.894409699247168,77.1,74.61257976299,16,24200.372415075,19.1780821917808,Highly_Fatal_And_Damaging,6,0.20432095203750503,2,train
70,1,1.81855821625422,84.82,57.8851412944394,14,49722.5743419767,36.894977168949794,Significant_Damage_And_Serious_Injuries,5,0.350372160115398,2,train
4775,6,0.0102092534364529,76.56,73.1084776663628,15,38661.0770201153,32.648401826484,Significant_Damage_And_Serious_Injuries,13,0.317916336098088,2,train
3077,4,0.0599545335214721,82.43,71.8778486782133,13,33053.916313277005,28.721461187214604,Highly_Fatal_And_Damaging,0,0.409874504147133,1,train
7107,7,0.0038918509197929,78.63,65.8614402917047,14,46847.45838576,25.1141552511416,Highly_Fatal_And_Damaging,8,0.39184349080418296,3,train
3742,2,0.266623438582304,78.37,64.4940747493163,6,20083.325393226598,76.1187214611872,Minor_Damage_And_Injuries,23,0.37128813559322,2,train
9708,2,0.577778976533685,81.12,77.073837739289,11,42650.269140209704,57.71689497716889,Minor_Damage_And_Injuries,7,0.24290732059141698,2,train
9162,6,0.008633994577262391,84.03,72.97174111212401,6,36458.5802116072,100.0,Significant_Damage_And_Fatalities,17,0.363354489722322,2,train
919,2,0.45677163250864605,76.92,40.3372835004558,10,33751.1121700652,63.6529680365297,Highly_Fatal_And_Damaging,0,0.584414713306888,4,train
10174,4,0.0705271027139023,80.52,72.6526891522334,20,38630.4756847112,28.2191780821918,Minor_Damage_And_Injuries,22,0.35542084385142403,2,train
8693,1,1.3089708411532701,80.64,80.4466727438469,14,35522.814116210895,24.383561643835602,Highly_Fatal_And_Damaging,4,0.37597619906238705,2,train
829,7,0.0012985721361449699,84.38,60.7110300820419,11,831.6955534213299,68.49315068493149,Significant_Damage_And_Fatalities,0,0.368403173458348,3,train
7059,2,0.40308632064362293,76.96,73.746581586144,17,29821.782357109503,38.4474885844749,Minor_Damage_And_Injuries,6,0.352535881716553,2,train
6068,6,0.0100809469366386,88.71,66.9097538742024,13,38521.3038909916,40.091324200913206,Significant_Damage_And_Serious_Injuries,0,0.420332491886044,2,train
10734,7,0.00243360517719337,78.28,49.6809480401094,10,26005.3229868944,38.767123287671204,Significant_Damage_And_Fatalities,2,0.368403173458348,3,train
1788,5,0.0179458235336835,76.09,57.474931631722896,12,28287.9926044483,56.027397260274,Minor_Damage_And_Injuries,3,0.41672628921745397,3,train
8462,2,0.542971582342991,79.89,51.3673655423883,11,40177.3017762019,46.894977168949794,Minor_Damage_And_Injuries,1,0.480556076451497,3,train
10201,3,0.131340504997494,80.98,78.714676390155,10,26266.3679590952,50.50228310502279,Significant_Damage_And_Serious_Injuries,3,0.232088712585647,1,train
2171,7,0.00394519026872028,82.0,57.748404740200606,18,41187.0679632975,46.8493150684931,Significant_Damage_And_Fatalities,0,0.448100252434187,2,train
1878,6,0.007513309081906929,79.52,67.7301731996354,8,29471.702228180897,57.4885844748858,Significant_Damage_And_Serious_Injuries,3,0.25588965019834103,3,train
8560,2,0.45677163250864605,83.17,49.4074749316317,8,33490.6228695162,68.1278538812785,Highly_Fatal_And_Damaging,11,0.4567551388388029,1,train
11812,6,0.00841403580719407,76.66,47.2196900638104,18,36997.329884366,33.5616438356164,Highly_Fatal_And_Damaging,8,0.484522899386945,2,train
654,4,0.0570878909990524,82.49,88.1494986326345,13,31646.748436822596,28.630136986301398,Highly_Fatal_And_Damaging,0,0.20396033177064501,2,train
12260,7,0.00279373923729723,78.99,56.4721969006381,14,28162.0204173235,23.4703196347032,Significant_Damage_And_Fatalities,0,0.710992426974395,4,train
4763,4,0.0528874696253254,77.6,64.4940747493163,14,29091.2626956314,36.0730593607306,Significant_Damage_And_Serious_Injuries,2,0.50796321673278,1,train
7856,4,0.0435695366800226,77.62,55.788514129443904,10,24023.587745112403,49.5890410958904,Minor_Damage_And_Injuries,15,0.5029145329967539,1,train
4199,2,0.570660424199921,77.93,50.957155879671895,12,42036.965273558904,55.2511415525114,Minor_Damage_And_Injuries,2,0.507602596465921,3,train
11413,4,0.05298780403596,79.37,74.1567912488605,10,29026.3214989417,39.634703196347,Highly_Fatal_And_Damaging,4,0.388958528669311,2,train
8965,7,0.00299856698273019,85.4,72.3792160437557,14,34197.4538787785,60.5479452054795,Significant_Damage_And_Fatalities,30,0.38571294626758,0,train
4683,3,0.146834841957242,78.06,57.4293527803099,11,29407.405365507202,36.2557077625571,Highly_Fatal_And_Damaging,2,0.442690948431302,2,train
7829,6,0.0056956973289719205,80.79,76.0711030082042,12,21905.4945297104,43.01369863013699,Significant_Damage_And_Serious_Injuries,4,0.401940858276235,2,train
12241,1,0.879176919566217,79.42,79.62625341841391,20,23811.1848692756,29.7716894977169,Minor_Damage_And_Injuries,4,0.33378362783988397,0,train
3610,3,0.138546714150985,79.99,76.66362807657251,13,27827.8514266594,40.6392694063927,Significant_Damage_And_Serious_Injuries,1,0.281854309412189,3,train
11113,4,0.007273312783394371,76.66,86.9644484958979,17,10813.8493443795,26.4840182648402,Significant_Damage_And_Serious_Injuries,9,0.346405337179949,3,train
7786,5,0.0145494650084558,81.42,59.161349134001796,17,21701.2101990973,39.8173515981735,Minor_Damage_And_Injuries,0,0.484522899386945,2,train
3930,3,0.205286208938162,88.47,79.7629899726527,11,40757.3230112037,48.7214611872146,Significant_Damage_And_Serious_Injuries,2,0.29555787955283,1,train
10845,5,0.0200302301072619,80.62,66.0893345487694,12,30528.1424459409,31.6438356164384,Highly_Fatal_And_Damaging,3,0.405547060944825,3,train
12171,6,0.008360822678381409,81.27,73.83773928896991,12,34987.9832316897,41.1415525114155,Significant_Damage_And_Serious_Injuries,3,0.35686332491885997,3,train
4054,4,0.0299230513834068,80.13,71.2397447584321,20,16252.900892824098,27.2602739726027,Minor_Damage_And_Injuries,3,0.438002884962135,2,train
2847,6,0.00930781326945242,77.1,67.18322698268001,14,40101.9196560567,35.5251141552511,Significant_Damage_And_Serious_Injuries,11,0.27428128380815,2,train
83,1,1.3895795978568999,79.32,66.7274384685506,9,37933.3990008527,53.7899543378995,Highly_Fatal_And_Damaging,1,0.419971871619185,1,train
2361,2,0.5762014289405589,81.26,70.1002734731085,12,42371.6586881872,53.5616438356164,Minor_Damage_And_Injuries,15,0.425020555355211,2,train
7625,3,0.175707515440699,82.2,51.00273473108479,4,35387.6700736684,58.3561643835616,Highly_Fatal_And_Damaging,12,0.5642199783627839,1,train
10541,3,0.0578625828464421,76.4,64.6763901549681,13,12474.3600009115,38.767123287671204,Significant_Damage_And_Serious_Injuries,8,0.38823728813559294,2,train
11837,4,0.0803192879709049,80.43,69.0975387420237,11,43780.0739571033,34.0639269406393,Highly_Fatal_And_Damaging,6,0.460000721240533,3,train
5156,4,0.0619347693148817,83.17,48.5870556061987,6,33757.0053641767,62.6940639269406,Minor_Damage_And_Injuries,19,0.4185293905517489,1,train
3817,4,0.0636202109984061,85.26,51.276207839562396,11,34804.2208097873,36.2100456621005,Significant_Damage_And_Fatalities,13,0.42285683375405697,1,train
8893,7,0.00279628317028023,87.79,82.04193254329991,15,31810.9878005079,43.74429223744289,Minor_Damage_And_Injuries,5,0.31935881716552506,2,train