Accident_ID,Accident_Type_Code,Adverse_Weather_Metric,Cabin_Temperature,Control_Metric,Days_Since_Inspection,Max_Elevation,Safety_Score,Severity,Total_Safety_Complaints,Turbulence_In_gforces,Violations,source
11238,2,0.6285743195653721,78.5,67.86690975387421,13,45878.87959122151,63.1963470319635,Significant_Damage_And_Fatalities,8,0.34568409664623106,3,train
5616,1,1.59744114351771,81.74,54.649042844120295,15,44135.7042932746,31.735159817351605,Minor_Damage_And_Injuries,0,0.45603389830508395,3,train
5440,7,0.0044289702451501,83.5,70.60164083865091,16,54279.8866136332,50.273972602739704,Significant_Damage_And_Fatalities,0,0.36046952758745,1,train
705,2,0.513814376738229,78.79,54.2388331814038,9,37908.0818850219,65.79908675799089,Highly_Fatal_And_Damaging,15,0.462164442841687,3,train
4149,6,0.0067000798171221,78.54,67.31996353691889,10,27776.6103421415,49.178082191780796,Significant_Damage_And_Serious_Injuries,5,0.416005048683736,2,train
11776,2,0.533684621923382,79.39,52.3245214220602,17,39434.2561052846,38.4474885844749,Highly_Fatal_And_Damaging,9,0.42465993508835204,2,train
6399,5,0.0204097469183588,79.22,71.3764813126709,9,31149.0488689414,51.41552511415521,Significant_Damage_And_Serious_Injuries,4,0.22704002884962102,3,train
8680,2,0.46024803731340996,79.99,78.5323609845032,14,33844.098625145896,58.8584474885845,Significant_Damage_And_Fatalities,9,0.308900829426614,3,train
8801,2,0.302231914191802,79.03,48.5870556061987,14,22332.085688504198,25.296803652968002,Significant_Damage_And_Fatalities,0,0.641753335737468,2,train
11604,3,0.19246968315088298,77.02,69.73564266180489,19,38634.4918369471,18.675799086758,Significant_Damage_And_Serious_Injuries,8,0.329456184637577,1,train
6133,3,0.165002363929807,77.19,56.1531449407475,13,33315.568355075,38.7214611872146,Minor_Damage_And_Injuries,0,0.556646952758745,4,train
1107,6,0.00566677045077366,85.28,73.0628988149499,14,22199.1464356491,38.767123287671204,Significant_Damage_And_Serious_Injuries,0,0.20143598990263198,1,train
9350,1,1.7000268879320202,80.09,37.8304466727438,10,45255.700735690196,51.0502283105023,Minor_Damage_And_Injuries,0,0.605691309051569,3,train
2649,3,0.17151013393546302,80.41,71.1030082041933,19,34198.7569609193,20.045662100456603,Significant_Damage_And_Serious_Injuries,28,0.42213559322033894,1,train
4767,3,0.15173451332276003,81.18,47.2196900638104,15,30205.1411058189,32.648401826484,Minor_Damage_And_Injuries,7,0.40771078254597903,1,train
4289,4,0.058088147653132007,77.8,60.3463992707384,11,31624.1853039844,33.7442922374429,Highly_Fatal_And_Damaging,3,0.231728092318788,4,train
10671,3,0.088645927761521,84.8,63.5369188696445,13,17805.0105514426,50.22831050228311,Minor_Damage_And_Injuries,0,0.417808150018031,1,train
12155,7,0.00321479368160568,79.09,78.6235186873291,13,32690.625773518397,63.8812785388128,Significant_Damage_And_Fatalities,7,0.311064551027768,1,train
1604,5,0.0152285807431387,77.93,51.8231540565178,10,22131.7362773227,38.9041095890411,Significant_Damage_And_Fatalities,0,0.639950234403173,3,train
11013,7,0.0042445268454015,79.42,73.0173199635369,9,42049.7757475593,54.84018264840179,Significant_Damage_And_Serious_Injuries,40,0.46721312657771297,2,train
11350,2,0.533890828441657,78.91,48.8149498632635,14,39313.0059564466,60.1826484018265,Highly_Fatal_And_Damaging,22,0.6381471330688779,2,train
1026,3,0.128711312514445,81.46,52.871467639015506,18,25852.358199408198,44.20091324200911,Significant_Damage_And_Fatalities,1,0.328374323837,3,train
10330,2,0.30300731695565697,80.95,54.876937101185,15,22381.0528939519,44.4292237442922,Highly_Fatal_And_Damaging,8,0.30998269022719105,2,train
11442,2,0.47337143651023106,79.61,67.0464904284412,12,35004.0541195592,29.8630136986301,Highly_Fatal_And_Damaging,2,0.462885683375405,1,train
4930,5,0.0198897526403846,80.65,72.2880583409298,11,28923.9002638104,45.7534246575342,Significant_Damage_And_Serious_Injuries,29,0.215860800576992,1,train
1865,4,0.0656325412261426,79.61,66.9097538742024,13,35662.4808598967,27.8995433789954,Highly_Fatal_And_Damaging,5,0.35542084385142403,2,train
3716,1,1.2255432423531898,79.97,73.9288969917958,12,33218.1702466833,44.703196347032005,Significant_Damage_And_Serious_Injuries,4,0.335586729174179,4,train
5395,6,0.00955562241640058,78.31,83.59161349134,13,38642.6410744549,40.3196347031963,Significant_Damage_And_Serious_Injuries,9,0.255529029931482,0,train
3194,1,0.875036655691784,83.19,62.07839562443029,14,23728.3517080817,34.7488584474886,Significant_Damage_And_Serious_Injuries,4,0.49389902632527904,3,train
3611,7,0.00209293652588338,83.42,58.20419325433001,5,25173.328120510698,65.8904109589041,Significant_Damage_And_Serious_Injuries,2,0.526354850342589,3,train
1218,4,0.0405516045635434,78.08,76.7092069279854,15,22004.4704078618,43.7899543378995,Minor_Damage_And_Injuries,6,0.215500180310133,3,train
499,4,0.0373266614318475,77.75,50.86599817684589,14,20719.4930758841,26.2100456621005,Significant_Damage_And_Fatalities,7,0.527076090876307,2,train
6713,4,0.0423343749014067,79.6,75.25068368277121,20,23049.1459255511,27.4885844748858,Minor_Damage_And_Injuries,2,0.24290732059141698,0,train
10714,2,0.3911825356711121,81.43,62.306289881495,14,28957.808823458,47.9908675799087,Minor_Damage_And_Injuries,19,0.462164442841687,1,train
8971,3,0.0476009651917602,84.41,56.0164083865087,10,7330.43313913308,62.7853881278539,Highly_Fatal_And_Damaging,4,0.45603389830508395,3,train
8764,4,0.0416431368464319,87.0,50.7748404740201,11,22678.6809668713,35.0684931506849,Significant_Damage_And_Fatalities,7,0.5627774972953481,0,train
6536,1,1.1631821282771,76.74,61.34913400182321,17,31392.4428814713,15.159817351598198,Highly_Fatal_And_Damaging,22,0.263823296069239,0,train
9657,1,1.31926785422382,78.51,50.136736554238794,13,35861.4183500678,27.8082191780822,Significant_Damage_And_Fatalities,1,0.5764810674359899,2,train
1981,1,1.25721259834829,81.76,73.60984503190521,11,33951.855836534305,33.7899543378995,Highly_Fatal_And_Damaging,2,0.39472845293905495,4,train
1451,3,0.0899116479698208,77.53,91.3855970829535,9,18110.9171033295,53.74429223744289,Significant_Damage_And_Serious_Injuries,6,0.168980165885323,2,train
608,4,0.0643079310837254,82.43,82.3154056517776,13,35236.6318842485,29.1780821917808,Highly_Fatal_And_Damaging,4,0.17438946988820703,1,train
3504,4,0.0434717134034317,84.96,75.75205104831359,13,23459.1137230837,29.1324200913242,Highly_Fatal_And_Damaging,11,0.339192931842769,4,train
9145,2,0.429074922493588,82.25,54.056517775752106,11,31738.5463084419,68.9954337899543,Highly_Fatal_And_Damaging,10,0.605691309051569,1,train
6193,2,0.515462917300368,76.36,64.4940747493163,16,38079.8427477091,42.5114155251142,Minor_Damage_And_Injuries,0,0.354699603317706,3,train
752,6,0.00961789780026553,80.01,78.44120328167729,8,40413.038647419904,57.3972602739726,Significant_Damage_And_Serious_Injuries,16,0.276084385142445,2,train
3755,7,0.0030193846603351303,80.47,38.331814038286204,15,35769.9337769873,43.1963470319635,Highly_Fatal_And_Damaging,2,0.759315542733501,1,train
349,7,0.00136724003230083,81.04,64.0838650865998,9,15738.4878024104,55.0228310502283,Significant_Damage_And_Serious_Injuries,15,0.27788748647674,3,train
1379,2,0.650803040016768,82.22,58.7055606198724,16,48162.872289348205,40.4566210045662,Minor_Damage_And_Injuries,2,0.4145625676163,2,train
5685,1,1.0826987518548299,82.16,83.3637192342753,14,29715.391097543197,25.570776255707802,Highly_Fatal_And_Damaging,8,0.29555787955283,2,train
8131,7,0.00296137262935768,82.49,83.8195077484048,13,32693.577694673597,28.2191780821918,Highly_Fatal_And_Damaging,0,0.18520807789397797,2,train
7766,3,0.179246049162375,80.65,52.5524156791249,19,35892.7983397101,19.5433789954338,Minor_Damage_And_Injuries,5,0.6385077533357371,3,train
12114,1,0.972402662659163,80.81,58.38650865998179,13,26565.0475824998,50.365296803653,Minor_Damage_And_Injuries,5,0.416005048683736,2,train
1281,2,0.416258197098539,81.18,67.7301731996354,16,30757.5517000084,16.8036529680365,Highly_Fatal_And_Damaging,16,0.505078254597908,2,train
1484,4,0.0482410618460628,87.11,60.9845031905196,23,26418.0517976765,2.64840182648402,Highly_Fatal_And_Damaging,5,0.27536314460872696,1,train
3885,2,0.600082621498808,81.71,54.968094804010896,15,44363.1891191291,33.7899543378995,Minor_Damage_And_Injuries,2,0.372009376126938,1,train
11042,7,0.0028541965446328603,86.47,67.4111212397448,9,29171.211372128102,76.1187214611872,Significant_Damage_And_Fatalities,6,0.463246303642264,3,train
1683,3,0.19833600453073896,78.36,82.04193254329991,12,40088.6022764906,43.47031963470321,Significant_Damage_And_Serious_Injuries,3,0.31719509556437103,2,train
10246,5,0.0223033361226062,81.29,71.6955332725615,13,31424.3927488377,38.8584474885845,Significant_Damage_And_Serious_Injuries,23,0.205042192571222,2,train
3171,3,0.16129916257788002,79.4,69.91795806745671,11,32679.287055112003,47.1689497716895,Significant_Damage_And_Serious_Injuries,7,0.3492902993148211,0,train
673,1,0.771558067118472,77.56,45.5332725615314,16,20937.435215676698,16.4840182648402,Significant_Damage_And_Fatalities,16,0.49678398846015104,1,train
3654,1,1.23245464619173,79.61,68.4594348222425,13,33501.2328039891,50.7305936073059,Minor_Damage_And_Injuries,0,0.399777136675081,2,train
11099,4,0.0387908818557251,78.66,61.212397447584294,13,21330.2737940527,27.4885844748858,Highly_Fatal_And_Damaging,3,0.369124413992066,1,train
1510,3,0.16143027469441198,84.14,65.6335460346399,7,32578.594353098102,49.178082191780796,Highly_Fatal_And_Damaging,7,0.530682293544897,2,train
1697,6,0.00538399196490689,76.8,78.8969917958068,11,22834.1486913392,35.1598173515982,Highly_Fatal_And_Damaging,1,0.20576343310494002,3,train
4974,7,0.0033639069942974697,82.15,75.7976298997265,10,37242.7749066967,72.00913242009129,Significant_Damage_And_Fatalities,4,0.325849981968986,2,train
9425,7,0.0039729318398627,76.56,71.4676390154968,10,42910.638015723904,73.607305936073,Significant_Damage_And_Fatalities,19,0.388958528669311,1,train
10322,3,0.205700937392858,78.94,63.9927073837739,10,41385.3685846249,50.50228310502279,Significant_Damage_And_Serious_Injuries,2,0.24543166245943,2,train
5854,4,0.0419768073468294,76.0,70.5560619872379,18,22656.980469107002,12.9680365296804,Highly_Fatal_And_Damaging,2,0.324046880634692,2,train
8577,6,0.00811692898317286,84.94,41.6134913400182,14,30889.1456903206,36.62100456621,Minor_Damage_And_Injuries,5,0.558089433826181,2,train
2536,7,0.00356776833668411,79.81,68.5050136736554,17,37921.073992065,47.5342465753425,Significant_Damage_And_Fatalities,1,0.6381471330688779,4,train
2561,5,0.0257192489346566,76.41,67.6390154968095,15,39083.4123264333,56.4840182648402,Significant_Damage_And_Fatalities,0,0.507602596465921,2,train
8492,5,0.0128700652295364,81.42,63.5824977210575,17,19433.6327994899,38.0365296803653,Minor_Damage_And_Injuries,2,0.453509556437072,2,train
941,3,0.160120932295153,78.56,72.5615314494075,17,32099.6049465887,26.3013698630137,Significant_Damage_And_Serious_Injuries,26,0.38571294626758,2,train
11515,3,0.17922537652847503,82.49,75.8432087511395,8,36104.8569903325,78.2191780821918,Significant_Damage_And_Fatalities,1,0.342077893977641,1,train
10280,1,1.62444555920038,78.47,60.80218778486779,18,44135.7042932746,24.8401826484018,Minor_Damage_And_Injuries,2,0.47117994951316206,3,train
9211,2,0.599383374249098,84.87,53.96536007292621,13,44340.4415424806,26.392694063926896,Significant_Damage_And_Fatalities,22,0.434396682293545,2,train
1287,2,0.641936905014567,76.95,61.5314494074749,11,47324.952775232996,57.9908675799087,Minor_Damage_And_Injuries,0,0.41420194734944105,3,train
546,3,0.107173257715093,76.45,75.25068368277121,16,21862.3513750712,16.8036529680365,Highly_Fatal_And_Damaging,7,0.334865488640461,3,train
3590,7,0.0031758860473211,76.53,50.820419325432994,20,36290.2303566085,15.753424657534199,Minor_Damage_And_Injuries,23,0.49389902632527904,2,train
4628,3,0.115148815425775,81.55,52.68915223336371,11,23007.8887592863,47.4885844748858,Minor_Damage_And_Injuries,16,0.366960692390912,2,train
10973,4,0.0618935786043098,76.18,68.5050136736554,11,33944.6431410097,35.8904109589041,Highly_Fatal_And_Damaging,6,0.400498377208799,2,train
6583,2,0.607642842436207,76.94,69.8723792160438,19,44762.5045506306,41.689497716895,Significant_Damage_And_Fatalities,6,0.23100685178507,3,train
3663,1,0.804372516793261,78.67,52.82588878760261,8,21782.8175480912,44.611872146118706,Significant_Damage_And_Fatalities,12,0.366960692390912,3,train
10710,6,0.006788015161854379,79.54,97.7666362807658,14,28145.0409199558,47.1232876712329,Minor_Damage_And_Injuries,0,0.37092751532636103,4,train
2735,1,1.3002817826989,82.2,50.1823154056518,12,35415.675300555,56.027397260274,Highly_Fatal_And_Damaging,13,0.505799495131626,3,train
7659,7,0.00259978665309837,76.79,52.5524156791249,16,31087.6739161044,53.105022831050206,Significant_Damage_And_Serious_Injuries,3,0.39292535160476,3,train
2323,5,0.0247122141214261,78.64,90.154968094804,14,36834.7828425541,49.2237442922374,Minor_Damage_And_Injuries,4,0.300606563288856,2,train
12357,5,0.0239597925051858,80.47,45.8067456700091,15,36297.4081004407,45.388127853881294,Highly_Fatal_And_Damaging,2,0.668078615218175,3,train
6136,6,0.00997298902026605,77.77,88.0127620783956,14,42113.4954189783,37.671232876712295,Significant_Damage_And_Serious_Injuries,4,0.26670825820411104,0,train
6537,4,0.0621354412786752,79.73,65.4056517775752,11,34120.059024156,36.164383561643795,Highly_Fatal_And_Damaging,13,0.35325712225027,1,train
2347,6,0.00997298902026605,84.62,66.7730173199635,16,40669.4425991241,29.634703196346997,Significant_Damage_And_Serious_Injuries,3,0.35542084385142403,2,train
3502,3,0.16601023985890803,82.86,51.00273473108479,12,33020.6826803039,54.2922374429224,Significant_Damage_And_Serious_Injuries,6,0.7686916696718359,3,train
5626,2,0.67013217659738,78.22,69.5989061075661,10,49803.0831353689,61.3698630136986,Minor_Damage_And_Injuries,1,0.40807140281283794,1,train
4993,7,0.00173178063293489,78.67,66.9553327256153,9,20654.0788047055,75.662100456621,Significant_Damage_And_Fatalities,15,0.557368193292463,0,train
2716,2,0.32153784227771903,76.85,70.4193254329991,12,23642.1995766982,66.25570776255711,Significant_Damage_And_Fatalities,5,0.42177497295348,1,train
2745,3,0.20829681865897,80.67,68.64175022789429,15,41727.7322607161,33.1506849315068,Significant_Damage_And_Serious_Injuries,0,0.40482582041110704,4,train
5924,1,0.9051847038624209,88.78,71.1485870556062,9,24312.5763266109,41.780821917808204,Highly_Fatal_And_Damaging,1,0.516978723404255,2,train
568,6,0.008176606091522421,79.08,65.7247037374658,12,31076.1432081348,42.100456621004604,Significant_Damage_And_Serious_Injuries,12,0.267790119004688,1,train
5847,3,0.160120932295153,77.59,66.22607110300821,14,32158.99176163,36.8493150684931,Significant_Damage_And_Serious_Injuries,0,0.340996033177064,3,train
10665,5,0.0202077464979155,77.07,73.1084776663628,14,30693.402523639503,25.8904109589041,Highly_Fatal_And_Damaging,1,0.26815073927154703,4,train
849,6,0.0105252032379729,83.57,72.1969006381039,14,43914.0768249921,35.7077625570776,Significant_Damage_And_Serious_Injuries,15,0.527076090876307,1,train
4853,2,0.3592587112154339,79.22,54.2388331814038,9,26637.374687927,64.9315068493151,Highly_Fatal_And_Damaging,15,0.45891886043995594,1,train
9206,4,0.0375914964961934,81.25,78.07657247037379,11,20515.550387688,35.296803652968,Highly_Fatal_And_Damaging,4,0.25084096646231496,1,train
325,3,0.146661195079346,80.2,61.485870556062004,19,29589.385407665297,31.1872146118721,Minor_Damage_And_Injuries,4,0.45603389830508395,2,train
8770,1,1.10323463410754,78.06,57.520510483135794,11,29989.0265842119,33.972602739726,Highly_Fatal_And_Damaging,5,0.428626758023801,2,train
11259,4,0.0540647100858169,77.48,54.922515952598,9,29292.6903097503,39.8173515981735,Highly_Fatal_And_Damaging,2,0.38427046520014396,2,train
11998,6,0.00827687251883873,80.36,62.0328167730173,15,36364.5237921726,33.1506849315068,Significant_Damage_And_Serious_Injuries,2,0.368763793725207,3,train
3662,6,0.00530726146776463,80.06,61.7593436645397,16,21614.4889473999,31.1872146118721,Significant_Damage_And_Serious_Injuries,4,0.45603389830508395,3,train
5866,2,0.38175727714802205,78.2,78.5779398359162,9,28201.7353365839,64.5662100456621,Minor_Damage_And_Injuries,2,0.309622069960331,1,train
11835,1,1.1830452678624899,79.8,69.690063810392,14,32562.577235293702,49.4063926940639,Minor_Damage_And_Injuries,4,0.351454020915975,1,train
1932,7,0.00221636476307407,82.0,58.20419325433001,20,24371.5142179798,38.0365296803653,Significant_Damage_And_Fatalities,2,0.4145625676163,2,train
5260,6,0.00751256671759443,80.34,59.6171376481313,8,29574.7363905462,47.3059360730593,Highly_Fatal_And_Damaging,6,0.284739271547061,3,train
6686,3,0.22464036620227698,80.53,48.9516864175023,19,45290.8837505859,19.5433789954338,Minor_Damage_And_Injuries,12,0.590545257843491,2,train
9291,2,0.653900333012144,81.96,62.351868732907896,8,48274.055452493,69.7260273972603,Minor_Damage_And_Injuries,15,0.409513883880274,2,train
973,4,0.0532825062350489,78.53,78.1221513217867,12,28715.7080419414,30.593607305936104,Highly_Fatal_And_Damaging,0,0.276805625676163,2,train
1443,4,0.0966690299438388,78.22,56.19872379216039,14,51330.728192905895,23.013698630137,Highly_Fatal_And_Damaging,15,0.36263324918860396,2,train
226,7,0.00307977328659493,78.59,67.8213309024613,10,36315.727010331604,38.4474885844749,Highly_Fatal_And_Damaging,1,0.399055896141363,2,train
5926,3,0.16646731576656,79.28,65.6335460346399,12,33141.6107312539,44.9315068493151,Significant_Damage_And_Serious_Injuries,1,0.305294626758024,0,train
10716,2,0.680017846372208,77.28,39.8359161349134,12,49762.797061373894,56.52968036529679,Highly_Fatal_And_Damaging,4,0.676733501622791,3,train
1329,1,1.1470704674453,76.23,64.35733819507749,11,31106.678555533,33.972602739726,Highly_Fatal_And_Damaging,4,0.324046880634692,2,train
9989,7,0.00229414110951528,80.76,71.55879671832271,18,24905.0619902748,35.2511415525114,Minor_Damage_And_Injuries,0,0.42429931482149297,1,train
4984,2,0.477812895620068,78.7,81.4038286235187,18,35183.5773073215,24.703196347031998,Significant_Damage_And_Serious_Injuries,3,0.224876307248467,1,train
1047,4,0.0739977852573517,78.95,56.563354603464,19,40424.9322137671,31.8264840182648,Highly_Fatal_And_Damaging,9,0.695485755499459,2,train
10290,3,0.105814390731254,79.43,82.2242479489517,13,21156.477787046002,40.2283105022831,Significant_Damage_And_Serious_Injuries,2,0.23894049765596803,2,train
6819,2,0.20078756321220004,80.5,89.1978122151322,16,13945.5728661169,41.7351598173516,Minor_Damage_And_Injuries,0,0.31719509556437103,2,train
1452,7,0.0026777424402933,82.71,56.7000911577028,8,29654.872160627,68.2191780821918,Significant_Damage_And_Serious_Injuries,2,0.557007573025604,3,train
10673,7,0.00283987769225706,83.26,56.7456700091158,8,31143.0404321038,79.4977168949772,Significant_Damage_And_Serious_Injuries,13,0.45891886043995594,4,train
5905,7,0.00112346443655095,78.22,69.64448495897899,12,12798.705832638001,65.4337899543379,Significant_Damage_And_Fatalities,4,0.232449332852506,3,train
341,3,0.134224010429362,77.48,52.643573381950794,10,27182.921710058,39.13242009132421,Significant_Damage_And_Fatalities,1,0.38715542733501596,3,train
10723,4,0.0771509846485153,76.36,71.05742935278029,14,42483.5374360881,24.1095890410959,Highly_Fatal_And_Damaging,5,0.331980526505589,1,train
360,5,0.0282456403562167,81.8,63.90154968094811,20,42726.9586994413,29.5433789954338,Minor_Damage_And_Injuries,12,0.409874504147133,3,train
12037,3,0.16756358864324697,80.25,53.7374658158614,12,33608.556117485496,44.4292237442922,Minor_Damage_And_Injuries,3,0.312867652362062,2,train
3034,5,0.0281059369478195,78.38,79.03372835004559,13,42630.0016766009,40.7762557077626,Significant_Damage_And_Serious_Injuries,6,0.205402812838081,2,train
2059,3,0.23646452524774,78.62,53.600729261622604,13,47132.95710729981,40.2283105022831,Minor_Damage_And_Injuries,19,0.3932859718716189,3,train
11609,7,0.00129983141772071,80.23,58.0674567000912,13,15196.443520096398,41.3698630136986,Significant_Damage_And_Serious_Injuries,20,0.582611611972593,4,train
9589,2,0.488682348438616,83.71,58.7511394712853,10,36517.8760767438,62.1461187214612,Minor_Damage_And_Injuries,15,0.495702127659574,5,train
12400,2,0.225648056800934,78.79,49.772105742935295,9,17182.4727749403,65.662100456621,Significant_Damage_And_Serious_Injuries,20,0.4336754417598271,0,train
1893,5,0.0202962591321259,77.53,64.8131267092069,8,31387.7303250155,56.62100456620999,Significant_Damage_And_Serious_Injuries,2,0.365518211323476,2,train
7545,4,0.0697482164177026,79.45,59.7538742023701,15,37917.1797061165,34.2465753424658,Significant_Damage_And_Serious_Injuries,19,0.29483663901911306,2,train
3290,3,0.16255210220167401,78.92,80.08204193254329,18,32624.4911271595,23.3333333333333,Significant_Damage_And_Serious_Injuries,4,0.322965019834114,2,train
5309,6,0.00985570910807226,80.42,65.9981768459435,14,40424.9322137671,23.7899543378995,Highly_Fatal_And_Damaging,7,0.5209455463397039,3,train
11138,2,0.367490581778457,79.99,74.9772105742936,15,27206.7774652661,46.1187214611872,Minor_Damage_And_Injuries,24,0.281133068878471,2,train
10933,2,0.27230567324760196,77.82,70.3281677301732,10,19783.4713532385,60.0,Minor_Damage_And_Injuries,1,0.31863757663180603,2,train
3564,4,0.088524033837248,79.89,68.5961713764813,8,48388.150295775995,80.3196347031963,Significant_Damage_And_Fatalities,11,0.388958528669311,1,train
2732,7,0.00337829937705446,86.96,66.6818596171377,11,40160.7024034573,70.5022831050228,Significant_Damage_And_Fatalities,0,0.35325712225027,2,train
10087,6,0.00804897104676357,79.53,38.149498632634504,16,31006.5572504406,17.5799086757991,Significant_Damage_And_Fatalities,9,0.59090587811035,2,train
2932,4,0.0758299007487241,79.29,62.2607110300821,19,41851.1444604899,31.5981735159817,Minor_Damage_And_Injuries,3,0.42718427695636496,1,train
6158,4,0.0602230539580057,81.82,79.2160437556974,11,32806.2895663649,35.2511415525114,Highly_Fatal_And_Damaging,4,0.301327803822575,1,train
9052,1,1.1843343933899901,79.89,55.3783044667274,12,32028.742081542598,31.2328767123288,Significant_Damage_And_Fatalities,2,0.240382978723404,1,train
11751,2,0.736627401114748,75.05,70.1002734731085,12,61815.498289526506,53.4246575342466,Minor_Damage_And_Injuries,13,0.460361341507393,0,train
2481,4,0.0520472009284067,82.33,67.6390154968095,16,28356.813204319904,53.47031963470321,Significant_Damage_And_Fatalities,2,0.449542733501623,0,train
12448,4,0.0707412082678978,81.62,58.20419325433001,4,38242.1306477436,65.3424657534246,Highly_Fatal_And_Damaging,17,0.43619978362784007,1,train
1166,4,0.0463365072382216,85.1,59.799453053783104,9,24973.6836872682,42.8310502283105,Highly_Fatal_And_Damaging,0,0.474786152181753,3,train
9334,4,0.0755380401037781,80.47,71.8322698268004,13,41117.873724951,28.0365296803653,Highly_Fatal_And_Damaging,6,0.331980526505589,1,train
9853,3,0.203686644663722,77.24,57.0191431175934,13,40968.874304452795,40.9132420091324,Minor_Damage_And_Injuries,1,0.303852145690588,2,train
10095,2,0.39227281167258293,81.89,56.7456700091158,15,28957.808823458,44.4748858447489,Highly_Fatal_And_Damaging,7,0.487768481788677,1,train
154,4,0.027924193467896,77.39,49.179580674567006,14,14367.9657224963,25.8904109589041,Significant_Damage_And_Fatalities,2,0.51156941940137,3,train
4238,2,0.47877893631486496,79.47,75.25068368277121,12,35348.599583819,54.109589041095894,Minor_Damage_And_Injuries,6,0.288345474215651,4,train
9581,2,0.33659510505908197,78.32,70.6927985414767,8,24904.901831944502,56.62100456620999,Significant_Damage_And_Serious_Injuries,2,0.480556076451497,1,train
9493,3,0.12249842106420401,81.48,80.4466727438469,14,24377.0453612042,35.7077625570776,Significant_Damage_And_Serious_Injuries,8,0.31358889289578,2,train
6248,6,0.00955562241640058,78.23,32.7256153144941,16,38537.363408144905,53.105022831050206,Highly_Fatal_And_Damaging,0,0.6828640461593941,0,train
4680,4,0.065604908734878,82.81,59.024612579763,11,35634.894132916095,67.6712328767123,Significant_Damage_And_Fatalities,3,0.360108907320591,2,train
3413,2,0.27179825304253796,80.98,51.00273473108479,11,20134.1452289941,48.3561643835616,Minor_Damage_And_Injuries,13,0.538976559682654,3,train
7647,2,0.5343435115070689,79.09,72.33363719234279,15,39338.0906903955,46.1187214611872,Minor_Damage_And_Injuries,3,0.26815073927154703,2,train
954,1,1.16290206831625,77.5,38.149498632634504,17,31633.6906386513,14.4748858447489,Significant_Damage_And_Fatalities,5,0.556646952758745,4,train
4552,6,0.007513309081906929,81.53,87.46581586144029,13,29720.293822257,40.6392694063927,Significant_Damage_And_Serious_Injuries,2,0.372009376126938,3,train
2445,4,0.0785727187769532,80.55,67.5478577939836,17,42659.8379450798,24.383561643835602,Significant_Damage_And_Serious_Injuries,0,0.255168409664623,1,train
4351,4,0.0767512464095316,79.51,75.70647219690059,9,41432.748713901805,40.5479452054794,Highly_Fatal_And_Damaging,1,0.325849981968986,2,train
7228,4,0.0846928970724103,75.68,79.85414767547859,15,46463.2666747296,33.9269406392694,Significant_Damage_And_Serious_Injuries,1,0.215500180310133,3,train
10365,7,0.0035331392273821103,76.81,72.0145852324522,15,39338.0906903955,43.972602739726,Minor_Damage_And_Injuries,6,0.28762423368193296,2,train
10905,7,0.00380218078016251,78.09,76.5724703737466,19,41578.7169861032,42.100456621004604,Significant_Damage_And_Fatalities,0,0.3352261089073211,1,train
11187,1,0.7233556815504879,81.83,83.8195077484048,11,19352.8761801669,47.71689497716889,Significant_Damage_And_Serious_Injuries,0,0.203599711503786,3,train
3361,4,0.0542862669246763,81.8,45.3965360072927,8,29654.872160627,67.53424657534251,Significant_Damage_And_Serious_Injuries,2,0.47839235485034204,1,train
9680,7,0.00352723325482144,79.88,62.306289881495,12,38466.937091707005,66.25570776255711,Significant_Damage_And_Fatalities,5,0.314670753696357,2,train
1894,2,0.552348029450647,79.62,83.40929808568829,13,40745.7685865635,51.8264840182648,Minor_Damage_And_Injuries,12,0.265987017670393,3,train
5467,5,0.0295882262366942,85.4,48.222424794895204,14,45350.7603179123,49.36073059360729,Highly_Fatal_And_Damaging,6,0.516618103137396,3,train
5418,6,0.00794189349633051,77.21,50.5013673655424,12,32058.503196196,30.1826484018265,Significant_Damage_And_Fatalities,0,0.35686332491885997,3,train
9294,6,0.00609428775687228,82.03,66.9097538742024,10,24203.6895848125,49.2694063926941,Significant_Damage_And_Serious_Injuries,5,0.46432816444284203,2,train
9978,7,0.00397253120656083,83.34,73.0628988149499,10,42627.7631749649,50.50228310502279,Significant_Damage_And_Serious_Injuries,2,0.244349801658853,1,train
12162,4,0.0485064756050535,80.5,78.94257064721971,7,26453.276920390897,50.50228310502279,Highly_Fatal_And_Damaging,0,0.34388099531193606,2,train
7915,7,0.00228169437294458,81.99,66.6818596171377,11,26493.1345735652,68.49315068493149,Significant_Damage_And_Fatalities,1,0.308900829426614,3,train
2774,1,1.24933997725514,77.63,89.6080218778487,18,34124.337698238196,11.598173515981697,Highly_Fatal_And_Damaging,31,0.200354129102055,4,train
5447,3,0.225104799742964,77.89,50.1823154056518,14,45350.7603179123,47.4885844748858,Highly_Fatal_And_Damaging,8,0.5642199783627839,3,train
12311,1,0.998432424921525,77.24,58.0674567000912,13,26949.9557733894,51.232876712328796,Minor_Damage_And_Injuries,1,0.329456184637577,2,train
11634,2,0.67013217659738,75.98,33.682771194165895,6,49762.797061373894,63.4246575342466,Minor_Damage_And_Injuries,0,0.4145625676163,4,train