Accident_ID,Accident_Type_Code,Adverse_Weather_Metric,Cabin_Temperature,Control_Metric,Days_Since_Inspection,Max_Elevation,Safety_Score,Severity,Total_Safety_Complaints,Turbulence_In_gforces,Violations,source
11375,2,0.506953609449847,82.2,56.6545123062899,10,37581.571485695495,61.5068493150685,Highly_Fatal_And_Damaging,12,0.586939055174901,4,train
952,3,0.21702404758172897,81.8,62.7620783956244,14,43148.0017161796,36.894977168949794,Significant_Damage_And_Serious_Injuries,3,0.28149368914533,0,train
22,2,0.5069466404329221,77.59,69.91795806745671,15,37626.225581993,46.1187214611872,Minor_Damage_And_Injuries,13,0.40302271907681203,2,train
3985,6,0.00897850103346247,81.2,69.27985414767551,11,36790.500809401696,46.2100456621004,Significant_Damage_And_Serious_Injuries,1,0.30637648755860103,3,train
10026,7,0.0034477026932488,79.27,56.9279854147676,13,38818.4708957809,28.2191780821918,Significant_Damage_And_Fatalities,0,0.32224377930039694,2,train
4911,2,0.339951974566805,86.51,67.7757520510483,10,25377.6139205903,51.689497716895,Significant_Damage_And_Serious_Injuries,3,0.507602596465921,2,train
1916,3,0.15193198627823,80.78,75.47857793983592,16,30206.164567377204,18.949771689497698,Highly_Fatal_And_Damaging,3,0.22379444644789004,1,train
4435,5,0.0239138624241046,79.73,74.74931631722879,11,36131.6524441203,34.474885844748805,Highly_Fatal_And_Damaging,7,0.300606563288856,2,train
3417,4,0.0674837302135489,81.08,49.6353691886965,12,36789.6854758482,33.2420091324201,Significant_Damage_And_Fatalities,1,0.366960692390912,3,train
5748,6,0.0129833111717393,83.7,91.3855970829535,14,51312.928443232995,37.7625570776256,Significant_Damage_And_Serious_Injuries,0,0.15924341868013,4,train
77,2,0.596791289287252,79.22,54.2388331814038,10,44097.24315896651,62.55707762557079,Highly_Fatal_And_Damaging,18,0.377418680129823,0,train
4084,6,0.00747291862275318,83.53,57.520510483135794,10,29541.1841118771,48.310502283105,Significant_Damage_And_Serious_Injuries,4,0.43295420122610906,2,train
9812,5,0.0169084447733504,84.52,79.8997265268915,12,25377.6648055458,43.7899543378995,Significant_Damage_And_Serious_Injuries,0,0.24002235845654502,2,train
12212,2,0.349246882159703,77.83,68.3682771194166,10,25777.007144414198,60.136986301369895,Minor_Damage_And_Injuries,7,0.24110421925712197,2,train
12048,1,0.901972619496758,77.37,54.922515952598,12,24135.4433661131,31.735159817351605,Significant_Damage_And_Fatalities,15,0.487407861521817,3,train
10932,7,0.00271660416896328,81.76,75.38742023701,18,31108.8785742791,46.6666666666667,Significant_Damage_And_Fatalities,11,0.388597908402452,2,train
2687,1,0.6555001130072979,79.0,67.18322698268001,9,17945.3617192645,52.100456621004604,Highly_Fatal_And_Damaging,8,0.46432816444284203,1,train
4544,2,0.27248602472930106,84.03,72.97174111212401,6,20120.8189568361,93.4703196347032,Significant_Damage_And_Fatalities,11,0.39112225027046504,1,train
1679,1,1.3753055765073898,82.75,59.57155879671829,14,37533.1751075407,25.8904109589041,Highly_Fatal_And_Damaging,3,0.5097663180670751,2,train
5527,5,0.00565999846684,76.86,71.55879671832271,14,3470.00217523393,48.584474885844706,Minor_Damage_And_Injuries,29,0.35542084385142403,3,train
1557,4,0.0506356835000303,76.55,70.464904284412,17,27801.6840675044,14.246575342465698,Highly_Fatal_And_Damaging,0,0.29014857554994605,1,train
7757,4,0.0705965089914202,81.46,52.9626253418414,11,38286.9508972876,36.2557077625571,Significant_Damage_And_Fatalities,4,0.46757374684457303,2,train
4004,5,0.0208654093668965,76.92,37.8304466727438,10,31051.277966358703,51.1872146118721,Minor_Damage_And_Injuries,1,0.5404190407500901,2,train
9036,2,0.43006922234610795,81.27,85.5970829535096,13,31661.628809564303,62.054794520547894,Significant_Damage_And_Fatalities,17,0.35109340064911604,3,train
2408,4,0.0462099576306868,75.12,35.9161349134002,14,24707.1969908956,36.027397260274,Minor_Damage_And_Injuries,2,0.455673278038226,1,train
885,3,0.152942206224691,78.78,69.8268003646308,20,30696.568878763,16.4840182648402,Significant_Damage_And_Serious_Injuries,3,0.316834475297511,3,train
5409,6,0.00520288981336876,77.25,61.34913400182321,15,20993.9622286411,21.1872146118721,Highly_Fatal_And_Damaging,0,0.522748647673999,3,train
11573,5,0.014990810229226001,78.93,62.07839562443029,15,22674.847654793797,46.5753424657534,Minor_Damage_And_Injuries,0,0.26346267580238,1,train
7183,3,0.0840330252227932,75.68,79.85414767547859,15,16837.0598386233,33.8356164383562,Significant_Damage_And_Serious_Injuries,1,0.215500180310133,1,train
8972,6,0.00861070374879613,80.16,85.6882406563355,8,35024.8216656218,56.62100456620999,Significant_Damage_And_Serious_Injuries,5,0.158882798413271,2,train
9207,7,0.00275349500295359,76.13,55.651777575205095,17,28245.641261576002,47.5342465753425,Significant_Damage_And_Serious_Injuries,22,0.5681868012982328,2,train
770,6,0.00969449788957227,84.2,78.94257064721971,13,37477.5074617678,52.1917808219178,Minor_Damage_And_Injuries,11,0.39076163000360603,3,train
5923,3,0.208458585806466,82.53,83.59161349134,11,41770.8047803057,33.1963470319635,Highly_Fatal_And_Damaging,11,0.28906671474936896,2,train
4242,4,0.0449289157473636,77.56,64.0382862351869,13,24317.561460150497,27.1689497716895,Highly_Fatal_And_Damaging,1,0.339192931842769,1,train
1265,4,0.0679180602164867,78.75,71.55879671832271,18,37047.5511597612,34.0182648401826,Minor_Damage_And_Injuries,1,0.42429931482149297,2,train
9316,4,0.0753117470472317,79.9,64.6763901549681,11,41238.4330086914,35.753424657534204,Highly_Fatal_And_Damaging,6,0.298082221420844,3,train
6527,5,0.0331848565099239,83.73,62.625341841385605,10,48197.220754101,60.136986301369895,Minor_Damage_And_Injuries,1,0.31719509556437103,0,train
4448,3,0.153635639691209,78.31,66.3172288058341,8,31035.6551968925,55.8447488584475,Significant_Damage_And_Serious_Injuries,10,0.41672628921745397,2,train
10289,7,0.00140758473987318,78.56,75.0683682771194,13,13696.9970624703,62.328767123287705,Significant_Damage_And_Fatalities,5,0.237858636855391,4,train
4086,4,0.0279903711072892,78.35,54.3755697356427,10,15261.993257843798,39.6803652968037,Significant_Damage_And_Fatalities,0,0.26165957446808497,3,train
11296,3,0.114395822423754,79.37,64.5396536007293,19,23081.839828003198,19.5433789954338,Significant_Damage_And_Serious_Injuries,4,0.28654237288135603,2,train
5371,1,1.2414273117491599,77.62,57.8851412944394,17,33766.6231497173,13.789954337899498,Highly_Fatal_And_Damaging,1,0.404465200144248,2,train
1534,7,0.00398650032291419,83.6,68.5050136736554,16,42983.7928902949,40.684931506849296,Minor_Damage_And_Injuries,0,0.255168409664623,3,train
3248,1,1.81855821625422,78.87,45.442114858705594,8,52118.2696447033,68.1278538812785,Minor_Damage_And_Injuries,8,0.575759826902272,2,train
4348,7,0.00348072307499041,80.95,70.5560619872379,17,36866.602231857,26.1187214611872,Significant_Damage_And_Serious_Injuries,6,0.29519725928597196,2,train
5067,1,1.30792861200427,80.52,54.876937101185,12,35654.721933341,34.2922374429224,Significant_Damage_And_Fatalities,7,0.6334590695997111,3,train
2098,3,0.11189706282859697,79.45,60.483135824977204,18,22547.195241547597,24.657534246575302,Significant_Damage_And_Serious_Injuries,4,0.38174612333213104,2,train
7940,7,0.0030566967414967397,77.23,66.40838650866,11,34655.461257430696,47.1232876712329,Significant_Damage_And_Serious_Injuries,7,0.28726361341507395,2,train
2083,7,0.00229126092821169,79.2,73.33637192342749,11,24792.9284845235,67.53424657534251,Significant_Damage_And_Fatalities,0,0.333423007573026,3,train
6566,3,0.233684409670316,75.83,58.7511394712853,10,47156.9384261401,62.4657534246575,Minor_Damage_And_Injuries,20,0.6724060584204828,4,train
9189,2,0.3749148192132071,80.98,73.4275296262534,13,27855.9015760181,50.136986301369895,Minor_Damage_And_Injuries,6,0.25264406779661,3,train
1374,4,0.0468858459906645,78.78,65.49680948040111,9,25490.6441643368,64.337899543379,Minor_Damage_And_Injuries,0,0.578644789037144,2,train
10225,4,0.0827860671099331,81.64,59.6171376481313,14,45760.7560852147,25.9817351598173,Highly_Fatal_And_Damaging,7,0.503996393797331,2,train
56,7,0.00267087052186686,79.72,64.5852324521422,15,30615.0043937329,56.712328767123296,Significant_Damage_And_Fatalities,3,0.28401803101334305,3,train
9512,1,1.66486418964678,75.31,81.5861440291705,13,45416.582515986505,29.5433789954338,Highly_Fatal_And_Damaging,0,0.4336754417598271,2,train
2662,2,0.409374818142981,76.68,70.510483135825,16,30451.566012661402,30.9132420091324,Significant_Damage_And_Serious_Injuries,0,0.29519725928597196,0,train
1873,2,0.610441182645266,80.85,66.9097538742024,15,45020.554349611506,20.2739726027397,Highly_Fatal_And_Damaging,2,0.413120086548864,3,train
8476,4,0.058088147653132007,85.04,75.8887876025524,14,31236.0295960564,24.7945205479452,Highly_Fatal_And_Damaging,7,0.45134583483591795,2,train
480,4,0.0811200932683146,86.98,57.611668185961705,8,44502.4966181395,44.794520547945204,Highly_Fatal_And_Damaging,4,0.256610890732059,2,train
4018,2,0.49228732298939104,77.98,53.7374658158614,5,36219.5213082148,74.6575342465753,Minor_Damage_And_Injuries,6,0.311064551027768,2,train
6281,7,0.00262759331216413,78.59,62.1239744758432,15,28164.6002001739,22.0547945205479,Highly_Fatal_And_Damaging,19,0.330898665705012,3,train
9843,4,0.0502229972557038,77.67,51.3673655423883,15,27296.495090287597,22.602739726027398,Significant_Damage_And_Fatalities,5,0.526354850342589,2,train
8005,2,0.316784859744895,82.69,64.1294439380128,11,23317.669902061698,57.671232876712295,Minor_Damage_And_Injuries,4,0.409874504147133,2,train
1169,6,0.006833850552985589,84.48,63.8559708295351,12,27372.9129741752,44.566210045662096,Significant_Damage_And_Serious_Injuries,1,0.284739271547061,0,train
7920,7,0.0039231913300046,79.51,74.0200546946217,17,45934.133475443894,51.598173515981706,Significant_Damage_And_Fatalities,4,0.25264406779661,4,train
11054,3,0.16875836276271,76.98,66.362807657247,11,33599.0902717774,46.7579908675799,Significant_Damage_And_Serious_Injuries,1,0.252283447529751,1,train
4624,1,1.2036414840358702,79.86,56.426618049225205,15,32621.5261592713,20.5479452054795,Significant_Damage_And_Fatalities,1,0.46613126577713604,3,train
3474,4,0.0600603540074943,89.19,80.6289881494986,15,32626.605586126898,20.5022831050228,Highly_Fatal_And_Damaging,5,0.38174612333213104,1,train
8847,3,0.178257538798474,76.87,78.07657247037379,9,35851.210781326,55.342465753424705,Significant_Damage_And_Serious_Injuries,15,0.33306238730616605,1,train
2205,3,0.11225587509945098,80.2,54.4667274384686,14,22418.797459827598,37.4429223744292,Minor_Damage_And_Injuries,4,0.410235124413992,3,train
7055,4,0.0379490753135521,81.1,60.665451230628996,11,20390.802486206598,35.296803652968,Highly_Fatal_And_Damaging,4,0.272117562206996,2,train
6822,5,0.0102392831013005,81.12,68.3682771194166,10,15509.434504814699,61.324200913241995,Minor_Damage_And_Injuries,9,0.398695275874504,2,train
3166,1,1.37237416777423,76.8,96.80948040109391,17,37268.6477821181,37.4885844748858,Minor_Damage_And_Injuries,0,0.21117273710782503,2,train
6500,1,0.925208520778178,78.75,55.6061987237922,13,25291.404885318,50.3196347031963,Highly_Fatal_And_Damaging,5,0.434396682293545,3,train
6313,1,0.9483413993765591,80.21,88.4685505925251,12,25712.689152337996,32.100456621004604,Highly_Fatal_And_Damaging,14,0.245071042192571,2,train
1469,6,0.008699993303870921,79.86,75.25068368277121,12,35683.7717435303,32.9223744292237,Highly_Fatal_And_Damaging,7,0.316473855030653,1,train
803,3,0.0578625828464421,79.99,73.0628988149499,10,12479.625278258001,49.5890410958904,Significant_Damage_And_Serious_Injuries,3,0.24218608005769898,4,train
4891,3,0.13209095278572802,78.2,72.2880583409298,11,26471.4004943625,47.4885844748858,Significant_Damage_And_Serious_Injuries,23,0.205042192571222,3,train
57,4,0.05607319593887901,77.85,81.5861440291705,7,30497.8886605549,49.6803652968036,Highly_Fatal_And_Damaging,0,0.4340360620266861,4,train
9384,2,0.5106337660714121,79.72,52.5979945305378,11,37871.0557631729,46.1643835616438,Minor_Damage_And_Injuries,1,0.392564731337901,0,train
8440,3,0.16817304288473597,77.09,82.9079307201459,13,33924.8014530873,30.3196347031963,Highly_Fatal_And_Damaging,0,0.283296790479625,1,train
5373,3,0.141000605097377,78.21,68.04922515952599,14,28202.759653544,37.351598173516,Significant_Damage_And_Serious_Injuries,1,0.253004688063469,1,train
3917,2,0.620903116405641,77.36,72.06016408386509,18,46240.755011010995,24.1552511415525,Significant_Damage_And_Serious_Injuries,3,0.31935881716552506,0,train
5123,4,0.0640170538543537,75.2,89.9726526891523,14,35048.0265895625,23.9269406392694,Highly_Fatal_And_Damaging,0,0.282936170212766,4,train
2250,1,0.38948693524149997,75.97,81.26709206927991,15,12221.251002450701,21.2785388127854,Highly_Fatal_And_Damaging,15,0.201075369635773,1,train
309,6,0.0091876148524485,78.03,73.9744758432088,11,35902.3547465078,46.98630136986301,Significant_Damage_And_Serious_Injuries,3,0.335586729174179,1,train
9752,6,0.00605108745987546,77.64,35.2780309936189,12,24798.354079607798,42.3744292237443,Significant_Damage_And_Serious_Injuries,19,0.7546274792643342,1,train
1528,2,0.302231914191802,80.42,64.8587055606199,10,22472.167459524302,63.3333333333333,Minor_Damage_And_Injuries,13,0.339553552109629,3,train
133,1,0.9388623453591322,80.09,87.37465815861441,14,25712.689152337996,23.9269406392694,Highly_Fatal_And_Damaging,6,0.199632888568337,3,train
9112,4,0.0311427687291141,82.97,80.6745670009116,16,17933.0502822011,18.310502283105,Highly_Fatal_And_Damaging,1,0.269953840605842,3,train
10264,5,0.0193428547975353,77.99,65.5423883318141,12,27917.302583583598,55.5707762557078,Minor_Damage_And_Injuries,10,0.27896934727731704,1,train
11475,7,0.0043585994435759,79.72,63.90154968094811,4,47715.831462732305,93.78995433789949,Significant_Damage_And_Fatalities,2,0.24543166245943,4,train
7736,5,0.0128700652295364,86.13,57.65724703737471,11,18842.7886746802,34.0182648401826,Highly_Fatal_And_Damaging,14,0.39508907320591397,1,train
727,5,0.0286321409870276,79.74,47.9489516864175,7,42768.509481535,62.1917808219178,Significant_Damage_And_Serious_Injuries,0,0.7351539848539491,2,train
1120,1,1.03274750346758,77.29,58.8422971741112,16,28509.759682248798,41.324200913242,Minor_Damage_And_Injuries,4,0.219467003245582,1,train
5658,7,0.0023705327922354698,78.5,66.9553327256153,9,23787.7963047131,76.1187214611872,Significant_Damage_And_Fatalities,12,0.30637648755860103,2,train
5720,3,0.11991159314067099,78.25,59.89061075660889,19,24242.431985578998,30.776255707762605,Minor_Damage_And_Injuries,3,0.43908474576271206,2,train
1945,6,0.007077647836384609,77.73,82.9079307201459,11,28520.1977697407,45.79908675799089,Significant_Damage_And_Serious_Injuries,2,0.3629938694554629,3,train
6148,3,0.11189706282859697,84.72,67.4111212397448,16,22592.550262073797,27.4885844748858,Significant_Damage_And_Serious_Injuries,0,0.414923187883159,1,train
2041,7,0.00387806385854065,78.64,60.9845031905196,9,47132.95710729981,40.5479452054794,Highly_Fatal_And_Damaging,24,0.41672628921745397,2,train
8641,3,0.18069912567921198,81.7,84.8678213309025,16,36366.1530073838,30.9132420091324,Significant_Damage_And_Serious_Injuries,0,0.31214641182834496,1,train
1853,4,0.0556051582561625,77.53,61.850501367365595,13,30580.7516297544,28.9041095890411,Highly_Fatal_And_Damaging,0,0.31214641182834496,2,train
6591,1,1.32780561980098,81.53,85.9617137648131,9,36065.2085271643,40.7305936073059,Highly_Fatal_And_Damaging,1,0.281854309412189,1,train
9865,3,0.217592818863117,79.99,59.7082953509572,14,43459.9317547451,36.8493150684931,Significant_Damage_And_Serious_Injuries,11,0.30854020915975394,4,train
5858,3,0.150293721810262,77.85,80.4466727438469,9,30187.3009874332,53.47031963470321,Significant_Damage_And_Serious_Injuries,2,0.523469888207717,3,train
10602,4,0.0763609776836303,77.58,75.432999088423,18,41371.6365588084,12.9680365296804,Highly_Fatal_And_Damaging,2,0.27031446087270106,2,train
8505,2,0.21080944488171202,82.08,46.9917958067457,7,15496.0861565499,71.689497716895,Minor_Damage_And_Injuries,0,0.35578146411828293,2,train
8300,1,1.00658436939197,85.07,67.50227894257071,17,27361.8000012909,15.4337899543379,Highly_Fatal_And_Damaging,3,0.505078254597908,2,train
5089,3,0.11305805062845697,76.87,59.161349134001796,19,22708.316503614904,18.949771689497698,Significant_Damage_And_Serious_Injuries,5,0.45603389830508395,2,train
5855,6,0.00997298902026605,78.27,76.0711030082042,15,41263.0253571304,32.557077625570805,Significant_Damage_And_Serious_Injuries,22,0.38030364226469504,3,train
3458,4,0.0708873270749383,78.73,57.611668185961705,20,38630.4756847112,29.4977168949772,Minor_Damage_And_Injuries,10,0.36660007212405293,1,train
10432,1,1.0603906859471,81.06,40.975387420237006,20,28633.146501217998,40.5479452054794,Significant_Damage_And_Fatalities,1,0.6637511720158671,1,train
11845,4,0.0686361610266386,82.72,48.5870556061987,14,37386.7912712908,25.296803652968002,Significant_Damage_And_Fatalities,0,0.590545257843491,3,train
2362,2,0.664582259241775,79.73,55.6973564266181,16,48722.4847633761,40.7762557077626,Highly_Fatal_And_Damaging,8,0.317555715831229,3,train
9132,1,1.30122311447791,80.07,85.5970829535096,14,35415.675300555,59.4520547945205,Significant_Damage_And_Fatalities,16,0.35109340064911604,3,train
2216,2,0.653900333012144,85.61,56.973564266180496,14,49106.3559589155,38.401826484018294,Minor_Damage_And_Injuries,14,0.538976559682654,2,train
11507,6,0.00945681285940533,86.96,69.1431175934367,15,40561.6926747208,31.8264840182648,Significant_Damage_And_Serious_Injuries,0,0.335947349441038,2,train
6395,1,0.849133433713455,80.27,82.86235186873292,13,23197.1080931768,28.2191780821918,Highly_Fatal_And_Damaging,14,0.211893977641543,0,train
9435,3,0.17142642739135902,78.9,63.4457611668186,9,34501.86147776,53.74429223744289,Significant_Damage_And_Serious_Injuries,3,0.35361774251712896,4,train
403,5,0.0266123032873258,79.72,60.665451230628996,11,39103.4153008276,35.9817351598173,Highly_Fatal_And_Damaging,4,0.272117562206996,1,train
10991,3,0.11305805062845697,79.04,55.6061987237922,4,22841.7634088089,70.3196347031963,Minor_Damage_And_Injuries,5,0.300967183555716,3,train
5535,1,1.5268753027471498,77.81,76.8915223336372,11,41139.7992021811,57.671232876712295,Minor_Damage_And_Injuries,0,0.426823656689506,3,train
11034,3,0.0578625828464421,84.74,66.9097538742024,13,11938.9093113064,39.13242009132421,Significant_Damage_And_Serious_Injuries,0,0.29447601875225393,4,train
5711,4,0.040335527894257005,78.63,65.8614402917047,14,22429.337175223198,35.296803652968,Significant_Damage_And_Serious_Injuries,5,0.362272628921745,2,train
7898,6,0.00638052631766798,79.88,68.5505925250684,20,25239.6627058985,28.949771689497698,Significant_Damage_And_Fatalities,7,0.443772809231878,3,train
10474,5,0.0287891983148949,78.04,61.6226071103008,14,42708.8544741583,36.0730593607306,Significant_Damage_And_Serious_Injuries,4,0.462525063108547,3,train
880,6,0.00707802165652397,83.74,69.1431175934367,8,28510.1224862741,56.7579908675799,Significant_Damage_And_Serious_Injuries,4,0.32116191849982,2,train
4689,1,0.7446476060733109,78.08,54.056517775752106,9,20142.4706831629,40.6392694063927,Significant_Damage_And_Fatalities,3,0.487407861521817,2,train
5120,2,0.277200205655643,83.31,56.79124886052871,12,20482.4787022466,54.0182648401826,Highly_Fatal_And_Damaging,3,0.46937684817886705,1,train
11203,4,0.0634078516306716,82.53,73.1996353691887,12,34386.2469928113,32.739726027397296,Highly_Fatal_And_Damaging,9,0.325489361702128,2,train
3541,1,1.7872888721267501,80.24,45.3965360072927,9,48367.5893217614,66.57534246575341,Significant_Damage_And_Serious_Injuries,37,0.725777857915614,2,train
5879,4,0.035517130695692005,75.95,63.76481312670921,10,19689.9918669284,36.4383561643836,Highly_Fatal_And_Damaging,0,0.379221781464118,4,train
5967,3,0.14922052907052602,77.49,73.4275296262534,12,29977.721801670097,42.328767123287705,Significant_Damage_And_Serious_Injuries,10,0.31935881716552506,1,train
1763,2,0.6750695853109979,79.35,40.10938924339111,10,49762.797061373894,51.7351598173516,Minor_Damage_And_Injuries,1,0.5097663180670751,3,train
10924,4,0.0736990760111261,78.72,62.8988149498633,16,40580.037740715,17.4885844748858,Highly_Fatal_And_Damaging,1,0.477671114316625,3,train
5766,3,0.12512148567466802,80.62,62.7164995442115,14,25272.1248912302,36.11872146118721,Significant_Damage_And_Serious_Injuries,3,0.443772809231878,2,train
9251,4,0.0627929235604574,77.41,71.8778486782133,17,34315.1924134604,48.6301369863014,Significant_Damage_And_Fatalities,3,0.395810313739632,4,train
3375,1,1.14117623817193,76.96,85.5059252506837,19,31250.1583662827,8.0365296803653,Highly_Fatal_And_Damaging,36,0.219827623512441,2,train
9958,1,0.9388623453591322,79.17,60.027347310847794,17,25631.3457142277,37.3972602739726,Minor_Damage_And_Injuries,15,0.39148287053732395,1,train
5820,5,0.0215533582053583,77.91,72.7438468550593,14,32944.3336789672,23.8356164383562,Highly_Fatal_And_Damaging,0,0.219106382978723,3,train
8896,5,0.0245406632757047,79.86,72.0145852324522,10,35594.722894088,39.2694063926941,Highly_Fatal_And_Damaging,5,0.239661738189686,1,train
3151,4,0.032193074705009,78.7,78.5779398359162,9,17700.9200928918,64.2922374429224,Minor_Damage_And_Injuries,1,0.40374395961053006,1,train
2577,7,0.00391311571229848,88.39,49.2251595259799,10,44888.763138246504,75.4337899543379,Significant_Damage_And_Serious_Injuries,1,0.5241911287414349,1,train
3555,6,0.00910387785121973,79.51,70.1914311759344,13,33528.5133497288,38.4931506849315,Significant_Damage_And_Serious_Injuries,14,0.439805986296429,1,train
8051,1,0.9842617370008591,81.28,86.0072926162261,7,26663.960835205402,48.675799086758005,Highly_Fatal_And_Damaging,8,0.27031446087270106,2,train
7237,2,0.45324629318165505,76.5,63.947128532361,12,33495.7760928761,56.4840182648402,Minor_Damage_And_Injuries,20,0.24579228272628895,2,train
11817,6,0.008699993303870921,77.83,70.60164083865091,19,34956.4722310962,31.689497716894998,Minor_Damage_And_Injuries,17,0.388958528669311,3,train
1881,2,0.31695807411597304,79.51,64.94986326344579,13,23407.410999469,29.223744292237395,Highly_Fatal_And_Damaging,1,0.438002884962135,2,train
4604,1,0.6648704538602429,81.83,81.9051959890611,14,17287.255617720803,49.315068493150704,Minor_Damage_And_Injuries,2,0.158882798413271,2,train
107,3,0.191866234671853,80.43,48.0856882406563,14,38720.4523704446,47.351598173515995,Highly_Fatal_And_Damaging,1,0.44773963216732793,0,train
5221,7,0.00202569521884603,79.77,78.669097538742,11,19550.4236118066,69.5433789954338,Significant_Damage_And_Fatalities,9,0.20828777497295398,3,train
1211,4,0.0537586126419105,79.22,52.5979945305378,15,28716.275457879103,33.0593607305936,Minor_Damage_And_Injuries,3,0.401219617742517,2,train
2530,5,0.0195516826413514,86.43,77.7119416590702,13,29078.857107262298,29.223744292237395,Highly_Fatal_And_Damaging,1,0.362272628921745,1,train
6603,1,0.703984357896898,89.82,65.49680948040111,9,18897.2774645504,64.2922374429224,Minor_Damage_And_Injuries,0,0.578644789037144,1,train
4409,2,0.21312781947822798,79.46,51.9143117593437,14,16200.336430059098,50.136986301369895,Highly_Fatal_And_Damaging,2,0.49462026685899696,2,train
5671,2,0.403561045518032,76.14,71.05742935278029,8,29821.782357109503,69.77168949771689,Minor_Damage_And_Injuries,2,0.330538045438154,3,train
1092,5,0.0125144123549024,82.69,59.2980856882407,17,19433.6327994899,38.3561643835616,Minor_Damage_And_Injuries,3,0.5245517490082939,2,train
11720,4,0.0654085850714836,81.62,72.8805834092981,20,35684.882769847594,42.0547945205479,Significant_Damage_And_Fatalities,15,0.24002235845654502,0,train
11332,3,0.23187073722273,81.75,81.9051959890611,11,46567.49655364679,45.79908675799089,Significant_Damage_And_Serious_Injuries,4,0.31719509556437103,1,train
9276,4,0.0585884246430177,78.54,74.3391066545123,14,32099.6049465887,24.8858447488584,Highly_Fatal_And_Damaging,19,0.37345185719437396,2,train
12119,5,0.0199273006311425,85.11,59.115770282588905,13,30677.1054511937,28.0821917808219,Highly_Fatal_And_Damaging,5,0.426823656689506,2,train
3396,4,0.0790283218204027,80.8,87.5569735642662,13,42829.4991682479,28.9954337899543,Highly_Fatal_And_Damaging,22,0.302409664623152,2,train
4347,1,1.45138366021503,79.45,48.5414767547858,8,39029.733563313304,45.5707762557078,Significant_Damage_And_Fatalities,17,0.514093761269383,3,train
5134,2,0.38323611374495903,76.3,70.0091157702826,16,28473.7861502813,42.100456621004604,Minor_Damage_And_Injuries,5,0.49389902632527904,2,train
7465,3,0.183423033462332,82.73,68.7329079307201,11,36790.500809401696,45.15981735159821,Significant_Damage_And_Serious_Injuries,4,0.276084385142445,2,train
2433,1,0.959037977829188,80.04,66.1349134001823,17,25958.1374625071,38.8127853881278,Minor_Damage_And_Injuries,20,0.449542733501623,1,train
8516,7,0.00300620419812047,77.91,38.9699179580674,14,32734.2222720854,24.7945205479452,Significant_Damage_And_Fatalities,3,0.654375045077533,2,train
3091,6,0.00630093883464786,85.64,69.8268003646308,10,25227.6087401299,51.0502283105023,Significant_Damage_And_Serious_Injuries,6,0.350372160115398,2,train
1586,1,1.2229712083589799,81.13,58.7967183226983,11,33313.7192567944,33.1963470319635,Highly_Fatal_And_Damaging,3,0.6096581319870179,0,train
1749,3,0.247733688843325,85.26,55.0592525068368,13,50314.7204576381,40.1369863013699,Minor_Damage_And_Injuries,12,0.448100252434187,4,train
10391,6,0.00806007658873008,79.65,66.1349134001823,9,31702.3296639883,43.7899543378995,Highly_Fatal_And_Damaging,24,0.530682293544897,2,train
10735,1,0.5637375037832261,79.31,54.32999088422971,10,15261.993257843798,38.9041095890411,Significant_Damage_And_Fatalities,0,0.20468157230436299,4,train
10410,6,0.00869067328026623,86.18,69.1431175934367,13,36790.500809401696,41.1415525114155,Significant_Damage_And_Serious_Injuries,3,0.253725928597187,3,train
12312,4,0.036900366110634006,84.55,82.9079307201459,12,20578.6728343934,31.278538812785396,Highly_Fatal_And_Damaging,2,0.264183916336098,1,train
11589,1,0.819092324798317,78.42,70.9206927985415,19,22087.486013663598,18.904109589041102,Significant_Damage_And_Serious_Injuries,9,0.42429931482149297,5,train
12301,2,0.588559894511099,81.32,59.2980856882407,14,43290.014603370895,24.383561643835602,Highly_Fatal_And_Damaging,0,0.392564731337901,2,train
9706,4,0.0801631199888322,79.12,45.8067456700091,11,43562.3600966702,36.0730593607306,Significant_Damage_And_Fatalities,3,0.45603389830508395,3,train
164,7,0.0033245921784687397,76.65,52.643573381950794,6,36219.5213082148,63.3333333333333,Minor_Damage_And_Injuries,1,0.30781896862603697,3,train
2641,4,0.0739977852573517,84.48,75.70647219690059,9,40666.4707114104,40.6392694063927,Highly_Fatal_And_Damaging,10,0.24543166245943,3,train
4089,2,0.264253743919955,84.36,68.8240656335461,15,19364.545391415602,46.027397260274,Minor_Damage_And_Injuries,8,0.278248106743599,1,train
3921,4,0.0576727377660007,80.36,65.1321786690975,11,31168.9323784204,33.470319634703195,Highly_Fatal_And_Damaging,1,0.514093761269383,2,train
10202,1,1.24220464545647,80.96,68.003646308113,17,33745.4930288049,38.2648401826484,Minor_Damage_And_Injuries,0,0.339914172376487,3,train
1781,2,0.673466223494712,76.92,69.4165907019143,17,49422.6277653414,39.726027397260296,Minor_Damage_And_Injuries,8,0.30637648755860103,3,train
1648,4,0.0639321880002275,81.26,65.9070191431176,6,34804.4674968751,75.98173515981729,Minor_Damage_And_Injuries,12,0.335586729174179,2,train