Accident_ID,Accident_Type_Code,Adverse_Weather_Metric,Cabin_Temperature,Control_Metric,Days_Since_Inspection,Max_Elevation,Safety_Score,Severity,Total_Safety_Complaints,Turbulence_In_gforces,Violations,source
3608,4,0.0454597222702216,77.58,74.61257976299,18,25262.9323082404,12.1004566210046,Highly_Fatal_And_Damaging,13,0.290509195816805,1,train
7018,7,0.00445126854005271,80.53,56.19872379216039,11,47797.8467413316,68.675799086758,Significant_Damage_And_Serious_Injuries,16,0.46613126577713604,1,train
2650,3,0.108435417579846,76.64,50.6836827711942,21,21741.0794070774,19.1780821917808,Highly_Fatal_And_Damaging,3,0.527076090876307,3,train
8358,5,0.0292830716747344,84.48,73.33637192342749,12,43276.564582851,31.2328767123288,Highly_Fatal_And_Damaging,0,0.342799134511359,1,train
1035,1,0.901972619496758,78.67,54.968094804010896,10,24314.5667574427,39.6803652968037,Significant_Damage_And_Fatalities,12,0.4686556076451501,1,train
5167,4,0.0484619583526901,78.93,70.3281677301732,18,26501.394552042002,13.698630136986301,Highly_Fatal_And_Damaging,17,0.333423007573026,2,train
1902,3,0.205151045690906,79.87,85.7793983591614,8,41205.689030552596,44.20091324200911,Highly_Fatal_And_Damaging,6,0.17475009015506698,4,train
3776,4,0.059734503402076,79.45,61.2579762989973,17,32880.4096681099,15.068493150684901,Highly_Fatal_And_Damaging,0,0.39508907320591397,2,train
9248,1,0.6516237432438571,84.93,68.64175022789429,16,18000.505628973602,17.3972602739726,Highly_Fatal_And_Damaging,2,0.246874143526866,1,train
6656,7,0.00256162599965324,78.52,62.306289881495,12,31436.644571636603,65.4337899543379,Significant_Damage_And_Fatalities,9,0.28906671474936896,3,train
3165,3,0.147491835955148,85.11,58.8422971741112,13,29640.209434172404,39.4520547945205,Significant_Damage_And_Serious_Injuries,13,0.472622430580599,3,train
5104,7,0.00330924065880104,81.27,66.9553327256153,12,35247.2887973971,42.2374429223744,Significant_Damage_And_Serious_Injuries,4,0.419971871619185,1,train
4114,6,0.008579149820314009,80.66,59.480401093892496,11,35902.3547465078,45.4794520547945,Significant_Damage_And_Serious_Injuries,2,0.34027479264334604,3,train
294,2,0.5568575606486209,81.14,47.9033728350046,15,41045.6940016465,33.0593607305936,Minor_Damage_And_Injuries,2,0.42970861882437794,2,train
11806,3,0.20952488990761897,77.74,59.9817684594348,12,42110.1776481671,56.4840182648402,Minor_Damage_And_Injuries,4,0.37489433826181,3,train
1574,6,0.00644871247685485,82.38,82.3154056517776,12,26360.683135080297,29.1780821917808,Highly_Fatal_And_Damaging,2,0.17799567255679802,1,train
3128,6,0.00901683250305683,78.84,88.92433910665449,9,36295.1033532213,51.6438356164384,Significant_Damage_And_Serious_Injuries,1,0.276805625676163,4,train
8829,3,0.13784167916210902,84.9,42.9808568824066,4,27604.7186624325,57.671232876712295,Significant_Damage_And_Fatalities,12,0.7351539848539491,3,train
10227,4,0.0897757319620174,77.86,69.4165907019143,13,49422.6277653414,27.671232876712303,Highly_Fatal_And_Damaging,2,0.314310133429499,3,train
5303,2,0.452214632161678,78.16,73.9288969917958,11,33256.4668152374,56.9406392694064,Minor_Damage_And_Injuries,5,0.23280995311936498,2,train
9633,3,0.20178360182813,77.13,57.474931631722896,10,40698.999317045294,39.13242009132421,Highly_Fatal_And_Damaging,8,0.333423007573026,2,train
1136,2,0.39580907580393204,77.16,61.6681859617138,12,29071.495945068,55.342465753424705,Minor_Damage_And_Injuries,4,0.6330984493328521,3,train
9169,6,0.0012063587479691099,85.22,66.4995442114859,14,831.6955534213299,23.7899543378995,Highly_Fatal_And_Damaging,0,0.360108907320591,1,train
9134,2,0.41168492804541795,81.91,49.589790337283496,19,30448.470005056603,9.68036529680365,Highly_Fatal_And_Damaging,9,0.30204904435629304,1,train
6177,4,0.0475274351310079,82.81,66.22607110300821,13,25836.4874397067,29.0867579908676,Highly_Fatal_And_Damaging,0,0.455673278038226,2,train
2372,7,0.00159551730388445,82.66,76.4813126709207,16,22214.445458565402,53.47031963470321,Significant_Damage_And_Fatalities,0,0.296279120086549,4,train
4584,4,0.0250399969857958,76.79,60.1185050136736,13,13468.0085006978,41.1872146118721,Significant_Damage_And_Serious_Injuries,4,0.5483526866209879,2,train
8741,5,0.0133018956111364,80.2,78.07657247037379,7,18887.316157966598,47.899543378995396,Highly_Fatal_And_Damaging,14,0.329456184637577,3,train
2733,3,0.133099569852491,75.98,68.3682771194166,9,26782.0242843159,52.9680365296804,Significant_Damage_And_Serious_Injuries,16,0.39833465560764497,1,train
11159,6,0.00842757143418226,79.28,56.0619872379216,12,37014.2169525702,55.662100456621,Highly_Fatal_And_Damaging,10,0.281133068878471,2,train
10659,4,0.0382112476922794,75.55,66.7274384685506,17,21193.4253281044,14.1095890410959,Highly_Fatal_And_Damaging,9,0.254447169130905,2,train
3800,6,0.00431639490470017,79.2,70.8751139471286,15,19271.92218715,34.429223744292194,Significant_Damage_And_Serious_Injuries,23,0.224876307248467,2,train
10544,1,1.36336943621395,79.61,53.2360984503191,16,36597.9702560012,41.643835616438295,Highly_Fatal_And_Damaging,8,0.724335376848178,2,train
7752,7,0.0019491457967351399,77.4,41.066545123062895,17,21720.5738257697,24.703196347031998,Significant_Damage_And_Serious_Injuries,12,0.578284168770285,2,train
11230,1,0.821132663396067,77.62,53.7374658158614,21,22401.7922742848,1.4155251141552498,Significant_Damage_And_Fatalities,5,0.48812910205553495,1,train
9375,2,0.43231504591554204,77.4,52.415679124886104,11,32053.669842043502,58.082191780821894,Highly_Fatal_And_Damaging,2,0.313228272628922,1,train
10052,1,0.7887980227176491,78.64,66.7730173199635,17,21489.4750236165,38.4474885844749,Minor_Damage_And_Injuries,5,0.419971871619185,2,train
3096,5,0.0350479665945333,78.37,59.2980856882407,12,53455.0451129203,53.01369863013699,Minor_Damage_And_Injuries,7,0.504717634331049,1,train
11021,7,0.0030220785773064102,83.92,59.0701914311759,14,35110.9406963034,37.671232876712295,Significant_Damage_And_Serious_Injuries,16,0.44701839163360996,1,train
7888,2,0.34950274543965504,78.52,76.8915223336372,11,25723.8293580535,57.5799086757991,Minor_Damage_And_Injuries,7,0.428266137756942,3,train
4363,5,0.0236089231156199,80.98,61.6226071103008,15,33871.586283706,58.1735159817352,Significant_Damage_And_Fatalities,3,0.656538766678687,4,train
5140,3,0.13145313384967902,80.58,79.7629899726527,14,26266.3679590952,37.4885844748858,Significant_Damage_And_Serious_Injuries,1,0.251201586729174,2,train
9828,7,0.00269001027366561,77.41,45.3965360072927,9,30664.9684488475,53.6529680365297,Minor_Damage_And_Injuries,4,0.63742589253516,2,train
11865,2,0.63077436941814,78.91,61.0300820419326,16,46832.98709415481,18.1278538812785,Highly_Fatal_And_Damaging,14,0.523469888207717,2,train
368,3,0.14908297248445498,77.0,61.0300820419326,13,29921.134495497598,38.8584474885845,Significant_Damage_And_Serious_Injuries,19,0.366960692390912,1,train
112,3,0.23473522219048001,79.08,68.9608021877849,12,48088.2017203851,42.8767123287671,Significant_Damage_And_Serious_Injuries,14,0.192059862964299,4,train
1572,3,0.12433664971354302,78.84,64.1294439380128,23,24998.0502221417,3.2876712328767095,Significant_Damage_And_Serious_Injuries,3,0.40662892174540205,3,train
7877,2,0.27574547120111204,77.56,64.6308113035552,13,20377.444266255,29.7260273972603,Highly_Fatal_And_Damaging,0,0.438363505228994,2,train
5693,3,0.153207762165885,81.03,63.4457611668186,11,30772.601639018398,45.5707762557078,Significant_Damage_And_Serious_Injuries,1,0.334865488640461,1,train
11636,2,0.736627401114748,79.97,51.0938924339107,14,57472.2115284175,36.027397260274,Minor_Damage_And_Injuries,4,0.375615578795528,2,train
2977,1,1.7000268879320202,75.95,63.90154968094811,11,44739.943520739405,33.7899543378995,Highly_Fatal_And_Damaging,2,0.502553912729895,1,train
9154,4,0.0413384526477102,79.3,80.0364630811304,6,22331.875125169503,52.100456621004604,Highly_Fatal_And_Damaging,1,0.134,1,train
987,1,1.3297348011705101,77.13,69.0519598906108,20,36086.8999557426,29.3607305936073,Minor_Damage_And_Injuries,10,0.24146483952398104,2,train
7089,6,0.00979693726207845,81.72,59.6627164995442,10,41050.3418331489,51.1872146118721,Significant_Damage_And_Serious_Injuries,1,0.531764154345474,1,train
1418,6,0.0063532410289954605,77.53,62.944393801276206,13,24590.303955322797,40.821917808219204,Significant_Damage_And_Serious_Injuries,2,0.312507032095204,3,train
1736,2,0.637457086688145,76.95,67.86690975387421,15,46974.390404833,45.9817351598173,Minor_Damage_And_Injuries,0,0.37345185719437396,2,train
4248,2,0.59741302238325,76.45,70.4193254329991,10,44265.543775561506,60.0913242009132,Minor_Damage_And_Injuries,5,0.325849981968986,2,train
9570,4,0.0777981829794295,77.6,74.7948951686418,8,42329.0179287936,42.648401826484,Highly_Fatal_And_Damaging,5,0.233531193653083,1,train
12248,6,0.00627654085155748,76.56,86.9644484958979,13,25187.711918033598,28.675799086757998,Highly_Fatal_And_Damaging,10,0.31214641182834496,2,train
11792,6,0.0072412476741453595,89.43,72.5615314494075,14,29078.857107262298,34.8401826484018,Significant_Damage_And_Serious_Injuries,0,0.34532347637937205,1,train
12477,6,0.0121599528509085,82.64,58.4320875113947,10,52249.610146137195,48.81278538812779,Significant_Damage_And_Serious_Injuries,7,0.526354850342589,2,train
663,6,0.00627654085155748,89.43,64.7219690063811,15,23921.6874918585,32.4657534246575,Significant_Damage_And_Serious_Injuries,0,0.34532347637937205,3,train
219,6,0.0101532118856562,78.67,74.7037374658159,8,41528.151296692995,56.7579908675799,Significant_Damage_And_Serious_Injuries,5,0.233531193653083,2,train
2614,4,0.0540361961039766,78.51,41.4311759343665,12,29502.763421053198,32.100456621004604,Significant_Damage_And_Fatalities,1,0.538615939415795,2,train
8792,5,0.0195855691124162,77.41,72.47037374658159,12,28923.9002638104,56.027397260274,Minor_Damage_And_Injuries,18,0.19494482509917002,1,train
2005,2,0.355624090107977,83.9,53.2360984503191,10,26298.071960626297,63.287671232876704,Highly_Fatal_And_Damaging,1,0.427905517490083,2,train
6425,3,0.144784763505103,82.25,56.2443026435734,4,29313.432834349198,70.3196347031963,Minor_Damage_And_Injuries,11,0.538615939415795,3,train
795,7,0.0043585994435759,81.43,55.469462169553296,12,50201.5005708721,56.301369863013704,Highly_Fatal_And_Damaging,7,0.409153263613415,3,train
1784,3,0.0984961040817364,83.07,87.693710118505,8,20210.9647367577,55.342465753424705,Significant_Damage_And_Serious_Injuries,10,0.27752686620988104,1,train
5302,2,0.20126609841095802,75.88,77.3473108477666,7,14865.9056452982,48.401826484018294,Highly_Fatal_And_Damaging,22,0.40374395961053006,2,train
10511,1,1.3604017161145,79.97,50.0,17,36597.9702560012,14.703196347032002,Significant_Damage_And_Fatalities,1,0.7459725928597181,5,train
28,2,0.35590570173681796,78.04,57.0191431175934,16,26266.1389809758,17.7168949771689,Significant_Damage_And_Fatalities,7,0.375615578795528,2,train
2552,4,0.0297420079274472,77.74,54.69462169553329,12,15949.8073396295,33.013698630137,Significant_Damage_And_Fatalities,5,0.47839235485034204,3,train
9953,1,0.628408170433345,83.02,75.75205104831359,13,17157.8631807909,29.452054794520503,Highly_Fatal_And_Damaging,11,0.339192931842769,2,train
9705,6,0.00367858356276741,76.11,75.38742023701,1,16149.317703506398,58.4931506849315,Significant_Damage_And_Serious_Injuries,5,0.24579228272628895,3,train
2308,6,0.0112415293720467,79.42,71.4676390154968,16,46240.755011010995,30.0913242009132,Significant_Damage_And_Serious_Injuries,0,0.32224377930039694,1,train
3378,4,0.0454098325116744,81.25,77.1649954421149,10,24926.7672088726,37.5799086757991,Highly_Fatal_And_Damaging,6,0.24290732059141698,1,train
1176,3,0.164009610870493,78.2,70.6927985414767,13,32921.0147172516,39.908675799086794,Significant_Damage_And_Serious_Injuries,1,0.20143598990263198,3,train
5591,2,0.5672011325946911,81.42,55.834092980856894,13,41874.6636548015,51.8264840182648,Highly_Fatal_And_Damaging,5,0.5036357735304721,4,train
8705,4,0.0388307713777085,81.56,53.281677301731996,11,21037.2785374601,36.8036529680365,Significant_Damage_And_Fatalities,10,0.40518644067796605,1,train
127,3,0.112198793945968,78.94,43.664539653600706,12,22564.437202318102,54.703196347032005,Highly_Fatal_And_Damaging,1,0.48596538045438104,3,train
9199,4,0.0587171967854856,81.82,76.4813126709207,20,32328.2199170687,27.945205479452,Minor_Damage_And_Injuries,6,0.38174612333213104,3,train
1672,5,0.0213757507668136,79.73,65.1321786690975,13,32372.4222574949,27.7168949771689,Highly_Fatal_And_Damaging,5,0.580447890371439,1,train
7087,3,0.18331092928732604,76.07,61.5770282588879,14,36736.6428204931,34.7945205479452,Significant_Damage_And_Serious_Injuries,5,0.5122906599350879,0,train
5787,2,0.281139882874009,81.08,58.7967183226983,15,20737.020881289798,43.105022831050206,Minor_Damage_And_Injuries,1,0.28221492967904804,1,train
12447,2,0.33659510505908197,76.56,82.0875113947128,9,25019.9299511302,54.7488584474886,Significant_Damage_And_Serious_Injuries,28,0.395810313739632,3,train
2065,7,0.0028554832641924602,79.22,69.4165907019143,14,31856.303382075897,58.9954337899543,Significant_Damage_And_Fatalities,7,0.324768121168409,3,train
7241,2,0.209602822932632,82.3,65.0865998176846,14,16099.4774068421,47.7625570776256,Minor_Damage_And_Injuries,1,0.330538045438154,4,train
6475,3,0.15110353553781303,79.51,78.8514129443938,17,30206.164567377204,16.1187214611872,Highly_Fatal_And_Damaging,3,0.247234763793725,1,train
8095,4,0.0296883507771248,81.25,76.8915223336372,10,16209.2902996607,37.808219178082204,Highly_Fatal_And_Damaging,4,0.3705668950595021,0,train
7656,2,0.134834939340907,77.56,81.5405651777575,11,12595.428881436,58.1278538812785,Minor_Damage_And_Injuries,5,0.296279120086549,1,train
2033,5,0.0153906591214204,80.83,75.7976298997265,19,23270.133087707403,6.575342465753419,Highly_Fatal_And_Damaging,6,0.20143598990263198,4,train
11465,2,0.296854439576655,85.75,63.947128532361,15,21997.4295032142,19.954337899543397,Highly_Fatal_And_Damaging,8,0.20143598990263198,3,train
3938,4,0.055088709360491,81.15,59.799453053783104,9,29969.7483833104,42.8310502283105,Highly_Fatal_And_Damaging,1,0.416005048683736,2,train
1052,6,0.011305769327268999,77.11,72.1969006381039,13,47882.5666610854,40.091324200913206,Significant_Damage_And_Serious_Injuries,16,0.527076090876307,2,train
5986,2,0.49916781630291795,83.34,69.3254329990884,15,36790.500809401696,45.0684931506849,Minor_Damage_And_Injuries,1,0.29447601875225393,3,train
12302,2,0.55117256042946,77.65,62.57976298997271,11,40813.3057574463,36.0730593607306,Highly_Fatal_And_Damaging,3,0.480556076451497,3,train
5859,4,0.0550271229181054,77.22,67.4111212397448,21,29968.1253284843,3.2876712328767095,Minor_Damage_And_Injuries,8,0.42177497295348,3,train
2525,4,0.059734503402076,77.08,72.7438468550593,14,32944.3336789672,23.8356164383562,Highly_Fatal_And_Damaging,2,0.233531193653083,4,train
10626,3,0.174856048709027,79.9,63.3546034639927,13,34937.2262229177,40.6392694063927,Significant_Damage_And_Serious_Injuries,11,0.298442841687703,1,train
6046,6,0.0150402899314281,78.31,65.7247037374658,12,60252.163369468704,55.433789954337904,Minor_Damage_And_Injuries,8,0.540058420483231,1,train
2962,3,0.199585420560171,80.13,59.9817684594348,19,39951.8232283986,18.949771689497698,Significant_Damage_And_Serious_Injuries,3,0.47117994951316206,3,train
11863,4,0.0404193589227867,79.25,72.151321786691,10,22172.7226577113,39.726027397260296,Highly_Fatal_And_Damaging,0,0.2061240533718,2,train
3174,1,1.1722142956384698,77.4,77.7575205104832,13,31763.146356852798,30.593607305936104,Highly_Fatal_And_Damaging,4,0.32116191849982,4,train
6160,6,0.008505971183399871,77.1,81.3582497721058,15,35236.6318842485,20.5479452054795,Highly_Fatal_And_Damaging,5,0.201075369635773,2,train
5792,4,0.0791311957739559,76.92,66.9097538742024,14,42708.8544741583,48.4931506849315,Minor_Damage_And_Injuries,4,0.450263974035341,2,train
9473,6,0.00656903894305681,82.37,87.5569735642662,16,26959.581905196203,29.406392694063896,Significant_Damage_And_Serious_Injuries,19,0.302409664623152,0,train
3884,1,1.0575373128741101,80.26,72.6526891522334,20,28770.8750092367,27.2602739726027,Minor_Damage_And_Injuries,8,0.31214641182834496,2,train
181,3,0.128131027077609,77.89,79.17046490428442,13,26032.9419014836,37.9908675799087,Significant_Damage_And_Serious_Injuries,1,0.22920375045077498,1,train
2663,1,0.685290136584357,78.06,53.5095715587967,10,18614.2680854717,40.0,Significant_Damage_And_Fatalities,1,0.24579228272628895,2,train
4799,4,0.0311584829016707,86.57,69.9635369188697,13,17948.525064643,29.0867579908676,Highly_Fatal_And_Damaging,11,0.26165957446808497,1,train
11380,6,0.0109988106068976,80.6,59.9817684594348,19,44313.057976137,18.675799086758,Significant_Damage_And_Serious_Injuries,1,0.47117994951316206,2,train
7474,4,0.044555720248319004,76.45,70.3281677301732,10,24386.649921265,61.41552511415521,Minor_Damage_And_Injuries,0,0.23713739632167302,1,train
2225,7,0.0005027740120415361,82.2,35.6882406563355,15,13528.4162077142,32.648401826484,Minor_Damage_And_Injuries,1,0.611100613054453,2,train
6977,5,0.0157543917646869,79.43,74.1567912488605,9,23692.097027919503,75.4337899543379,Significant_Damage_And_Fatalities,1,0.40266209880995296,2,train
5352,6,0.007972713793777321,80.78,51.3673655423883,11,32732.6183611824,45.0684931506849,Minor_Damage_And_Injuries,0,0.539697800216372,3,train
4814,3,0.137228468937994,77.67,51.276207839562396,12,27780.3160869946,41.9178082191781,Minor_Damage_And_Injuries,4,0.510848178867652,2,train
4908,7,0.00400045874080407,74.82,52.5979945305378,14,43447.1518302216,62.100456621004604,Significant_Damage_And_Serious_Injuries,5,0.45603389830508395,2,train
8738,6,0.0119400602625915,78.11,68.7784867821331,10,48088.2017203851,49.8173515981735,Significant_Damage_And_Serious_Injuries,7,0.200354129102055,4,train
8272,1,0.202495647194575,82.8,59.4348222424795,10,10730.4301304362,39.634703196347,Highly_Fatal_And_Damaging,18,0.41961125135232596,0,train
586,7,0.0037914882170522702,78.5,89.51686417502279,14,44434.087148771796,60.5479452054795,Significant_Damage_And_Fatalities,1,0.21766390191128698,3,train
10059,5,0.0298117966425456,76.35,57.520510483135794,12,43870.357040907,54.0639269406393,Minor_Damage_And_Injuries,8,0.284739271547061,2,train
9621,2,0.44453631852739095,82.19,65.3600729261623,10,32702.1479935482,61.324200913241995,Minor_Damage_And_Injuries,1,0.54763144608727,2,train
1633,5,0.0273062158003251,85.61,72.8350045578852,15,41247.2138694394,45.433789954337904,Minor_Damage_And_Injuries,1,0.259135232600072,3,train
11880,6,0.00530521382185971,79.81,68.04922515952599,14,20231.0982565313,38.675799086758,Significant_Damage_And_Serious_Injuries,2,0.311064551027768,2,train
10873,3,0.121638567542421,78.32,61.3947128532361,16,24750.8715934395,29.0867579908676,Significant_Damage_And_Serious_Injuries,14,0.38607356653443897,2,train
1834,2,0.318224181847226,81.28,65.4056517775752,11,23362.5382988508,35.4337899543379,Highly_Fatal_And_Damaging,34,0.254807789397764,4,train
12344,7,0.00235400933088621,77.61,70.4193254329991,13,25200.249230537902,50.7762557077626,Minor_Damage_And_Injuries,8,0.572153624233682,3,train
8824,3,0.131215115356971,78.85,64.4484958979034,13,26319.289765499198,63.1963470319635,Significant_Damage_And_Fatalities,16,0.414923187883159,2,train
9205,4,0.0479837060862173,79.53,53.783044667274396,9,26164.096240265,40.7305936073059,Significant_Damage_And_Fatalities,1,0.572153624233682,1,train
4937,2,0.18536869769404699,76.97,82.86235186873292,20,13214.8518929535,42.100456621004604,Significant_Damage_And_Fatalities,9,0.257332131265777,3,train
748,5,0.0170823495653645,82.39,61.303555150410205,18,25175.008694098102,12.191780821917801,Highly_Fatal_And_Damaging,4,0.39508907320591397,0,train
2997,2,0.385350791346705,75.61,53.7374658158614,18,28475.160006696602,13.37899543379,Highly_Fatal_And_Damaging,1,0.273199423007573,1,train
7299,3,0.149511410661996,77.3,64.9954421148587,10,29944.115484551003,49.0867579908676,Significant_Damage_And_Serious_Injuries,1,0.175471330688784,3,train
12452,4,0.07446729123838901,76.33,67.31996353691889,11,40589.5179998994,37.3972602739726,Highly_Fatal_And_Damaging,0,0.219827623512441,2,train
10561,6,0.0116764435606435,78.12,61.5770282588879,15,45004.00139822019,32.0547945205479,Significant_Damage_And_Serious_Injuries,20,0.366960692390912,1,train
10184,7,0.0025952734088250102,79.6,37.283500455788605,9,29656.9767538356,72.3744292237443,Significant_Damage_And_Serious_Injuries,1,0.602806346916697,1,train
9660,3,0.205151045690906,79.68,66.6818596171377,12,40973.9095182754,30.3196347031963,Highly_Fatal_And_Damaging,6,0.304212765957447,3,train
5856,4,0.0604465525608029,81.05,48.8149498632635,13,32732.6183611824,26.7123287671233,Significant_Damage_And_Fatalities,1,0.5209455463397039,2,train
3890,7,0.00285586076405534,79.22,45.62443026435739,14,29656.9767538356,62.100456621004604,Significant_Damage_And_Serious_Injuries,0,0.52238802740714,0,train
6753,2,0.28084625108574895,82.45,35.824977210574296,12,20873.6503811668,41.9178082191781,Minor_Damage_And_Injuries,1,0.8819264334655601,3,train
8911,4,0.0353204941879463,81.82,80.21877848678221,17,19391.696304701898,16.1187214611872,Highly_Fatal_And_Damaging,12,0.48308041831950893,2,train
10774,2,0.642916519438549,77.35,53.09936189608021,15,47423.386064199294,43.6529680365297,Highly_Fatal_And_Damaging,2,0.439805986296429,1,train
6433,3,0.147352118771716,87.62,76.5724703737466,14,29518.3315276388,25.296803652968002,Highly_Fatal_And_Damaging,1,0.286181752614497,1,train
402,4,0.0625009046598149,82.39,59.845031905196,15,34205.1278146446,21.369863013698602,Highly_Fatal_And_Damaging,9,0.38282798413270797,2,train
9805,3,0.16601023985890803,77.09,61.3947128532361,13,33346.971706889904,41.3698630136986,Significant_Damage_And_Serious_Injuries,6,0.330898665705012,1,train
5225,1,1.53438892314887,76.73,60.57429352780311,11,41720.133549862796,33.7442922374429,Highly_Fatal_And_Damaging,3,0.39508907320591397,2,train
8171,4,0.0583819270530569,80.24,45.3965360072927,8,31898.6401662182,80.3196347031963,Significant_Damage_And_Serious_Injuries,22,0.607133790119004,2,train
6899,2,0.416258197098539,82.81,59.2980856882407,17,30757.5517000084,12.9223744292237,Highly_Fatal_And_Damaging,5,0.392204111071042,1,train
3497,2,0.27230567324760196,76.11,71.1485870556062,16,20020.2701860792,41.0958904109589,Minor_Damage_And_Injuries,5,0.30745834835917796,1,train
11065,7,0.00301174000967889,77.38,62.7164995442115,15,32624.822618851802,34.7488584474886,Significant_Damage_And_Serious_Injuries,8,0.425020555355211,3,train
3167,7,0.00402538761167156,76.71,72.2880583409298,12,41428.983072817995,67.53424657534251,Significant_Damage_And_Fatalities,8,0.23100685178507,2,train
5600,3,0.16352633269592198,80.77,91.0665451230629,9,32746.1554861564,52.3744292237443,Highly_Fatal_And_Damaging,14,0.328734944103858,2,train
6538,7,0.0011026362175773,84.64,68.64175022789429,11,831.6955534213299,70.5022831050228,Significant_Damage_And_Fatalities,0,0.374533717994951,2,train
6923,7,0.00276139135868097,79.89,70.6472196900638,14,28891.498017638598,58.8584474885845,Significant_Damage_And_Fatalities,2,0.386434186801298,3,train
5960,4,0.0735227854053321,78.32,72.151321786691,16,40491.8862409923,19.2237442922374,Highly_Fatal_And_Damaging,7,0.38282798413270797,4,train
5400,3,0.10117521906412599,81.63,73.70100273473109,10,20406.491789574,48.4931506849315,Significant_Damage_And_Serious_Injuries,1,0.273560043274432,2,train
10864,2,0.47532266563794395,79.63,76.02552415679129,18,35006.6478704957,13.698630136986301,Highly_Fatal_And_Damaging,17,0.309622069960331,2,train
2056,4,0.0824277038157889,81.61,83.54603463992709,8,44941.580982511696,44.20091324200911,Highly_Fatal_And_Damaging,0,0.212254597908403,1,train
4261,7,0.00238118653379434,78.66,71.8778486782133,17,25824.6274374023,49.178082191780796,Significant_Damage_And_Fatalities,9,0.5735961053011179,3,train
7860,3,0.192732679814333,83.03,58.38650865998179,12,38660.0959485539,43.5159817351598,Significant_Damage_And_Serious_Injuries,2,0.61939487919221,1,train
9325,2,0.47368515865696503,75.14,64.4940747493163,16,35067.7050829379,41.9178082191781,Minor_Damage_And_Injuries,3,0.243267940858276,1,train
11870,2,0.473728357870026,77.3,50.136736554238794,7,35000.8621054718,71.9178082191781,Highly_Fatal_And_Damaging,2,0.482719798052651,3,train
398,4,0.0482410618460628,79.73,65.1321786690975,13,26548.8926588994,28.2191780821918,Highly_Fatal_And_Damaging,5,0.43908474576271206,1,train
7426,5,0.0313585716185308,81.11,35.2780309936189,12,46104.7029866108,42.4200913242009,Significant_Damage_And_Serious_Injuries,9,0.705583122971511,1,train
12262,4,0.0867404728643644,84.87,37.6481312670921,14,47124.2411106397,49.77168949771689,Minor_Damage_And_Injuries,6,0.5425827623512439,2,train
10428,2,0.478473145692437,79.28,55.241567912488605,11,35207.3986716271,48.401826484018294,Minor_Damage_And_Injuries,9,0.276805625676163,2,train
6089,3,0.16817304288473597,80.67,54.557885141294406,18,33896.0232636711,34.0182648401826,Minor_Damage_And_Injuries,8,0.371648755860079,1,train
8134,6,0.007545438471834629,81.45,62.1239744758432,12,28542.004184011003,42.3744292237443,Significant_Damage_And_Serious_Injuries,8,0.427905517490083,1,train
7942,5,0.0252195650776522,80.91,57.520510483135794,3,36687.8536553496,56.62100456620999,Highly_Fatal_And_Damaging,12,0.620476739992787,2,train
10403,3,0.155972033378461,77.49,73.9744758432088,13,31556.387280286403,38.310502283105,Significant_Damage_And_Serious_Injuries,54,0.334144248106743,1,train
4485,4,0.0748983296849029,77.84,84.8678213309025,12,41117.873724951,29.7260273972603,Highly_Fatal_And_Damaging,19,0.326571222502704,1,train
3325,1,0.9938911411849691,80.02,83.9106654512306,11,26920.037175243102,57.671232876712295,Minor_Damage_And_Injuries,0,0.24290732059141698,1,train
1423,4,0.0640170538543537,76.89,82.2242479489517,16,35183.5773073215,29.0867579908676,Significant_Damage_And_Serious_Injuries,3,0.23894049765596803,1,train
10100,3,0.143183126568889,77.91,74.65815861440291,11,28419.8873739028,47.5799086757991,Significant_Damage_And_Serious_Injuries,9,0.224515686981608,1,train
2450,6,0.00814549614910403,80.55,55.0592525068368,11,32879.763637696,45.433789954337904,Minor_Damage_And_Injuries,12,0.47117994951316206,1,train
5078,3,0.27447787565096,81.43,69.8723792160438,14,56901.2286582211,46.8493150684931,Minor_Damage_And_Injuries,4,0.430790479624955,3,train
9655,6,0.0110794939431453,81.02,71.64995442114859,17,43780.0739571033,27.397260273972602,Significant_Damage_And_Serious_Injuries,6,0.438363505228994,3,train
8647,3,0.147269092453377,82.52,66.1349134001823,10,29542.2935498954,49.5890410958904,Significant_Damage_And_Serious_Injuries,12,0.36263324918860396,1,train
5664,3,0.202363110539689,78.91,40.2917046490429,15,40296.8160759999,44.4292237442922,Highly_Fatal_And_Damaging,1,0.409874504147133,3,train
5731,2,0.5542278320310611,81.05,57.2014585232452,15,40968.874304452795,46.1187214611872,Minor_Damage_And_Injuries,1,0.311425171294627,3,train
960,2,0.39562322265235605,82.45,62.5341841385597,8,29304.8242976306,80.5936073059361,Significant_Damage_And_Fatalities,11,0.409513883880274,2,train
3651,1,0.801345074673129,80.12,62.944393801276206,15,21441.7533147781,22.8767123287671,Highly_Fatal_And_Damaging,2,0.482359177785791,2,train
2043,6,0.0082036562864502,78.46,86.9644484958979,16,32825.2372071523,30.4566210045662,Significant_Damage_And_Serious_Injuries,0,0.346405337179949,2,train