Accident_ID,Accident_Type_Code,Adverse_Weather_Metric,Cabin_Temperature,Control_Metric,Days_Since_Inspection,Max_Elevation,Safety_Score,Severity,Total_Safety_Complaints,Turbulence_In_gforces,Violations,source
12430,4,0.0528505428278382,79.45,66.5907019143118,14,29589.385407665297,37.7625570776256,Significant_Damage_And_Serious_Injuries,4,0.460000721240533,3,train
10577,2,0.153524645586453,87.06,58.7967183226983,8,11360.597917622701,68.2648401826484,Minor_Damage_And_Injuries,8,0.21117273710782503,3,train
11028,1,1.10778440135055,78.2,87.693710118505,13,30095.00139223,62.739726027397296,Significant_Damage_And_Fatalities,1,0.174028849621349,5,train
4648,3,0.16370405083918801,78.66,62.807657247037405,15,32904.506165209,33.7442922374429,Significant_Damage_And_Serious_Injuries,16,0.3932859718716189,1,train
8964,4,0.05994597155975,81.78,66.9553327256153,13,32791.014743688196,41.5525114155251,Significant_Damage_And_Serious_Injuries,2,0.450263974035341,1,train
1181,2,0.524736019890271,78.15,53.96536007292621,13,39207.8409430981,49.49771689497721,Minor_Damage_And_Injuries,2,0.43223296069239103,0,train
1446,4,0.0543696861900085,79.14,62.853236098450296,12,30063.6622439764,31.8264840182648,Highly_Fatal_And_Damaging,1,0.312507032095204,1,train
8855,6,0.0065306456156929,75.98,66.3172288058341,10,26277.0351261399,49.726027397260296,Significant_Damage_And_Serious_Injuries,10,0.41095636494771004,3,train
7577,4,0.039778086972713,76.68,60.7110300820419,15,21688.9895257797,44.885844748858396,Minor_Damage_And_Injuries,0,0.504717634331049,3,train
8231,3,0.117363089762599,83.01,86.05287146763901,12,23639.852097366802,31.0958904109589,Highly_Fatal_And_Damaging,7,0.296639740353408,2,train
3983,4,0.0600821670394064,82.2,74.29352780309941,11,32729.3914910183,35.9817351598173,Highly_Fatal_And_Damaging,4,0.263823296069239,2,train
5227,2,0.311931453316891,79.97,54.2844120328168,14,23011.415803369502,35.0228310502283,Minor_Damage_And_Injuries,3,0.487407861521817,1,train
2638,6,0.00985056613714295,77.94,69.37101185050139,8,39093.6178901909,45.15981735159821,Highly_Fatal_And_Damaging,29,0.278608727010458,1,train
6149,3,0.222453976681263,83.1,64.6308113035552,6,44792.4219458738,63.972602739726,Significant_Damage_And_Serious_Injuries,2,0.365518211323476,1,train
8422,1,0.9979805744848821,84.26,59.480401093892496,14,27108.1286016377,36.5753424657534,Significant_Damage_And_Serious_Injuries,5,0.322965019834114,1,train
5145,4,0.0657919157803562,75.29,75.38742023701,15,35974.8217427248,43.47031963470321,Minor_Damage_And_Injuries,9,0.39112225027046504,1,train
3249,3,0.19619098620071304,78.21,69.8268003646308,14,39117.4599820194,37.5799086757991,Significant_Damage_And_Serious_Injuries,4,0.258053371799495,2,train
9469,6,0.005098132215622,80.95,66.04375569735639,18,23183.578777298197,22.328767123287697,Significant_Damage_And_Serious_Injuries,6,0.269953840605842,1,train
6795,4,0.0531635622842917,75.84,71.0118505013674,15,29472.800453222997,21.2328767123288,Highly_Fatal_And_Damaging,3,0.28870609448251,4,train
9295,2,0.43676519148166204,78.49,56.8368277119417,18,32314.577381767,24.657534246575302,Minor_Damage_And_Injuries,11,0.4087926433465561,3,train
2642,4,0.0350890825621048,79.47,61.9416590701914,7,18411.0289640045,47.3972602739726,Highly_Fatal_And_Damaging,6,0.304934006491165,2,train
9398,5,0.0250939843420193,81.57,69.00638103919779,9,36989.0802344552,52.283105022831,Significant_Damage_And_Serious_Injuries,0,0.39436783267219605,4,train
11446,7,0.0041155334855378705,80.9,44.8951686417502,16,43993.907529507,54.4292237442922,Highly_Fatal_And_Damaging,33,0.621919221060224,2,train
7041,3,0.20178360182813,80.76,81.9051959890611,11,40532.7854398732,45.79908675799089,Significant_Damage_And_Serious_Injuries,4,0.226679408582762,3,train
5480,2,0.674668995640191,82.85,39.8814949863264,12,49762.797061373894,55.15981735159821,Highly_Fatal_And_Damaging,3,0.70233754056978,4,train
1587,7,0.00139529357099632,88.57,61.212397447584294,10,9025.60454240942,75.52511415525109,Significant_Damage_And_Fatalities,1,0.368403173458348,5,train
7653,4,0.0391679024826592,77.65,75.47857793983592,13,21554.55213466,39.726027397260296,Significant_Damage_And_Serious_Injuries,7,0.311064551027768,1,train
10666,3,0.146834841957242,78.46,55.9252506836828,12,29541.1841118771,42.328767123287705,Minor_Damage_And_Injuries,3,0.550877028489001,3,train
516,4,0.0452453456509353,78.16,59.845031905196,15,24759.8019662104,21.2785388127854,Highly_Fatal_And_Damaging,11,0.500029570861882,1,train
10081,7,0.00299716120370222,79.33,61.89608021877849,13,33373.0269272214,40.2283105022831,Significant_Damage_And_Serious_Injuries,0,0.45603389830508395,2,train
6525,6,0.008087326961384691,80.52,61.89608021877849,14,30858.543137353397,37.5342465753425,Significant_Damage_And_Serious_Injuries,9,0.453509556437072,1,train
1654,1,0.894482923105375,82.46,61.485870556062004,14,24420.713003042,36.164383561643795,Significant_Damage_And_Serious_Injuries,5,0.44737901190046897,1,train
11306,7,0.00166863062454567,78.91,80.0364630811304,15,22214.445458565402,43.698630136986296,Minor_Damage_And_Injuries,0,0.29519725928597196,1,train
5909,3,0.16750355692314,81.78,64.4940747493163,10,33607.4557979406,48.4931506849315,Significant_Damage_And_Serious_Injuries,19,0.3352261089073211,1,train
5240,2,0.31695807411597304,81.2,66.6362807657247,13,23407.410999469,28.2191780821918,Highly_Fatal_And_Damaging,0,0.4257417958889289,2,train
6289,3,0.0665379775736837,80.67,69.1431175934367,15,13375.354862521399,31.369863013698602,Significant_Damage_And_Serious_Injuries,2,0.37489433826181,2,train
5739,6,0.0129816301448266,77.6,62.1695533272562,14,51754.9703998605,35.7990867579909,Significant_Damage_And_Serious_Injuries,4,0.41564442841687704,0,train
5238,6,0.00914632811267066,84.33,80.4466727438469,18,36011.634543554,24.2465753424658,Significant_Damage_And_Serious_Injuries,6,0.350372160115398,2,train
4475,2,0.551419592392081,78.91,74.88605287146758,11,40754.7656202953,35.388127853881294,Highly_Fatal_And_Damaging,6,0.236776776054814,0,train
11859,3,0.177891441142579,81.15,79.39835916134909,18,36002.5313878639,23.607305936073104,Significant_Damage_And_Serious_Injuries,0,0.396892174540209,2,train
10680,7,0.0034339365830663897,84.8,75.8432087511395,9,38728.4865016046,77.99086757990871,Significant_Damage_And_Fatalities,12,0.19710854670032502,2,train
9277,6,0.0102266959448952,76.95,56.79124886052871,9,37657.6872093112,40.273972602739704,Highly_Fatal_And_Damaging,6,0.37597619906238705,1,train
6587,1,0.387799082295146,78.37,85.4147675478578,16,12542.5506074795,16.2100456621005,Highly_Fatal_And_Damaging,33,0.421053732419762,1,train
2749,6,0.00890099870458009,86.13,65.1321786690975,16,34524.312329603796,31.0958904109589,Significant_Damage_And_Serious_Injuries,6,0.27896934727731704,3,train
2385,3,0.19556678318049597,80.13,40.5195989061076,13,39304.3609998045,28.9041095890411,Highly_Fatal_And_Damaging,1,0.505078254597908,0,train
3599,7,0.00226741238790717,79.81,68.003646308113,17,23720.178932652598,48.6301369863014,Significant_Damage_And_Fatalities,3,0.452067075369635,4,train
3679,2,0.643975973223763,78.28,80.4010938924339,7,47433.0780312655,70.5479452054795,Minor_Damage_And_Injuries,5,0.293394157951677,4,train
9172,7,0.00280722767312088,77.36,60.1640838650866,13,28153.6835624095,64.88584474885839,Significant_Damage_And_Fatalities,7,0.30709772809231894,3,train
9447,7,0.0044289702451501,82.22,68.5050136736554,8,49898.0501197341,70.0,Minor_Damage_And_Injuries,6,0.37489433826181,2,train
11395,4,0.0471571412717711,82.21,72.8805834092981,11,25564.944306716898,33.7899543378995,Highly_Fatal_And_Damaging,5,0.406989542012261,2,train
5981,2,0.572514343273642,77.99,65.2689152233364,9,42303.4059989138,65.79908675799089,Minor_Damage_And_Injuries,18,0.36083014785430895,0,train
8252,3,0.11908257242012299,83.6,55.6973564266181,10,24023.587745112403,51.1872146118721,Significant_Damage_And_Serious_Injuries,15,0.5029145329967539,3,train
9644,1,1.02676320216031,81.78,61.485870556062004,18,27761.953858369703,33.1050228310502,Minor_Damage_And_Injuries,2,0.318276956364948,3,train
5596,4,0.0636819837649643,78.16,70.5560619872379,15,35054.2608595548,20.5479452054795,Highly_Fatal_And_Damaging,0,0.24146483952398104,1,train
7019,3,0.174017804712837,79.42,64.4940747493163,11,35167.1709289219,58.4931506849315,Minor_Damage_And_Injuries,10,0.38823728813559294,1,train
10016,5,0.0156495657213551,77.26,65.2689152233364,13,22999.9480219285,40.3196347031963,Significant_Damage_And_Serious_Injuries,9,0.22595816804904398,2,train
9094,7,0.0011026362175773,82.26,73.1996353691887,13,16229.7283441618,61.872146118721396,Significant_Damage_And_Fatalities,20,0.29591849981969,3,train
1911,2,0.55117256042946,78.49,55.9708295350957,13,40741.8822675604,51.0502283105023,Highly_Fatal_And_Damaging,6,0.462525063108547,3,train
8985,2,0.602231712097975,84.67,55.1048313582498,16,44790.44437982071,40.7762557077626,Highly_Fatal_And_Damaging,1,0.30709772809231894,3,train
8126,3,0.15149360081567903,79.75,54.922515952598,14,30190.765314686498,46.6666666666667,Highly_Fatal_And_Damaging,4,0.317555715831229,2,train
6693,2,0.170460593515575,77.91,91.3855970829535,11,12091.874378793998,57.5342465753425,Minor_Damage_And_Injuries,11,0.16248900108186098,3,train
2030,6,0.0027925418240612302,77.78,48.268003646308095,17,11567.0794388674,47.5342465753425,Significant_Damage_And_Serious_Injuries,16,0.585857194374324,4,train
2560,4,0.0883594086111667,79.37,69.18869644484961,10,48088.2017203851,40.365296803653,Highly_Fatal_And_Damaging,7,0.24543166245943,1,train
4631,5,0.0163890504418398,82.43,66.6362807657247,11,25842.7105033025,57.9908675799087,Minor_Damage_And_Injuries,0,0.24651352326000697,3,train
3919,1,0.9979805744848821,83.57,55.0136736554239,18,27379.9200368358,33.607305936073104,Highly_Fatal_And_Damaging,1,0.384631085467003,2,train
9070,3,0.205700937392858,87.27,77.4840474020055,11,40757.3230112037,47.7625570776256,Significant_Damage_And_Serious_Injuries,2,0.315391994230076,2,train
506,6,0.00961789780026553,81.37,52.461257976299,12,40833.4652166856,44.0182648401826,Minor_Damage_And_Injuries,7,0.392564731337901,2,train
10019,1,1.72329445619369,81.24,85.9617137648131,9,47280.00055767981,40.7762557077626,Highly_Fatal_And_Damaging,3,0.247234763793725,2,train
10011,6,0.010121604078669001,78.21,82.9079307201459,11,37541.6763730355,45.7534246575342,Significant_Damage_And_Serious_Injuries,2,0.262380815001803,1,train
2164,4,0.0648977629890459,80.92,58.4776663628077,6,35800.955661762404,53.01369863013699,Highly_Fatal_And_Damaging,7,0.311064551027768,2,train
10632,1,1.1292636605,84.56,60.1640838650866,9,30878.7985441465,40.273972602739704,Highly_Fatal_And_Damaging,0,0.231728092318788,2,train
11471,7,0.00476454771995168,77.19,61.9416590701914,12,60252.163369468704,53.9269406392694,Minor_Damage_And_Injuries,23,0.527436711143166,3,train
4931,7,0.00436632490027057,79.83,87.83044667274392,4,48141.3485544039,70.5479452054795,Significant_Damage_And_Serious_Injuries,5,0.18845366029570798,4,train
7238,6,0.007428757903927379,85.06,63.76481312670921,11,29078.857107262298,45.5707762557078,Significant_Damage_And_Serious_Injuries,0,0.417808150018031,0,train
7115,6,0.007037899937134641,79.67,80.1276207839562,17,28529.865641290897,50.273972602739704,Significant_Damage_And_Fatalities,0,0.358305805986296,1,train
11629,7,0.00128123662337609,76.3,84.5487693710119,14,15690.4942394297,59.315068493150704,Significant_Damage_And_Fatalities,1,0.30998269022719105,2,train
4987,1,1.10131814762192,77.69,74.74931631722879,11,30077.4161879637,34.6575342465753,Highly_Fatal_And_Damaging,5,0.300606563288856,1,train
9058,7,0.00277618537959387,80.35,57.2926162260711,17,30323.341797741698,27.8995433789954,Significant_Damage_And_Serious_Injuries,1,0.46613126577713604,4,train
3065,7,0.0021179586552055396,85.71,64.2661804922516,11,27287.792986549503,70.365296803653,Significant_Damage_And_Fatalities,1,0.31935881716552506,3,train
9326,3,0.11682712877859698,79.12,45.67000911577029,12,23634.9170656621,42.100456621004604,Minor_Damage_And_Injuries,12,0.350011539848539,2,train
6284,2,0.5274874105426011,78.87,64.8587055606199,13,38767.359602745695,51.232876712328796,Minor_Damage_And_Injuries,2,0.333423007573026,3,train
5940,6,0.00851016851792038,78.03,80.0364630811304,15,34497.883599544904,44.4748858447489,Minor_Damage_And_Injuries,0,0.262380815001803,2,train
814,2,0.41740739591575804,80.24,78.07657247037379,11,30843.079330967998,36.11872146118721,Highly_Fatal_And_Damaging,3,0.20576343310494002,1,train
1339,4,0.0791311957739559,78.16,59.799453053783104,14,43204.168991685496,22.7397260273973,Highly_Fatal_And_Damaging,6,0.377418680129823,1,train
670,1,1.5316165351055901,76.74,73.6554238833182,11,41633.6539554493,34.337899543379,Highly_Fatal_And_Damaging,8,0.40590768121168397,3,train
10567,2,0.42471250415918893,83.56,85.7793983591614,14,31279.259129209702,46.8493150684931,Minor_Damage_And_Injuries,10,0.289427335016228,2,train
5143,5,0.0295882262366942,76.3,50.6381039197812,6,43378.4381107207,52.3744292237443,Significant_Damage_And_Fatalities,12,0.354699603317706,1,train
2607,7,0.0042971745609235,79.18,75.75205104831359,13,45795.5029606522,61.7808219178082,Significant_Damage_And_Fatalities,13,0.39292535160476,4,train
1937,5,0.0270927366444278,78.4,40.838650865998204,12,38537.363408144905,53.0593607305936,Highly_Fatal_And_Damaging,1,0.538615939415795,0,train
8145,2,0.146846222191999,79.58,41.6134913400182,14,11344.0221880675,37.3059360730594,Minor_Damage_And_Injuries,3,0.5342884962134871,3,train
9146,3,0.0875982172101418,78.68,54.968094804010896,12,17731.5542769187,44.611872146118706,Minor_Damage_And_Injuries,8,0.442330328164443,2,train
2011,2,0.498635558744046,83.25,69.00638103919779,17,36933.8446810816,36.4383561643836,Minor_Damage_And_Injuries,2,0.33306238730616605,3,train
503,2,0.39343991378378207,78.67,61.3947128532361,11,29071.495945068,57.5342465753425,Minor_Damage_And_Injuries,11,0.523469888207717,2,train
4375,6,0.0119468965853497,79.08,73.4275296262534,11,45618.8570899891,44.9315068493151,Significant_Damage_And_Serious_Injuries,2,0.29736098088712604,1,train
4843,4,0.0492519989432694,76.13,58.7511394712853,10,26782.0242843159,62.648401826484005,Minor_Damage_And_Injuries,15,0.46721312657771297,2,train
9611,2,0.28359564915839097,77.05,64.5852324521422,12,21213.1243663008,56.712328767123296,Minor_Damage_And_Injuries,18,0.339192931842769,1,train
8978,2,0.49228732298939104,84.52,57.520510483135794,12,36517.8760767438,54.109589041095894,Minor_Damage_And_Injuries,6,0.463967544175982,2,train
9555,4,0.0674837302135489,75.98,52.82588878760261,18,36624.2796276571,11.8721461187215,Significant_Damage_And_Fatalities,1,0.6385077533357371,1,train
2669,3,0.149447389548586,80.98,86.9644484958979,13,29955.5307373448,27.9908675799087,Highly_Fatal_And_Damaging,10,0.14337612693833401,2,train
1977,2,0.596791289287252,81.92,57.748404740200606,17,43971.7104530714,49.4520547945205,Significant_Damage_And_Fatalities,1,0.342799134511359,3,train
8163,3,0.0815450263010881,76.86,69.5533272561531,16,16902.3486971747,29.406392694063896,Significant_Damage_And_Serious_Injuries,10,0.31034331049404995,3,train
6141,2,0.5323831645572229,79.73,53.2360984503191,16,39434.2561052846,39.726027397260296,Highly_Fatal_And_Damaging,7,0.38210674359899,3,train
10193,4,0.0528451340525014,77.83,50.136736554238794,12,29502.763421053198,29.7716894977169,Significant_Damage_And_Fatalities,1,0.5032751532636129,4,train
1695,1,1.8829498114848602,80.83,76.5724703737466,8,49358.5325672116,46.62100456620999,Highly_Fatal_And_Damaging,10,0.23713739632167302,1,train
2034,7,0.00401669100153598,80.16,41.5223336371923,18,42912.5244287391,33.5616438356164,Minor_Damage_And_Injuries,5,0.6082156509195811,1,train
4967,3,0.21546132796126802,77.73,90.154968094804,12,43569.6921226912,41.1415525114155,Significant_Damage_And_Serious_Injuries,2,0.28690299314821505,2,train
10852,4,0.0506515878177534,77.75,58.7967183226983,8,27563.074797666002,45.7077625570776,Highly_Fatal_And_Damaging,0,0.5036357735304721,1,train
10147,3,0.10117521906412599,82.57,77.7575205104832,16,20487.8674821751,30.8675799086758,Significant_Damage_And_Serious_Injuries,2,0.38607356653443897,1,train
8929,4,0.0425306022859063,80.86,54.649042844120295,23,23308.3336502321,2.64840182648402,Highly_Fatal_And_Damaging,8,0.42177497295348,1,train
11158,3,0.127676290244675,79.21,70.0091157702826,16,25949.100339733,29.0867579908676,Significant_Damage_And_Serious_Injuries,18,0.46432816444284203,3,train
7242,4,0.0544392802512786,79.46,54.876937101185,11,29784.7464710627,35.0684931506849,Significant_Damage_And_Fatalities,7,0.448100252434187,2,train
606,4,0.0216622052761879,78.92,72.4247948951687,17,12024.898224047,15.296803652967998,Highly_Fatal_And_Damaging,0,0.324046880634692,2,train
2020,2,0.516512802350989,79.22,52.2789425706472,15,37999.3671044333,42.9223744292237,Minor_Damage_And_Injuries,3,0.330177425171295,1,train
2032,6,0.00631949156737795,78.94,74.1567912488605,10,23744.0693140378,38.4474885844749,Highly_Fatal_And_Damaging,4,0.363354489722322,2,train
11285,3,0.142325653105797,79.36,69.91795806745671,11,28586.8716057328,47.5342465753425,Significant_Damage_And_Serious_Injuries,23,0.249759105661738,1,train
10619,6,0.0103224581295027,77.41,76.6180492251596,18,41688.6508922927,23.6986301369863,Significant_Damage_And_Serious_Injuries,5,0.23894049765596803,2,train
4964,3,0.10589240669315302,79.09,73.5186873290793,11,21154.8577344722,45.9817351598173,Significant_Damage_And_Serious_Injuries,12,0.347126577713667,3,train
7026,2,0.427712027840683,76.2,66.4995442114859,16,31546.4382673113,41.9178082191781,Minor_Damage_And_Injuries,22,0.387876667868734,3,train
7994,7,0.000316423240403076,80.45,78.07657247037379,2,16209.2902996607,91.1872146118722,Significant_Damage_And_Fatalities,3,0.350372160115398,2,train
8527,7,0.0028927100917705397,85.4,71.8322698268004,14,31355.0755976643,59.9543378995434,Significant_Damage_And_Fatalities,23,0.33702921024161503,3,train
8979,3,0.0728513382155746,75.02,59.024612579763,9,14532.7383864601,54.109589041095894,Significant_Damage_And_Serious_Injuries,10,0.36263324918860396,1,train
7751,6,0.0027925418240612302,79.64,39.6991795806746,16,5142.286073104389,29.8173515981735,Minor_Damage_And_Injuries,6,0.729023440317345,3,train
4697,4,0.0763205990087241,80.2,64.0382862351869,12,41578.7169861032,30.9132420091324,Highly_Fatal_And_Damaging,0,0.368042553191489,1,train
29,6,0.00892827044876468,77.86,61.212397447584294,8,34199.8915692623,57.1232876712329,Significant_Damage_And_Serious_Injuries,12,0.335947349441038,3,train
8841,1,1.84388606166323,82.45,71.2397447584321,13,51049.380150028395,28.4018264840183,Highly_Fatal_And_Damaging,29,0.249759105661738,1,train
9690,6,0.00812064429298881,76.95,63.30902461257979,14,31432.1242314197,37.1689497716895,Significant_Damage_And_Serious_Injuries,0,0.49678398846015104,2,train
4595,6,0.00722205940997227,78.97,59.024612579763,16,28509.759682248798,29.634703196346997,Significant_Damage_And_Serious_Injuries,13,0.284739271547061,3,train
3405,1,0.8313007031938701,78.49,50.5925250683683,18,22620.012762986,23.8812785388128,Minor_Damage_And_Injuries,7,0.509045077533357,4,train
12306,5,0.0273168021552321,79.77,71.42206016408392,8,41503.9998388946,46.1187214611872,Highly_Fatal_And_Damaging,1,0.25841399206635396,3,train
7433,6,0.0103432707168601,84.1,63.30902461257979,14,41920.2471614135,36.8493150684931,Significant_Damage_And_Serious_Injuries,1,0.334865488640461,2,train
920,3,0.17874729903316897,80.44,69.1431175934367,12,36245.8319846325,41.1415525114155,Significant_Damage_And_Serious_Injuries,4,0.32008005769924297,2,train
7027,6,0.00851016851792038,79.77,41.4311759343665,11,36030.6528778845,45.890410958904106,Minor_Damage_And_Injuries,7,0.45891886043995594,1,train
8633,7,0.00235400933088621,83.72,58.38650865998179,8,24973.6836872682,45.7077625570776,Highly_Fatal_And_Damaging,0,0.530321673278038,4,train
442,4,0.0578632306636776,77.97,60.4375569735643,9,30754.886611054,54.2922374429224,Highly_Fatal_And_Damaging,2,0.353978362783988,2,train
3567,6,0.00463226113987301,78.32,57.0191431175934,13,18661.7138068118,38.7214611872146,Minor_Damage_And_Injuries,0,0.514454381536242,4,train
64,3,0.17069849613110996,83.22,68.1859617137648,10,34132.2412197546,38.9954337899543,Highly_Fatal_And_Damaging,2,0.35902704652001394,1,train
5024,5,0.0165134897469149,82.17,79.3072014585233,10,25486.8254567764,61.0502283105023,Minor_Damage_And_Injuries,7,0.28365741074648404,1,train
10732,4,0.0659869669203887,83.97,65.22333637192351,8,36384.8862884969,44.4748858447489,Highly_Fatal_And_Damaging,14,0.35109340064911604,2,train
7695,3,0.101519827745638,83.73,53.600729261622604,12,20654.0788047055,41.9634703196347,Minor_Damage_And_Injuries,19,0.566744320230797,4,train
5550,3,0.205151045690906,80.53,62.2607110300821,13,41432.748713901805,28.675799086757998,Highly_Fatal_And_Damaging,1,0.325128741435269,2,train
434,4,0.0468091662274168,76.27,51.2306289881495,15,25727.7349879248,44.20091324200911,Highly_Fatal_And_Damaging,2,0.5836934727731701,2,train
6462,2,0.30682968039916897,79.19,59.161349134001796,8,22429.8625953409,79.5433789954338,Significant_Damage_And_Fatalities,4,0.28906671474936896,3,train
923,7,0.00141753325541133,82.48,59.2069279854148,9,13949.2541692102,40.365296803653,Highly_Fatal_And_Damaging,10,0.300245943021998,0,train
11281,2,0.339470394778478,83.21,57.4293527803099,6,25377.6139205903,62.1461187214612,Significant_Damage_And_Serious_Injuries,1,0.465410025243419,2,train
10368,3,0.208458585806466,84.48,77.6663628076573,10,41662.6922278005,50.7762557077626,Significant_Damage_And_Serious_Injuries,12,0.23100685178507,2,train
3758,5,0.0179640495250665,79.64,59.7538742023701,12,27584.056491732,43.150684931506795,Significant_Damage_And_Serious_Injuries,4,0.43511792282726297,2,train
10612,4,0.0491625667836762,82.81,53.7374658158614,17,26607.923991415897,12.9223744292237,Highly_Fatal_And_Damaging,8,0.49281716552470295,3,train
5808,3,0.0587975074186055,77.56,80.8113035551504,12,12595.428881436,55.433789954337904,Minor_Damage_And_Injuries,4,0.219467003245582,2,train
9344,7,0.00263456360001387,81.79,48.222424794895204,17,29646.1499330135,47.5342465753425,Significant_Damage_And_Serious_Injuries,4,0.610018752253877,2,train
2871,4,0.0541065660538752,78.46,57.520510483135794,12,28783.699290521003,31.1415525114155,Highly_Fatal_And_Damaging,1,0.323325640100974,2,train
9987,2,0.478473145692437,75.67,51.9143117593437,13,35305.862905291804,51.0502283105023,Highly_Fatal_And_Damaging,3,0.538976559682654,1,train
11496,1,0.9972523201174059,75.25,79.9453053783045,15,27416.394748810897,22.0547945205479,Highly_Fatal_And_Damaging,19,0.267429498737829,1,train
307,1,1.36557480095835,79.63,68.2771194165907,15,36731.4594114037,45.662100456621,Minor_Damage_And_Injuries,3,0.335586729174179,4,train
8235,6,0.00614976079197071,78.82,72.5615314494075,14,25722.528024218398,35.4794520547945,Significant_Damage_And_Serious_Injuries,1,0.31214641182834496,2,train
5697,3,0.145406245169267,81.37,60.3919781221513,13,29333.0700005052,63.1963470319635,Significant_Damage_And_Fatalities,1,0.231728092318788,1,train
9898,3,0.159919770812086,79.46,64.2661804922516,15,32127.8884623933,33.2420091324201,Significant_Damage_And_Serious_Injuries,2,0.50796321673278,2,train
5347,3,0.19568489082524698,77.55,60.027347310847794,12,39422.8467693878,44.703196347032005,Significant_Damage_And_Serious_Injuries,4,0.6330984493328521,2,train
8753,4,0.0497094031861019,78.41,71.1030082041933,15,27296.495090287597,19.9086757990868,Highly_Fatal_And_Damaging,4,0.506160115398485,1,train
9606,5,0.0199273006311425,82.02,57.520510483135794,20,31365.239571317998,2.7397260273972597,Highly_Fatal_And_Damaging,1,0.30854020915975394,2,train
10250,7,0.00400941681555015,76.95,47.0829535095716,14,45290.8914732731,24.8858447488584,Significant_Damage_And_Fatalities,22,0.448460872701046,2,train
4015,2,0.203271717800248,79.08,62.5341841385597,11,13007.02233062,56.5753424657534,Minor_Damage_And_Injuries,1,0.40266209880995296,1,train
3832,1,1.0588500687495601,78.16,69.7812215132179,15,28793.168694031498,33.1050228310502,Significant_Damage_And_Serious_Injuries,2,0.28906671474936896,1,train
10151,2,0.309756512735612,81.44,53.6463081130356,17,23192.1558746436,38.8584474885845,Highly_Fatal_And_Damaging,12,0.293033537684818,1,train
4353,2,0.35232572373360105,77.31,65.49680948040111,9,26020.7634174777,64.337899543379,Minor_Damage_And_Injuries,0,0.272478182473855,3,train
2444,4,0.0827860671099331,74.95,42.8441203281678,10,45857.9659867691,39.406392694063896,Significant_Damage_And_Fatalities,2,0.42898737829066,2,train
945,1,1.3421932486929098,77.89,49.6809480401094,15,36463.5453790652,34.0182648401826,Minor_Damage_And_Injuries,13,0.696567616300036,2,train
7782,4,0.0576230616227392,78.41,70.510483135825,15,31115.766134544,20.2283105022831,Highly_Fatal_And_Damaging,3,0.38282798413270797,2,train
1904,5,0.0184283725792126,83.53,84.68550592525071,9,27286.2947282904,64.5662100456621,Minor_Damage_And_Injuries,2,0.269953840605842,1,train
313,1,1.2680776739922,81.73,88.0583409298086,9,34371.5426025527,42.328767123287705,Highly_Fatal_And_Damaging,9,0.281854309412189,3,train
2605,6,0.008087326961384691,77.7,71.7411121239745,11,31439.468475677797,47.351598173515995,Significant_Damage_And_Serious_Injuries,12,0.38102488279841296,2,train
3718,2,0.397454927362596,79.94,50.27347310847771,13,29508.8846091564,49.2694063926941,Highly_Fatal_And_Damaging,7,0.40807140281283794,2,train
2150,4,0.0717069574184071,81.02,66.362807657247,12,39269.0539266116,31.369863013698602,Highly_Fatal_And_Damaging,11,0.321883159033537,2,train
11487,6,0.008360822678381409,78.28,63.172288058340904,16,33567.8763125468,17.3972602739726,Highly_Fatal_And_Damaging,14,0.33811107104219196,1,train
4399,2,0.674668995640191,77.86,37.8304466727438,19,49762.797061373894,20.8675799086758,Minor_Damage_And_Injuries,1,0.600282005048683,2,train
10377,7,0.0037500668344686897,80.09,82.86235186873292,19,44941.580982511696,42.100456621004604,Significant_Damage_And_Fatalities,11,0.245071042192571,2,train
5132,4,0.0320805077660302,81.27,73.60984503190521,11,17417.2482375906,33.972602739726,Highly_Fatal_And_Damaging,2,0.40590768121168397,2,train
2104,4,0.0704870568565678,77.71,51.1850501367366,12,38800.9673142313,30.1369863013699,Significant_Damage_And_Fatalities,0,0.59415146051208,3,train
5963,6,0.00897565017253988,77.62,70.9206927985415,19,36662.2802611695,20.958904109589,Significant_Damage_And_Serious_Injuries,16,0.276805625676163,2,train
12418,1,1.25007868278081,77.43,80.6289881494986,17,34124.337698238196,14.5205479452055,Highly_Fatal_And_Damaging,14,0.298803461954562,2,train
2025,2,0.41379862824029495,77.64,64.4940747493163,11,30615.0043937329,58.2648401826484,Minor_Damage_And_Injuries,10,0.27788748647674,1,train
8270,2,0.49978537476430296,79.43,52.18778486782129,12,37050.8568808506,42.328767123287705,Significant_Damage_And_Serious_Injuries,8,0.7293840605842049,3,train
10231,2,0.493776601022126,79.97,51.0938924339107,14,36091.5527721269,36.301369863013704,Minor_Damage_And_Injuries,4,0.377418680129823,1,train
4956,1,0.9784546265153471,78.94,65.9981768459435,15,26565.0475824998,42.9223744292237,Minor_Damage_And_Injuries,3,0.40338333934367104,3,train
10760,7,0.00397253120656083,84.83,80.6289881494986,7,42820.7213445713,82.23744292237441,Significant_Damage_And_Fatalities,23,0.226679408582762,2,train