Accident_ID,Accident_Type_Code,Adverse_Weather_Metric,Cabin_Temperature,Control_Metric,Days_Since_Inspection,Max_Elevation,Safety_Score,Severity,Total_Safety_Complaints,Turbulence_In_gforces,Violations,source
5593,1,1.3604017161145,77.93,52.5524156791249,11,36925.0352582009,46.4383561643836,Minor_Damage_And_Injuries,0,0.3932859718716189,1,train
3584,3,0.12486886731060699,78.86,67.9124886052872,12,24975.911364084903,42.8767123287671,Significant_Damage_And_Serious_Injuries,14,0.352535881716553,2,train
8247,3,0.11743832832642,80.89,54.7402005469462,10,23595.2491430253,48.9954337899543,Minor_Damage_And_Injuries,35,0.539697800216372,3,train
7262,4,0.0427579131486447,78.91,59.6171376481313,16,23226.5720302617,18.1735159817352,Highly_Fatal_And_Damaging,10,0.476589253516048,2,train
9567,4,0.0515852646711956,81.2,53.1905195989061,18,28475.160006696602,12.6027397260274,Significant_Damage_And_Fatalities,21,0.315752614496934,2,train
9503,1,1.3089708411532701,78.13,50.6836827711942,18,35654.721933341,13.37899543379,Significant_Damage_And_Fatalities,12,0.527076090876307,3,train
3126,6,0.009819602798823691,81.89,52.5979945305378,11,42176.9222862854,45.0684931506849,Minor_Damage_And_Injuries,1,0.417808150018031,2,train
12113,1,1.03274750346758,77.74,51.1850501367366,17,28411.223198046002,14.703196347032002,Significant_Damage_And_Fatalities,3,0.487407861521817,2,train
6285,3,0.20409022088832396,77.8,52.643573381950794,6,40844.1082299599,64.1552511415525,Minor_Damage_And_Injuries,11,0.450263974035341,1,train
8938,4,0.0588715558622953,82.11,67.6390154968095,7,32342.3133839545,48.675799086758005,Highly_Fatal_And_Damaging,2,0.34496285611251304,1,train
4562,1,1.30792861200427,78.62,53.3728350045579,18,35893.876808940804,43.7899543378995,Significant_Damage_And_Fatalities,2,0.23425243418680103,3,train
1326,7,0.00165483628932035,81.98,48.5870556061987,15,22341.0969991425,33.1050228310502,Minor_Damage_And_Injuries,7,0.40302271907681203,1,train
3135,7,0.0042445268454015,79.39,72.1969006381039,13,41727.7322607161,39.178082191780796,Significant_Damage_And_Serious_Injuries,0,0.42177497295348,2,train
7839,3,0.17762332482647303,79.97,75.25068368277121,12,35683.7717435303,32.511415525114195,Highly_Fatal_And_Damaging,33,0.319719437432383,0,train
4732,3,0.19070600931885298,87.43,46.9462169553327,7,38242.1306477436,62.6940639269406,Significant_Damage_And_Serious_Injuries,20,0.45134583483591795,1,train
8209,3,0.131340504997494,82.19,79.7629899726527,11,26346.5048146761,49.178082191780796,Significant_Damage_And_Serious_Injuries,1,0.29519725928597196,1,train
6517,6,0.0117574692248208,78.43,86.82771194165909,9,48317.9303453667,53.01369863013699,Significant_Damage_And_Serious_Injuries,16,0.276805625676163,2,train
6739,4,0.0317004518773675,75.84,62.0328167730173,12,17267.0045345224,42.8767123287671,Significant_Damage_And_Serious_Injuries,10,0.34568409664623106,2,train
11536,7,0.0023486603555845603,80.76,80.4010938924339,12,25119.2421101637,54.794520547945204,Minor_Damage_And_Injuries,1,0.262380815001803,3,train
1415,2,0.38802378868079995,77.8,65.4512306289882,13,28824.4073267722,52.3744292237443,Minor_Damage_And_Injuries,1,0.31178579156148495,1,train
3229,2,0.405867133723055,81.76,61.2579762989973,10,30028.2840811135,61.324200913241995,Minor_Damage_And_Injuries,1,0.395449693472773,2,train
10139,7,0.0024140516354806602,80.15,39.8814949863264,3,26661.013402902598,87.48858447488578,Significant_Damage_And_Serious_Injuries,2,0.52960043274432,3,train
2829,7,0.00155927424481951,81.62,82.86235186873292,19,17377.6273066295,42.5570776255708,Significant_Damage_And_Fatalities,9,0.371648755860079,2,train
9544,5,0.0210028454861726,82.96,41.6134913400182,12,30068.6765992829,53.105022831050206,Significant_Damage_And_Serious_Injuries,10,0.621197980526505,2,train
4272,3,0.120344519294226,79.67,62.0328167730173,12,23952.552578010298,43.4246575342466,Significant_Damage_And_Serious_Injuries,1,0.43042985935809597,1,train
6768,6,0.00866866493725363,80.71,70.0546946216956,7,36841.5011117076,70.5479452054795,Minor_Damage_And_Injuries,3,0.38174612333213104,4,train
4533,4,0.0527156406454591,80.55,62.7164995442115,15,28986.657479203903,21.461187214611897,Highly_Fatal_And_Damaging,1,0.314670753696357,2,train
4866,2,0.552348029450647,77.07,83.8195077484048,15,40679.5715501571,45.296803652967995,Minor_Damage_And_Injuries,18,0.395810313739632,3,train
6202,7,0.00328719609481451,77.36,70.464904284412,17,33693.9126926562,14.4748858447489,Highly_Fatal_And_Damaging,1,0.2061240533718,2,train
5061,2,0.47505330234313203,78.1,55.9708295350957,11,35070.3331931138,56.6666666666667,Highly_Fatal_And_Damaging,6,0.455673278038226,1,train
9007,7,0.00297265410884441,79.03,51.8231540565178,3,34887.2172055117,76.39269406392691,Significant_Damage_And_Serious_Injuries,10,0.606412549585286,1,train
7765,6,0.0100247500426134,79.98,80.4466727438469,18,40445.1366875436,23.6986301369863,Significant_Damage_And_Serious_Injuries,7,0.308900829426614,3,train
7254,1,0.9734429824391421,77.87,65.3600729261623,15,26397.203120675098,22.0091324200913,Highly_Fatal_And_Damaging,5,0.342799134511359,2,train
2830,3,0.19146809982118598,81.3,69.64448495897899,15,38350.7195579992,33.698630136986296,Significant_Damage_And_Serious_Injuries,6,0.32080129823296005,1,train
5430,2,0.429534515417133,79.65,77.848678213309,1,31661.628809564303,65.3424657534246,Highly_Fatal_And_Damaging,19,0.36119076812116796,2,train
11617,7,0.0038460374795458,79.72,67.0920692798541,15,41508.6458682606,45.9817351598173,Minor_Damage_And_Injuries,8,0.38354922466642605,1,train
2825,3,0.137332930641688,76.12,57.520510483135794,14,27657.191093563302,36.712328767123296,Significant_Damage_And_Serious_Injuries,0,0.488850342589253,5,train
5638,1,1.26276880923123,81.1,68.04922515952599,16,34349.706468901604,50.0456621004566,Significant_Damage_And_Fatalities,14,0.5479920663541289,4,train
2230,1,1.0902659809403001,81.02,62.07839562443029,14,29601.0780584221,34.8401826484018,Significant_Damage_And_Serious_Injuries,13,0.4902928236566889,2,train
5644,2,0.358545587133914,80.85,43.072014585232495,11,26637.595319634103,35.0228310502283,Significant_Damage_And_Fatalities,5,0.518421204471691,1,train
12335,1,1.7900741394391702,79.92,38.9699179580674,14,48583.5486330922,25.479452054794503,Significant_Damage_And_Fatalities,12,0.7405632888568342,3,train
1430,3,0.189062380253031,79.06,68.5961713764813,15,38011.0212226692,46.25570776255711,Minor_Damage_And_Injuries,17,0.502553912729895,2,train
12339,3,0.193246982899245,80.25,62.1239744758432,14,38783.2524015665,36.4840182648402,Significant_Damage_And_Serious_Injuries,6,0.427905517490083,2,train
3956,1,1.21789625360354,78.9,54.0109389243391,19,33143.9853063049,8.53881278538813,Significant_Damage_And_Fatalities,9,0.5515982690227189,3,train
2099,2,0.518441261968944,80.84,52.415679124886104,10,38406.931881458,61.41552511415521,Highly_Fatal_And_Damaging,1,0.47226181031373904,1,train
1968,5,0.0183562908562267,78.78,70.60164083865091,13,26501.859027862003,50.9132420091324,Minor_Damage_And_Injuries,0,0.36119076812116796,2,train
1751,3,0.185100239617324,86.02,79.5806745670009,18,37011.9975236405,9.08675799086758,Highly_Fatal_And_Damaging,19,0.3932859718716189,2,train
1358,4,0.0827860671099331,74.74,63.90154968094811,14,45857.9659867691,25.251141552511395,Highly_Fatal_And_Damaging,5,0.5519588892895779,2,train
11856,4,0.034593326232667004,81.14,44.3938012762078,19,18616.7267586299,8.53881278538813,Significant_Damage_And_Fatalities,2,0.400858997475658,1,train
4541,3,0.145447149829291,79.52,82.9535095715588,15,29033.7904189909,32.8767123287671,Significant_Damage_And_Serious_Injuries,1,0.18052001442481,2,train
8920,4,0.0466439852917615,79.71,89.10665451230629,14,25541.049553423,26.3470319634703,Highly_Fatal_And_Damaging,3,0.27500252434186795,1,train
1821,6,0.00857106248144046,82.4,75.432999088423,18,34952.1271101988,12.4657534246575,Highly_Fatal_And_Damaging,1,0.327292463036423,1,train
2136,1,0.9483413993765591,80.13,51.8231540565178,10,25631.3457142277,38.767123287671204,Significant_Damage_And_Fatalities,2,0.5238305084745759,1,train
2137,7,0.00253387800847633,78.6,64.5852324521422,15,23792.108607128197,54.7488584474886,Significant_Damage_And_Fatalities,4,0.289787955283087,2,train
10179,4,0.0539003607023165,79.97,53.919781221513205,6,28604.178396541898,51.917808219178106,Significant_Damage_And_Fatalities,0,0.476589253516048,2,train
7406,1,1.2138584565258002,76.56,63.6736554238833,12,32800.8368678312,32.9680365296804,Highly_Fatal_And_Damaging,14,0.32116191849982,0,train
12095,6,0.0105518124805448,78.63,81.8140382862352,15,42493.8649575514,45.0684931506849,Minor_Damage_And_Injuries,0,0.351454020915975,2,train
7989,4,0.0426371192652351,80.98,89.10665451230629,12,23086.022694090698,30.410958904109602,Highly_Fatal_And_Damaging,1,0.19133862243058,3,train
11020,2,0.444553307539715,80.09,72.47037374658159,11,32861.2768383276,56.9406392694064,Minor_Damage_And_Injuries,33,0.273560043274432,1,train
4596,2,0.566711946616045,78.46,57.7028258887876,12,41703.4532879954,42.2374429223744,Significant_Damage_And_Serious_Injuries,9,0.304573386224305,4,train
5718,2,0.5534518309191279,78.76,47.0829535095716,18,41045.6940016465,35.4337899543379,Highly_Fatal_And_Damaging,17,0.351454020915975,2,train
6515,4,0.0731732009419454,80.19,50.227894257064705,14,39646.0018104717,23.0593607305936,Highly_Fatal_And_Damaging,22,0.44485467003245505,3,train
2391,7,0.00412999471383646,75.4,56.1531449407475,14,45649.8132732537,59.634703196347,Significant_Damage_And_Serious_Injuries,4,0.45062459430220003,2,train
6865,3,0.168586748894355,79.61,57.611668185961705,14,33896.511689160696,36.5753424657534,Significant_Damage_And_Serious_Injuries,5,0.488850342589253,2,train
10435,1,0.636699054619635,79.17,66.7730173199635,12,17807.7400752802,44.0639269406393,Significant_Damage_And_Serious_Injuries,14,0.344602235845654,1,train
6115,6,0.007654088910414509,84.87,31.0847766636281,18,31702.3296639883,34.0639269406393,Highly_Fatal_And_Damaging,18,0.7777071763433109,2,train
7309,5,0.0133018956111364,80.96,76.8915223336372,10,19325.7037704099,37.4885844748858,Highly_Fatal_And_Damaging,6,0.28870609448251,1,train
7588,4,0.0503285634074819,76.48,80.99361896080221,14,27179.0519600046,24.1552511415525,Highly_Fatal_And_Damaging,3,0.312507032095204,3,train
1255,2,0.40440176208428597,77.45,55.241567912488605,12,29989.750197918398,42.100456621004604,Minor_Damage_And_Injuries,8,0.578644789037144,3,train
3866,2,0.0957534182118543,77.93,79.71741112123979,11,8232.843654717059,69.9543378995434,Significant_Damage_And_Fatalities,7,0.230285611251352,2,train
11300,7,0.00440429373420935,79.81,49.9544211485871,17,48416.0267229689,15.296803652967998,Significant_Damage_And_Fatalities,0,0.397252794807068,3,train
1975,2,0.502390494468767,86.43,56.973564266180496,14,36933.8446810816,38.219178082191796,Minor_Damage_And_Injuries,22,0.5130119004688061,1,train
862,2,0.6031712463386489,77.98,74.74931631722879,11,44574.062723115196,57.1232876712329,Minor_Damage_And_Injuries,39,0.46721312657771297,3,train
4676,7,0.00213992086633605,78.59,62.5341841385597,15,23543.5817988608,23.424657534246602,Highly_Fatal_And_Damaging,0,0.36046952758745,3,train
6024,6,0.00609428775687228,76.01,45.3965360072927,10,24084.887315452,51.0502283105023,Minor_Damage_And_Injuries,1,0.699813198701766,0,train
10353,4,0.0598313484459099,77.16,52.5979945305378,10,32995.436619200096,37.4885844748858,Significant_Damage_And_Fatalities,2,0.3352261089073211,0,train
2279,1,1.34320667540424,79.52,68.8240656335461,10,36028.4975935607,50.7762557077626,Significant_Damage_And_Serious_Injuries,5,0.19891164803461897,0,train
7785,3,0.0693979507759365,77.1,68.1859617137648,14,12854.0456631636,36.8493150684931,Significant_Damage_And_Serious_Injuries,7,0.35686332491885997,2,train
9957,4,0.0585884246430177,76.79,46.2625341841386,16,31812.003986549502,53.2420091324201,Highly_Fatal_And_Damaging,4,0.606412549585286,1,train
11813,5,0.0242450616027844,76.36,64.4940747493163,16,36324.9430018409,42.283105022831,Minor_Damage_And_Injuries,0,0.34568409664623106,2,train
6410,3,0.0984961040817364,77.04,66.04375569735639,15,19873.2824053568,33.4246575342466,Significant_Damage_And_Serious_Injuries,11,0.35686332491885997,2,train
3288,3,0.202521398591503,79.68,74.9316317228806,12,40645.2943744561,30.410958904109602,Highly_Fatal_And_Damaging,6,0.282936170212766,1,train
3779,2,0.627074277696416,75.88,48.49589790337279,11,45903.4682004767,56.4383561643835,Highly_Fatal_And_Damaging,7,0.560613775694194,0,train
6228,3,0.205286208938162,83.24,60.300820419325504,11,40979.5754532752,46.1643835616438,Significant_Damage_And_Serious_Injuries,0,0.5241911287414349,1,train
7873,1,1.59744114351771,78.79,94.0747493163172,12,43939.249414249505,30.410958904109602,Highly_Fatal_And_Damaging,1,0.22920375045077498,0,train
2166,3,0.12209492649413001,83.76,51.276207839562396,12,24604.4655931727,41.9178082191781,Minor_Damage_And_Injuries,4,0.522748647673999,2,train
4339,5,0.0251101485805745,83.25,67.9580674567001,21,36228.3812559605,22.8767123287671,Minor_Damage_And_Injuries,1,0.324046880634692,3,train
10033,6,0.0103007561471358,77.27,58.38650865998179,20,38017.7118627644,28.493150684931503,Minor_Damage_And_Injuries,22,0.404104579877389,3,train
10107,3,0.20402529247782503,82.88,77.52962625341841,9,41468.3975005761,52.283105022831,Significant_Damage_And_Serious_Injuries,11,0.31394951316263997,2,train
9727,2,0.299887442870648,79.66,81.0391978122151,16,22102.038543134102,42.0091324200913,Minor_Damage_And_Injuries,13,0.226679408582762,2,train
8787,1,1.3583961336022699,77.64,66.5907019143118,20,36873.0707665609,29.5433789954338,Minor_Damage_And_Injuries,22,0.499308330328164,3,train
3598,2,0.433461888131798,76.63,40.5195989061076,11,31925.2755538881,68.9954337899543,Highly_Fatal_And_Damaging,12,0.693322033898305,2,train
5513,3,0.163199733689906,81.57,61.303555150410205,14,32874.2637561158,37.5799086757991,Significant_Damage_And_Serious_Injuries,6,0.39148287053732395,1,train
8988,6,0.00811790790848975,80.16,45.897903372834996,16,32986.7833036824,30.9132420091324,Minor_Damage_And_Injuries,4,0.557728813559322,3,train
9165,2,0.278446237781689,83.15,74.74931631722879,12,20600.5849948309,56.62100456620999,Minor_Damage_And_Injuries,20,0.315391994230076,4,train
1409,3,0.17583752963143803,78.73,53.600729261622604,11,35380.6350123692,46.5753424657534,Significant_Damage_And_Serious_Injuries,2,0.49281716552470295,0,train
12166,1,0.992974229396275,83.72,52.3701002734731,17,27379.9200368358,27.1232876712329,Minor_Damage_And_Injuries,3,0.37489433826181,0,train
9932,2,0.47115359277493,77.89,56.517775752051,14,34936.6263297196,37.3972602739726,Minor_Damage_And_Injuries,0,0.324768121168409,2,train
9693,2,0.5510408050069999,77.31,64.8131267092069,10,40754.718327522794,59.9543378995434,Minor_Damage_And_Injuries,1,0.175471330688784,2,train
1517,3,0.257153813877754,82.45,71.2397447584321,13,51049.380150028395,38.310502283105,Significant_Damage_And_Serious_Injuries,54,0.249759105661738,1,train
1369,4,0.0671493086101149,81.59,74.06563354603459,13,37066.9622418898,29.406392694063896,Highly_Fatal_And_Damaging,14,0.215500180310133,2,train
7909,3,0.23287336187426197,84.78,79.39835916134909,14,46445.709096156905,26.4840182648402,Highly_Fatal_And_Damaging,2,0.29483663901911306,2,train
2142,6,0.00899035486393975,78.67,64.2661804922516,15,33651.5805229688,33.3333333333333,Significant_Damage_And_Serious_Injuries,2,0.386434186801298,3,train
901,1,0.9791787218930771,78.22,68.04922515952599,12,26340.2994819596,67.53424657534251,Significant_Damage_And_Fatalities,6,0.158882798413271,2,train
3423,7,0.00166863062454567,86.4,62.306289881495,13,18272.7284846477,64.88584474885839,Significant_Damage_And_Fatalities,7,0.38102488279841296,4,train
1377,4,0.06960315579659199,84.41,62.7620783956244,13,37967.5513248833,28.721461187214604,Highly_Fatal_And_Damaging,2,0.286181752614497,2,train
468,4,0.0515852646711956,79.58,63.810391978122205,15,28162.0204173235,21.2785388127854,Highly_Fatal_And_Damaging,0,0.556286332491886,2,train
3148,4,0.0979063303069243,78.21,66.6818596171377,13,51474.8711787021,30.0,Highly_Fatal_And_Damaging,0,0.30637648755860103,4,train
7921,2,0.6481517789417621,81.05,55.6061987237922,15,47892.2985522238,44.4748858447489,Highly_Fatal_And_Damaging,1,0.338471691309052,3,train
539,3,0.107090687819435,79.99,73.1084776663628,13,21426.8330244566,39.726027397260296,Significant_Damage_And_Serious_Injuries,7,0.306015867291742,2,train
7822,4,0.0604794899831926,79.03,55.3783044667274,18,33107.0646128733,12.694063926940599,Significant_Damage_And_Fatalities,12,0.42141435268662103,3,train
9171,4,0.0602230539580057,79.49,61.303555150410205,6,32578.594353098102,52.100456621004604,Highly_Fatal_And_Damaging,7,0.656538766678687,2,train
6480,7,0.00243243998136578,84.72,59.9817684594348,11,25794.580871847003,33.7442922374429,Highly_Fatal_And_Damaging,2,0.36083014785430895,2,train
11895,4,0.08554175922996601,78.27,41.5223336371923,10,46296.737183495,62.55707762557079,Highly_Fatal_And_Damaging,6,0.61939487919221,3,train
970,7,0.003959903328830621,80.44,92.9352780309936,14,45084.691639685305,59.8173515981735,Significant_Damage_And_Fatalities,5,0.16248900108186098,3,train
1675,2,0.577778976533685,82.74,71.7866909753874,11,42766.6389720871,45.79908675799089,Significant_Damage_And_Serious_Injuries,3,0.44413342949873796,1,train
9718,6,0.0100253470599817,76.49,59.7538742023701,15,40238.3320935957,34.474885844748805,Significant_Damage_And_Serious_Injuries,7,0.267790119004688,3,train
11728,2,0.415919626722151,76.86,49.4530537830446,15,30701.4903580148,44.337899543379,Highly_Fatal_And_Damaging,3,0.5346491164803461,1,train
9343,1,0.6029986068662321,80.95,80.6745670009116,12,14957.1522640326,31.5981735159817,Highly_Fatal_And_Damaging,2,0.264183916336098,3,train
12350,2,0.43676519148166204,81.71,61.485870556062004,15,32272.8250191819,46.392694063926896,Minor_Damage_And_Injuries,9,0.45134583483591795,2,train
1320,4,0.055607103600453,78.95,54.3755697356427,18,30448.470005056603,33.7442922374429,Minor_Damage_And_Injuries,5,0.25264406779661,2,train
6830,3,0.104226104747835,77.53,66.3172288058341,10,21075.5657424354,51.1872146118721,Significant_Damage_And_Serious_Injuries,11,0.395449693472773,0,train
6134,5,0.0273168021552321,79.61,67.0464904284412,12,41373.234884906204,30.593607305936104,Highly_Fatal_And_Damaging,0,0.462885683375405,3,train
6614,3,0.161099598375108,80.03,67.4567000911577,7,32301.4341762744,60.1826484018265,Significant_Damage_And_Serious_Injuries,14,0.29591849981969,2,train
2050,6,0.0066629706703687204,83.32,56.79124886052871,9,26044.9115519259,40.273972602739704,Highly_Fatal_And_Damaging,10,0.293033537684818,1,train
9246,4,0.0586688995339389,78.9,49.863263445761206,19,32187.543777080897,7.76255707762557,Significant_Damage_And_Fatalities,6,0.47045870897944503,2,train
11690,6,0.0053353160716145,75.39,71.9234275296263,14,21411.0209069077,36.164383561643795,Significant_Damage_And_Serious_Injuries,5,0.351454020915975,4,train
11946,6,0.009724337338354521,79.72,66.9097538742024,16,39133.5779449397,28.5844748858447,Significant_Damage_And_Serious_Injuries,5,0.357223945185719,1,train
6703,3,0.21561080303091198,81.02,62.944393801276206,14,43575.4601071291,35.7990867579909,Significant_Damage_And_Serious_Injuries,10,0.37958240173097707,1,train
5523,3,0.18052770276598998,78.46,59.9817684594348,19,35769.5193950316,19.4063926940639,Significant_Damage_And_Serious_Injuries,0,0.508323836999639,0,train
8805,4,0.0311584829016707,78.68,72.151321786691,10,17496.971802860702,39.2694063926941,Highly_Fatal_And_Damaging,0,0.273199423007573,2,train
5673,4,0.0363976969306029,78.09,62.1695533272562,14,19518.5621631503,25.616438356164398,Highly_Fatal_And_Damaging,2,0.314670753696357,2,train
3937,6,0.007900841652397371,82.45,69.1431175934367,14,31346.7953386373,24.6118721461187,Highly_Fatal_And_Damaging,4,0.46829498737829,3,train
11,7,0.00262762684497754,77.13,72.6526891522334,20,30271.1947677453,27.4885844748858,Minor_Damage_And_Injuries,17,0.19494482509917002,3,train
8318,6,0.0102595489014044,78.0,77.98541476754791,11,40674.112655783,46.4840182648402,Significant_Damage_And_Serious_Injuries,1,0.384631085467003,1,train
8096,5,0.028569420903981003,77.83,78.0309936189608,13,41991.870913776,39.4977168949772,Significant_Damage_And_Serious_Injuries,6,0.24579228272628895,2,train
6867,3,0.120503074811362,82.2,66.40838650866,19,24122.306625314,20.5022831050228,Significant_Damage_And_Serious_Injuries,3,0.42177497295348,2,train
9287,4,0.0547403831070529,78.33,80.6289881494986,18,30094.089236148102,10.867579908675802,Highly_Fatal_And_Damaging,0,0.24579228272628895,2,train
671,3,0.101597940187577,79.0,70.1458523245214,10,20637.7837001384,49.8173515981735,Significant_Damage_And_Serious_Injuries,11,0.474425531914894,2,train
11290,7,0.00240964361071784,78.9,56.7000911577028,9,27551.103527028703,65.8904109589041,Significant_Damage_And_Serious_Injuries,2,0.7777071763433109,2,train
9360,1,0.859539949194424,80.53,62.7164995442115,12,23454.2840475312,31.461187214611897,Highly_Fatal_And_Damaging,2,0.3352261089073211,2,train
3624,4,0.0636202109984061,80.67,64.3117593436645,18,34956.4722310962,11.232876712328801,Highly_Fatal_And_Damaging,7,0.417086909484313,3,train
8853,6,0.00900372099201005,81.24,82.72561531449409,13,36676.1776618015,40.7762557077626,Significant_Damage_And_Serious_Injuries,20,0.22848250991705701,1,train
4418,3,0.0999430144336609,81.97,65.6335460346399,7,19643.5987363401,50.7305936073059,Highly_Fatal_And_Damaging,5,0.267790119004688,2,train
12469,3,0.19070600931885298,81.24,76.6180492251596,4,38170.7633934154,77.3059360730594,Minor_Damage_And_Injuries,3,0.354699603317706,1,train
1543,7,0.0023316714978090397,86.43,72.3792160437557,13,23226.2368947895,61.872146118721396,Significant_Damage_And_Fatalities,19,0.388958528669311,3,train
6385,3,0.12462921045016499,79.34,41.203281677301796,9,25032.827702232902,52.511415525114096,Minor_Damage_And_Injuries,5,0.45891886043995594,0,train
8789,6,0.0047923018675796,78.64,74.0200546946217,9,18103.7897133572,54.7488584474886,Significant_Damage_And_Serious_Injuries,6,0.25264406779661,1,train
6352,3,0.157172393214529,79.03,59.161349134001796,19,31442.511648109703,18.7214611872146,Significant_Damage_And_Serious_Injuries,1,0.48488351965380394,2,train
11384,7,0.00269768127782206,79.79,53.00820419325439,8,29365.0114975677,80.958904109589,Significant_Damage_And_Serious_Injuries,20,0.5642199783627839,0,train
3123,7,0.00401610269010273,76.9,82.4977210574294,15,43717.2844019346,32.8767123287671,Significant_Damage_And_Serious_Injuries,8,0.17330760908763,2,train
7835,4,0.0453050042984426,77.85,66.1349134001823,7,25251.1155579363,72.9680365296803,Highly_Fatal_And_Damaging,1,0.346405337179949,3,train
2271,1,0.202495647194575,78.55,65.9981768459435,14,12542.5506074795,23.7899543378995,Highly_Fatal_And_Damaging,23,0.42213559322033894,3,train
8515,2,0.7295762379724829,81.86,54.968094804010896,12,52978.479059002304,42.4200913242009,Minor_Damage_And_Injuries,8,0.442330328164443,1,train
5985,2,0.480311362723386,81.25,45.67000911577029,13,35508.1831470116,27.8082191780822,Significant_Damage_And_Fatalities,1,0.350011539848539,3,train
8706,5,0.025816320539417997,78.15,59.2980856882407,14,38382.6155037246,48.9954337899543,Minor_Damage_And_Injuries,6,0.5032751532636129,0,train
10311,4,0.0578632306636776,82.49,83.8195077484048,13,31646.748436822596,27.8995433789954,Highly_Fatal_And_Damaging,0,0.18520807789397797,2,train
2441,6,0.00043630082173007996,77.99,71.7866909753874,13,10722.2321339359,38.310502283105,Significant_Damage_And_Serious_Injuries,13,0.37128813559322,1,train
118,5,0.0137472799987364,81.46,75.5241567912489,10,20795.1241990163,71.7808219178082,Significant_Damage_And_Fatalities,3,0.336307969707898,1,train
11353,7,0.00279216318896713,81.96,54.32999088422971,11,31631.3776117869,56.6666666666667,Highly_Fatal_And_Damaging,6,0.455673278038226,3,train
9433,2,0.49984523309312395,77.25,73.60984503190521,15,36883.7899744297,45.7534246575342,Minor_Damage_And_Injuries,0,0.38607356653443897,3,train
3335,4,0.0800334853925099,77.26,79.535095715588,12,43852.845351907796,29.1780821917808,Highly_Fatal_And_Damaging,4,0.40302271907681203,4,train
4056,2,0.39227281167258293,79.3,81.5861440291705,7,28970.298670994704,49.634703196347,Highly_Fatal_And_Damaging,1,0.43547854309412204,1,train
1934,4,0.0527156406454591,78.66,62.7164995442115,12,28787.1727151921,31.8264840182648,Highly_Fatal_And_Damaging,2,0.315752614496934,2,train
4251,7,0.0027759536961866602,79.6,55.0592525068368,11,31631.3776117869,70.41095890410959,Significant_Damage_And_Fatalities,14,0.439805986296429,3,train
5415,3,0.18052770276598998,77.78,61.5314494074749,13,35867.2301422482,38.8127853881278,Significant_Damage_And_Serious_Injuries,0,0.42429931482149297,2,train
10078,1,0.8443046918732859,75.88,69.37101185050139,7,22950.581016018703,46.6666666666667,Highly_Fatal_And_Damaging,18,0.462525063108547,1,train
544,6,0.00800907737894134,77.55,60.027347310847794,5,32266.136231482596,53.8356164383562,Significant_Damage_And_Serious_Injuries,4,0.40771078254597903,2,train
11087,2,0.364323085585167,78.91,73.70100273473109,11,26902.3188154086,36.4383561643836,Highly_Fatal_And_Damaging,2,0.273560043274432,2,train
6406,2,0.5715455759896879,76.59,40.5195989061076,8,42041.4474613388,68.2648401826484,Highly_Fatal_And_Damaging,8,0.63742589253516,2,train
6171,1,0.65511014674204,78.02,68.5961713764813,13,18180.9665833069,50.63926940639271,Minor_Damage_And_Injuries,15,0.41744752975117205,2,train
8421,4,0.0569738691451074,81.29,80.99361896080221,22,30992.0427846588,22.922374429223698,Minor_Damage_And_Injuries,6,0.312507032095204,1,train
7459,7,0.0032343539250976397,77.08,60.665451230628996,14,34472.083799485,60.136986301369895,Significant_Damage_And_Fatalities,13,0.423217454020916,0,train
7713,6,0.00526925718600814,76.04,41.6134913400182,18,21720.5738257697,46.0730593607306,Significant_Damage_And_Serious_Injuries,13,0.580447890371439,3,train
8980,3,0.13041566373018199,78.34,66.9097538742024,10,26335.223799634703,49.2694063926941,Significant_Damage_And_Serious_Injuries,5,0.382467363865849,2,train
5033,1,0.439207928563992,77.66,50.86599817684589,12,10115.9216675063,32.6940639269406,Significant_Damage_And_Fatalities,3,0.495702127659574,2,train
11820,2,0.364323085585167,78.96,69.91795806745671,15,26900.7028554629,46.6666666666667,Minor_Damage_And_Injuries,9,0.3936465921384779,2,train
8310,2,0.31617757378011896,81.8,65.95259799453049,15,23506.5433138691,43.3333333333333,Minor_Damage_And_Injuries,10,0.28654237288135603,2,train
11514,2,0.16749854389415697,84.32,78.5779398359162,13,12444.521332321001,29.4977168949772,Highly_Fatal_And_Damaging,13,0.338471691309052,2,train
2952,6,0.00880518950811756,83.12,71.7866909753874,11,35902.3547465078,45.79908675799089,Significant_Damage_And_Serious_Injuries,4,0.34027479264334604,1,train
10522,3,0.0784881253243107,80.19,61.2579762989973,18,15991.4147574307,22.2831050228311,Significant_Damage_And_Serious_Injuries,3,0.518421204471691,3,train
46,5,0.0130313613858333,79.03,57.2926162260711,17,18784.4086840282,27.579908675799103,Significant_Damage_And_Serious_Injuries,1,0.44413342949873796,4,train
110,4,0.0479837060862173,77.29,54.8313582497721,13,26548.8926588994,28.9041095890411,Significant_Damage_And_Fatalities,4,0.368763793725207,4,train
12017,5,0.0353194524101037,79.96,84.0018231540565,13,50545.07022570231,51.917808219178106,Minor_Damage_And_Injuries,8,0.29555787955283,2,train