Accident_ID,Accident_Type_Code,Adverse_Weather_Metric,Cabin_Temperature,Control_Metric,Days_Since_Inspection,Max_Elevation,Safety_Score,Severity,Total_Safety_Complaints,Turbulence_In_gforces,Violations,source
4479,4,0.0473518699492426,78.53,76.8003646308113,12,25556.9388061089,31.1415525114155,Highly_Fatal_And_Damaging,0,0.281854309412189,3,train
10540,6,0.00605108745987546,76.87,77.52962625341841,8,23860.731611892203,57.1232876712329,Significant_Damage_And_Serious_Injuries,11,0.30998269022719105,2,train
4738,4,0.0443025905213973,76.66,70.7383773928897,14,24545.78142223,25.662100456620998,Highly_Fatal_And_Damaging,10,0.273560043274432,1,train
8483,3,0.175675010183545,81.3,48.9061075660894,12,35285.2690352296,32.4200913242009,Highly_Fatal_And_Damaging,10,0.42249621348719796,2,train
2534,3,0.17431718520832598,77.77,88.0127620783956,14,34929.7404234047,36.894977168949794,Significant_Damage_And_Serious_Injuries,4,0.293754778218536,2,train
798,7,0.00235400933088621,77.74,45.2597994530538,10,25814.8468749981,60.1826484018265,Significant_Damage_And_Serious_Injuries,7,0.699813198701766,2,train
19,7,0.0023523772131647898,82.3,63.2634457611668,9,23792.108607128197,54.7488584474886,Significant_Damage_And_Serious_Injuries,28,0.306015867291742,3,train
10551,7,0.0012985721361449699,79.88,60.9845031905196,13,14894.162020201698,63.1963470319635,Significant_Damage_And_Fatalities,5,0.34496285611251304,3,train
6556,2,0.592637233865426,78.38,63.76481312670921,13,43621.7313982517,28.8584474885845,Highly_Fatal_And_Damaging,2,0.30313090515687,2,train
2495,3,0.236847335689612,79.48,53.600729261622604,12,47156.9384261401,42.328767123287705,Minor_Damage_And_Injuries,15,0.606412549585286,0,train
1597,4,0.0827860671099331,83.63,71.55879671832271,12,45769.7818318359,33.470319634703195,Highly_Fatal_And_Damaging,8,0.46721312657771297,0,train
2135,2,0.371472025862616,80.43,48.6326344576117,15,27506.848931160697,32.4657534246575,Minor_Damage_And_Injuries,1,0.42970861882437794,3,train
5273,2,0.39231983502980605,76.79,60.847766636280795,11,28929.744669350097,35.1598173515982,Highly_Fatal_And_Damaging,5,0.40735016227912,2,train
2028,1,0.8777092451520391,75.14,52.3701002734731,16,23797.3487466829,19.2237442922374,Significant_Damage_And_Fatalities,0,0.254447169130905,0,train
2442,4,0.0594585122059251,76.52,50.136736554238794,18,32187.543777080897,12.694063926940599,Significant_Damage_And_Fatalities,13,0.44773963216732793,2,train
9095,5,0.0146382192559913,82.14,67.4111212397448,11,20721.9313806503,70.6849315068493,Significant_Damage_And_Fatalities,1,0.272838802740714,1,train
10830,2,0.438728976114531,81.44,69.5989061075661,13,32441.0873612425,50.273972602739704,Minor_Damage_And_Injuries,10,0.41095636494771004,2,train
10433,2,0.43330458478097106,76.86,56.8368277119417,17,32018.6310318531,37.3059360730594,Minor_Damage_And_Injuries,11,0.334865488640461,3,train
8834,7,0.00313473818084455,79.43,77.52962625341841,9,33256.4668152374,75.5707762557078,Significant_Damage_And_Fatalities,6,0.23100685178507,0,train
11176,7,0.00246526174125229,83.34,78.3044667274385,15,24759.2173609027,32.8767123287671,Significant_Damage_And_Serious_Injuries,4,0.239661738189686,3,train
2993,4,0.0599545335214721,82.53,86.05287146763901,12,32951.988822232204,31.1415525114155,Highly_Fatal_And_Damaging,8,0.29411539848539503,0,train
1124,3,0.150239798754167,82.15,72.2880583409298,11,30248.9349674802,45.79908675799089,Significant_Damage_And_Serious_Injuries,29,0.207205914172377,3,train
11274,4,0.0757777229810722,76.93,72.7438468550593,15,41709.0152758443,42.9680365296804,Minor_Damage_And_Injuries,0,0.233531193653083,2,train
6288,4,0.05778482847020599,84.96,77.7575205104832,13,31592.253491779,30.0913242009132,Highly_Fatal_And_Damaging,12,0.281133068878471,1,train
8509,7,0.0018770473815098601,77.86,73.0173199635369,13,22656.980469107002,61.872146118721396,Significant_Damage_And_Fatalities,9,0.32368626036783194,4,train
9498,4,0.0744920387271988,81.07,68.5961713764813,12,40657.7633959541,29.1780821917808,Highly_Fatal_And_Damaging,1,0.417086909484313,2,train
10784,2,0.337996374568915,76.66,72.0145852324522,15,25019.9299511302,44.3835616438356,Minor_Damage_And_Injuries,10,0.43223296069239103,1,train
1976,3,0.0756091709686122,81.91,61.212397447584294,16,15186.5079522167,53.74429223744289,Significant_Damage_And_Fatalities,20,0.41672628921745397,3,train
8865,2,0.25328347095111703,77.87,88.0583409298086,7,19262.1840059827,73.3333333333333,Minor_Damage_And_Injuries,2,0.298442841687703,2,train
4034,3,0.131215115356971,79.71,75.47857793983592,9,26261.5515416009,53.74429223744289,Significant_Damage_And_Serious_Injuries,1,0.33450486837360305,0,train
11743,3,0.22694424407898803,77.53,77.93983591613491,14,45645.0096876542,35.7077625570776,Significant_Damage_And_Serious_Injuries,15,0.298082221420844,1,train
2782,4,0.0679180602164867,82.53,75.11394712853242,12,37066.9622418898,31.9178082191781,Highly_Fatal_And_Damaging,14,0.22740064911648,0,train
3112,4,0.0198346999706244,80.36,65.2689152233364,13,10813.8493443795,30.7305936073059,Highly_Fatal_And_Damaging,10,0.342799134511359,3,train
11109,7,0.00299856698273019,79.58,62.2607110300821,10,35320.9454536098,72.32876712328759,Significant_Damage_And_Fatalities,2,0.427905517490083,1,train
10728,6,0.0073470733651801595,81.27,61.3947128532361,11,28542.004184011003,47.899543378995396,Significant_Damage_And_Serious_Injuries,6,0.40518644067796605,2,train
5018,3,0.165002363929807,75.9,55.560619872379206,12,33372.8197860987,53.105022831050206,Significant_Damage_And_Serious_Injuries,0,0.49137468445726595,2,train
12100,3,0.133480825287782,83.6,67.6390154968095,18,26859.1915363265,47.5342465753425,Significant_Damage_And_Fatalities,2,0.249759105661738,2,train
12456,6,0.00722205940997227,76.89,77.02825888787599,13,29971.7444634365,38.401826484018294,Significant_Damage_And_Serious_Injuries,3,0.29700036062026697,2,train
4500,3,0.162233572925457,81.06,59.57155879671829,11,32509.9312590937,45.7077625570776,Significant_Damage_And_Serious_Injuries,9,0.47370429138117603,1,train
896,1,1.84388606166323,78.63,65.5423883318141,13,51183.882564596795,51.461187214611904,Minor_Damage_And_Injuries,2,0.34496285611251304,2,train
6,3,0.160643633052364,81.0,70.60164083865091,20,32269.0683506148,13.789954337899498,Significant_Damage_And_Serious_Injuries,12,0.30637648755860103,2,train
1581,7,0.0031291405106367697,76.94,74.06563354603459,20,33323.2909885593,40.5479452054794,Significant_Damage_And_Fatalities,2,0.302770284890011,1,train
9032,4,0.0481755010618988,76.37,62.2607110300821,13,26277.0351261399,41.598173515981706,Significant_Damage_And_Serious_Injuries,8,0.38390984493328495,1,train
6721,4,0.0652770328532724,78.52,71.8778486782133,13,35527.9742679093,28.675799086757998,Highly_Fatal_And_Damaging,6,0.350011539848539,3,train
10789,6,0.00532697752793188,78.99,64.5396536007293,18,23081.839828003198,11.5068493150685,Highly_Fatal_And_Damaging,0,0.256610890732059,3,train
11973,4,0.0523085891514352,81.71,54.649042844120295,15,28203.4891265458,31.1872146118721,Minor_Damage_And_Injuries,0,0.38318860439956703,2,train
3959,1,1.2994486299413899,81.1,88.0583409298086,6,35377.2441941688,52.100456621004604,Highly_Fatal_And_Damaging,9,0.24543166245943,4,train
848,5,0.0246971318965553,78.56,74.0200546946217,9,36748.2703672973,54.84018264840179,Significant_Damage_And_Serious_Injuries,6,0.238579877389109,3,train
1069,7,0.00307261774491828,77.02,64.4484958979034,13,34740.4394840106,63.1963470319635,Significant_Damage_And_Fatalities,16,0.41420194734944105,1,train
8370,4,0.0709905354811421,81.74,52.68915223336371,8,38457.9501227475,44.4748858447489,Highly_Fatal_And_Damaging,0,0.43331482149296796,3,train
2152,2,0.38229781948811603,77.82,62.57976298997271,11,28248.2003469655,36.11872146118721,Highly_Fatal_And_Damaging,4,0.38390984493328495,2,train
11432,7,0.00290596062936777,78.31,78.07657247037379,4,28201.7353365839,95.2511415525114,Significant_Damage_And_Fatalities,3,0.30998269022719105,2,train
5434,4,0.05607319593887901,77.13,55.19598906107571,15,30363.140751845698,20.8675799086758,Significant_Damage_And_Fatalities,1,0.311425171294627,1,train
5057,5,0.00259797974810656,78.06,49.4074749316317,9,6740.55705429001,66.3926940639269,Highly_Fatal_And_Damaging,7,0.44413342949873796,2,train
1982,5,0.0148082405234847,86.43,62.1695533272562,13,21612.7535707374,38.584474885844706,Significant_Damage_And_Serious_Injuries,4,0.42177497295348,2,train
2100,6,0.0119400602625915,79.64,46.718322698268004,8,45343.986977353896,46.25570776255711,Highly_Fatal_And_Damaging,12,0.504717634331049,3,train
2966,3,0.0963522969496773,79.54,52.461257976299,16,18842.7886746802,28.8584474885845,Minor_Damage_And_Injuries,7,0.38931914893617,0,train
10131,1,1.37759041351401,87.65,52.5524156791249,20,37258.0968473545,28.9954337899543,Highly_Fatal_And_Damaging,7,0.280411828344753,1,train
298,2,0.5012621497167511,78.76,89.51686417502279,15,36834.7828425541,45.0228310502283,Minor_Damage_And_Injuries,10,0.22920375045077498,2,train
11440,2,0.306870692970856,78.03,42.0692798541477,6,22443.893571404904,74.703196347032,Highly_Fatal_And_Damaging,0,0.584775333573747,2,train
7953,4,0.0680573980642769,76.68,75.25068368277121,20,37164.6419753701,28.5844748858447,Minor_Damage_And_Injuries,1,0.305294626758024,2,train
9314,1,0.992974229396275,78.46,62.2607110300821,17,26989.614643587203,39.8173515981735,Minor_Damage_And_Injuries,7,0.30781896862603697,1,train
2102,2,0.433461888131798,85.9,57.748404740200606,18,32108.8944544788,47.5342465753425,Significant_Damage_And_Fatalities,0,0.28221492967904804,2,train
1249,2,0.45949541165729707,79.98,84.68550592525071,16,33941.903054487004,42.5114155251142,Minor_Damage_And_Injuries,0,0.19278110349801603,3,train
12284,6,0.0093983482120637,80.22,61.89608021877849,12,39406.0129733101,42.328767123287705,Significant_Damage_And_Serious_Injuries,4,0.38174612333213104,3,train
5157,5,0.0138046165219183,78.37,41.841385597083004,14,21876.099922363,47.4885844748858,Highly_Fatal_And_Damaging,2,0.7459725928597181,2,train
4954,2,0.577208625420804,76.77,77.3473108477666,14,42688.636920867204,48.2648401826484,Minor_Damage_And_Injuries,1,0.256610890732059,2,train
7283,4,0.0344048446195062,77.13,54.32999088422971,10,18614.2680854717,38.8584474885845,Significant_Damage_And_Fatalities,7,0.26165957446808497,2,train
1713,6,0.009890619145081998,76.9,79.535095715588,15,38631.0171950936,32.8767123287671,Significant_Damage_And_Serious_Injuries,5,0.267429498737829,3,train
7833,2,0.512288112606264,80.96,62.57976298997271,19,37967.5513248833,43.2420091324201,Significant_Damage_And_Fatalities,4,0.28870609448251,1,train
12063,2,0.46264184239205,81.73,74.06563354603459,17,34379.3077561369,38.1735159817352,Minor_Damage_And_Injuries,0,0.26490515686981597,2,train
6269,7,0.00383954490498635,76.8,83.68277119416591,11,42374.470860825495,35.1598173515982,Highly_Fatal_And_Damaging,2,0.35109340064911604,2,train
3265,2,0.413957736616592,87.0,47.265268915223395,13,30701.4903580148,27.8538812785388,Significant_Damage_And_Fatalities,2,0.44413342949873796,1,train
4377,5,0.0271944992276457,79.23,62.1695533272562,12,41329.443554677404,56.25570776255711,Minor_Damage_And_Injuries,13,0.317916336098088,0,train
1906,1,1.5073458936192399,79.49,55.1504102096627,14,40987.109431310295,26.2557077625571,Significant_Damage_And_Fatalities,2,0.260938333934367,3,train
12015,4,0.0297934856381292,78.13,64.9954421148587,8,15868.4439388883,68.3561643835616,Minor_Damage_And_Injuries,2,0.336668589974756,3,train
5727,7,0.0028252370061434603,78.31,60.57429352780311,10,29171.211372128102,72.46575342465749,Significant_Damage_And_Fatalities,10,0.474064911648034,2,train
3515,3,0.19556678318049597,81.42,45.67000911577029,13,39380.291354963796,40.7305936073059,Minor_Damage_And_Injuries,10,0.5213061666065629,1,train
9130,3,0.149678160752922,84.9,38.787602552415706,8,30129.0234626743,44.4292237442922,Significant_Damage_And_Fatalities,0,0.707746844572664,3,train
3351,7,0.00290087927234828,79.54,48.8149498632635,14,28245.641261576002,59.8173515981735,Significant_Damage_And_Serious_Injuries,15,0.560613775694194,3,train
2799,7,0.0034714018958536103,78.52,66.1349134001823,11,40019.496871603,70.3196347031963,Significant_Damage_And_Fatalities,4,0.278608727010458,4,train
8514,7,0.0034535908318688,82.37,69.73564266180489,8,38872.6795592111,45.5251141552511,Highly_Fatal_And_Damaging,3,0.305294626758024,2,train
2644,7,0.00322758081539916,77.27,51.9143117593437,16,35960.976402256805,50.273972602739704,Significant_Damage_And_Serious_Injuries,0,0.480556076451497,3,train
2635,1,1.1830452678624899,82.52,73.4731084776664,13,32433.036487778598,50.136986301369895,Minor_Damage_And_Injuries,6,0.28870609448251,1,train
892,2,0.424911513212429,77.56,72.33363719234279,15,31603.8816790219,46.1187214611872,Minor_Damage_And_Injuries,3,0.302409664623152,4,train
12046,2,0.305294200382334,81.26,59.9817684594348,12,22730.4709071459,32.1461187214612,Highly_Fatal_And_Damaging,2,0.244349801658853,1,train
10739,3,0.16258386348284,78.03,72.105742935278,11,32471.866782537796,46.1643835616438,Significant_Damage_And_Serious_Injuries,3,0.351454020915975,3,train
5496,6,0.00957855306754419,83.5,47.4020054694622,7,39964.6882619404,72.5570776255708,Highly_Fatal_And_Damaging,19,0.438724125495853,1,train
4179,7,0.00141891090081298,78.14,70.4193254329991,13,16229.7283441618,64.20091324200911,Significant_Damage_And_Fatalities,7,0.29231229715109996,1,train
9550,2,0.35682265469168,79.23,70.6927985414767,11,26391.631688486497,56.6666666666667,Highly_Fatal_And_Damaging,14,0.37850054093040003,2,train
5330,4,0.0677018072057364,80.64,76.8003646308113,14,36539.8993329714,25.296803652968002,Highly_Fatal_And_Damaging,3,0.36119076812116796,3,train
10180,4,0.0905402526442483,80.83,73.60984503190521,9,49040.7161051711,43.1963470319635,Highly_Fatal_And_Damaging,22,0.404104579877389,3,train
11328,6,0.00687215599404899,76.98,63.172288058340904,17,28164.6002001739,26.1187214611872,Significant_Damage_And_Serious_Injuries,6,0.330898665705012,1,train
7923,1,1.2251347174755098,78.44,76.8915223336372,6,33179.916004662795,62.7853881278539,Significant_Damage_And_Serious_Injuries,5,0.48668662098809995,1,train
6306,6,0.0092353588658826,78.14,71.9690063810392,10,35974.8217427248,49.726027397260296,Significant_Damage_And_Serious_Injuries,7,0.362272628921745,2,train
9195,4,0.0658927127051911,81.71,56.79124886052871,13,36204.5409885204,40.2283105022831,Minor_Damage_And_Injuries,9,0.5642199783627839,3,train
8006,1,1.73422879922716,78.59,47.0829535095716,15,46768.822185760706,21.8721461187215,Significant_Damage_And_Fatalities,24,0.804753696357736,1,train
4585,3,0.140526429214543,78.37,50.091157702825896,11,28135.917314679198,33.8356164383562,Highly_Fatal_And_Damaging,5,0.7459725928597181,3,train
9704,3,0.129889248308694,79.17,67.4111212397448,11,26069.4968678269,45.7077625570776,Significant_Damage_And_Serious_Injuries,9,0.312507032095204,2,train
4885,1,0.56145735508579,79.39,52.82588878760261,8,15470.4108911639,44.885844748858396,Significant_Damage_And_Fatalities,12,0.366960692390912,1,train
4889,7,0.00234606575500546,76.48,56.973564266180496,9,24997.875259092598,54.657534246575295,Significant_Damage_And_Serious_Injuries,3,0.46937684817886705,2,train
3879,4,0.0577524992640029,76.89,83.8195077484048,8,31213.7522212017,44.84018264840179,Highly_Fatal_And_Damaging,10,0.199632888568337,2,train
5486,7,0.0033047001729781,75.98,52.18778486782129,10,33573.269939903505,61.232876712328796,Significant_Damage_And_Serious_Injuries,1,0.40482582041110704,3,train
4359,2,0.442575446115247,80.27,59.3892433910666,11,32793.2571499654,34.6118721461187,Highly_Fatal_And_Damaging,5,0.39076163000360603,1,train
11951,1,0.898387825256726,78.4,76.8459434822243,9,24314.5667574427,39.8173515981735,Highly_Fatal_And_Damaging,6,0.492456545257843,2,train
5047,4,0.0731233481438206,81.26,64.35733819507749,10,39996.5548245716,37.5342465753425,Highly_Fatal_And_Damaging,1,0.20432095203750503,1,train
764,6,0.00339293712236319,84.62,74.52142206016408,12,13740.013039956599,41.9634703196347,Significant_Damage_And_Serious_Injuries,2,0.321883159033537,3,train
1141,7,0.0018909715360975602,77.62,68.04922515952599,12,21977.3775684116,68.03652968036529,Significant_Damage_And_Fatalities,5,0.527797331410025,4,train
2019,7,0.0037170874293526203,78.47,57.155879671832295,12,39241.561083223,44.4292237442922,Minor_Damage_And_Injuries,15,0.366960692390912,1,train
9271,6,0.0100809469366386,80.8,65.0865998176846,8,39242.1984983224,57.077625570776206,Significant_Damage_And_Serious_Injuries,21,0.293394157951677,2,train
7450,6,0.0105864665990747,83.63,59.2069279854148,12,42442.885238422205,43.4246575342466,Significant_Damage_And_Serious_Injuries,1,0.4120382257482871,1,train
7057,3,0.131340504997494,78.37,51.1850501367366,15,26385.0415378019,34.0182648401826,Significant_Damage_And_Serious_Injuries,2,0.644998918139199,3,train
7148,7,0.00166863062454567,86.39,54.922515952598,4,22753.2773234342,77.57990867579909,Significant_Damage_And_Serious_Injuries,2,0.427905517490083,3,train
10552,1,1.27597904434728,79.01,58.979033728350004,13,34626.8862524966,51.232876712328796,Minor_Damage_And_Injuries,1,0.36263324918860396,1,train
711,3,0.135825197385825,79.43,56.38103919781221,10,27384.8076695731,51.0045662100457,Significant_Damage_And_Serious_Injuries,15,0.31178579156148495,3,train
3591,3,0.0803772078482256,80.64,82.9079307201459,14,15865.8721701261,36.0730593607306,Significant_Damage_And_Serious_Injuries,3,0.372009376126938,2,train
11622,1,1.72052881699442,75.8,54.4667274384686,12,47529.6867723926,54.0182648401826,Highly_Fatal_And_Damaging,17,0.38823728813559294,2,train
450,6,0.00340580872302167,78.7,68.91522333637201,20,16238.5861110973,4.7945205479452095,Highly_Fatal_And_Damaging,1,0.20396033177064501,4,train
1735,7,0.0025795310297736,77.78,49.13400182315411,17,29289.651761483197,48.9041095890411,Significant_Damage_And_Serious_Injuries,16,0.42249621348719796,3,train
4826,2,0.201188155107519,77.78,62.4886052871468,17,15019.8612615203,26.3013698630137,Significant_Damage_And_Serious_Injuries,9,0.509405697800216,3,train
2382,3,0.170645148830517,79.15,76.7547857793984,20,34522.3491637318,15.0228310502283,Significant_Damage_And_Serious_Injuries,2,0.224876307248467,0,train
1588,3,0.11128834238977199,79.59,63.90154968094811,11,22420.848835432404,45.79908675799089,Significant_Damage_And_Serious_Injuries,24,0.38751604760187497,2,train
1970,7,0.00248905628236379,76.99,48.9061075660894,9,26531.1770939678,66.43835616438349,Significant_Damage_And_Serious_Injuries,2,0.5436646231518211,2,train
3427,5,0.0238176990487667,81.63,55.6061987237922,5,33757.0053641767,68.03652968036529,Minor_Damage_And_Injuries,6,0.41961125135232596,1,train
846,4,0.0753117470472317,79.28,55.1048313582498,12,40987.109431310295,33.9269406392694,Significant_Damage_And_Fatalities,1,0.269232600072124,3,train
7849,2,0.427244633172575,79.81,75.25068368277121,14,31463.568565177902,25.1598173515982,Highly_Fatal_And_Damaging,10,0.335586729174179,3,train
3816,5,0.0194887706984389,76.89,56.9279854147676,18,30742.725042721602,34.3835616438356,Minor_Damage_And_Injuries,23,0.302770284890011,3,train
3481,6,0.0074307343167388405,84.41,60.4375569735643,6,28379.6637179817,52.648401826484005,Highly_Fatal_And_Damaging,4,0.30637648755860103,3,train
5945,1,0.9791787218930771,81.63,77.894257064722,15,26622.291736018502,42.9680365296804,Minor_Damage_And_Injuries,3,0.362272628921745,4,train
6456,3,0.19146809982118598,82.2,54.968094804010896,10,38340.917759317,50.365296803653,Minor_Damage_And_Injuries,12,0.605691309051569,0,train
10313,6,0.00994702906462167,83.07,100.0,10,41620.6186844805,48.310502283105,Significant_Damage_And_Serious_Injuries,7,0.30349152542372904,3,train
10357,3,0.192253394616584,83.92,57.8851412944394,14,38660.0959485539,36.5753424657534,Significant_Damage_And_Serious_Injuries,5,0.350372160115398,1,train
293,2,0.488682348438616,79.07,51.4585232452142,16,36091.5527721269,19.4063926940639,Significant_Damage_And_Fatalities,0,0.42177497295348,2,train
8337,1,0.9051847038624209,77.66,49.5442114858706,12,24135.4433661131,32.1461187214612,Significant_Damage_And_Fatalities,0,0.498947710061305,0,train
6866,7,0.0038460374795458,77.57,72.1969006381039,13,41401.7229807727,27.4885844748858,Highly_Fatal_And_Damaging,0,0.346765957446808,2,train
2305,7,0.0031164589957626,78.09,60.1640838650866,20,32880.4096681099,40.5479452054794,Significant_Damage_And_Fatalities,0,0.375615578795528,1,train
2490,6,0.00613262984073078,84.94,44.758432087511395,16,24604.4655931727,30.1369863013699,Minor_Damage_And_Injuries,5,0.556286332491886,3,train
7295,1,1.09257988690076,78.98,52.7803099361896,13,29232.821862179902,28.9041095890411,Highly_Fatal_And_Damaging,8,0.280411828344753,2,train
8121,5,0.0235713550866848,76.95,66.5451230628988,11,34274.994375982,59.5433789954338,Minor_Damage_And_Injuries,1,0.38679480706815705,1,train
5741,5,0.0287891983148949,80.42,72.151321786691,14,41870.0262217125,49.0867579908676,Minor_Damage_And_Injuries,1,0.46721312657771297,3,train
167,4,0.0657718263164252,78.96,66.9553327256153,19,36354.4884269448,6.98630136986301,Highly_Fatal_And_Damaging,11,0.504717634331049,3,train
8630,2,0.339886381510903,77.94,68.003646308113,17,25093.1260664619,38.1735159817352,Minor_Damage_And_Injuries,0,0.29411539848539503,3,train
6563,3,0.141031133810539,81.13,77.4840474020055,11,28145.0409199558,47.71689497716889,Significant_Damage_And_Serious_Injuries,1,0.331980526505589,2,train
2390,6,0.00525582108950875,76.18,48.9061075660894,16,21287.7996759686,53.74429223744289,Significant_Damage_And_Fatalities,15,0.374533717994951,0,train
8193,3,0.16754135401837303,83.57,50.820419325432994,18,33673.5787819803,33.607305936073104,Highly_Fatal_And_Damaging,1,0.5627774972953481,1,train
3981,3,0.183423033462332,84.48,77.52962625341841,10,36736.2901448529,48.81278538812779,Significant_Damage_And_Serious_Injuries,11,0.18556869816083602,4,train
6181,2,0.414941704093137,76.12,45.487693710118506,13,30732.5345449627,49.2694063926941,Highly_Fatal_And_Damaging,2,0.38210674359899,1,train
11568,3,0.16646731576656,83.64,66.7730173199635,16,33101.085724826,29.634703196346997,Significant_Damage_And_Serious_Injuries,7,0.357223945185719,2,train
5199,4,0.0710287636448836,76.66,57.520510483135794,11,38394.5509317175,34.6575342465753,Highly_Fatal_And_Damaging,5,0.28221492967904804,0,train
10392,2,0.5437406515565151,77.97,62.07839562443029,10,40101.8250426003,60.5479452054795,Minor_Damage_And_Injuries,2,0.37128813559322,1,train
6841,3,0.236948192249694,88.39,52.9626253418414,20,47592.316643138,17.8995433789954,Minor_Damage_And_Injuries,12,0.36660007212405293,2,train
4186,3,0.144311406658945,79.2,71.42206016408392,14,28973.3033136983,36.392694063926896,Significant_Damage_And_Serious_Injuries,11,0.314310133429499,1,train
9895,7,0.00290611292624657,78.4,50.5013673655424,10,29213.8409826863,59.8173515981735,Significant_Damage_And_Serious_Injuries,1,0.329095564370718,2,train
8692,4,0.0408942878895581,75.25,62.5341841385597,17,22535.7301853887,13.698630136986301,Highly_Fatal_And_Damaging,8,0.25841399206635396,0,train
9374,3,0.136897973743858,82.43,52.3245214220602,13,27520.4924785671,38.7214611872146,Minor_Damage_And_Injuries,0,0.323325640100974,1,train
6460,7,0.00343974015422181,79.58,71.2397447584321,20,40075.9286978829,27.2602739726027,Minor_Damage_And_Injuries,3,0.44665777136675106,1,train
3533,4,0.0723885206448047,77.44,55.0592525068368,17,39523.6657956433,38.8584474885845,Highly_Fatal_And_Damaging,7,0.338471691309052,0,train
7648,6,0.0070668628868609095,83.21,59.2980856882407,18,30063.5797319462,24.703196347031998,Significant_Damage_And_Serious_Injuries,0,0.35542084385142403,3,train
10780,3,0.10271429105141999,78.78,83.3637192342753,16,20487.8674821751,30.4566210045662,Significant_Damage_And_Serious_Injuries,5,0.337750450775333,1,train
5366,7,0.0037624088321581103,78.01,63.2634457611668,13,43558.483161140095,62.3744292237443,Significant_Damage_And_Fatalities,13,0.32116191849982,3,train
3849,2,0.307623471832018,77.02,68.5050136736554,7,22472.167459524302,73.37899543379001,Minor_Damage_And_Injuries,10,0.41744752975117205,3,train
5784,1,1.19173458023308,80.26,52.68915223336371,11,32468.868616417003,46.4383561643836,Minor_Damage_And_Injuries,1,0.328374323837,1,train
8275,3,0.20122391367316,80.12,64.94986326344579,16,40669.4425991241,29.0867579908676,Significant_Damage_And_Serious_Injuries,3,0.395810313739632,2,train
7985,1,0.9784546265153471,80.98,33.9562443026436,15,26597.1543122835,22.1004566210046,Significant_Damage_And_Fatalities,19,0.499308330328164,3,train
8342,2,0.43231504591554204,76.05,67.1376481312671,17,32060.634073431298,38.1735159817352,Minor_Damage_And_Injuries,3,0.414923187883159,1,train
12368,3,0.144311406658945,81.13,79.7629899726527,11,29216.4159909021,48.3561643835616,Significant_Damage_And_Serious_Injuries,2,0.317555715831229,3,train
12457,6,0.00537408755776568,79.6,95.077484047402,18,22068.2222270981,33.7442922374429,Minor_Damage_And_Injuries,1,0.256610890732059,1,train
5522,3,0.189029307357235,80.64,76.8003646308113,15,37935.8016532287,33.1050228310502,Significant_Damage_And_Serious_Injuries,0,0.38318860439956703,1,train
12266,2,0.619279392671491,80.75,88.4685505925251,9,45300.0270165971,54.657534246575295,Significant_Damage_And_Serious_Injuries,7,0.40374395961053006,1,train
7363,7,0.00277805661424645,77.78,49.4530537830446,18,29573.3521901497,44.9315068493151,Significant_Damage_And_Serious_Injuries,21,0.52599423007573,3,train
5916,3,0.13258363082983698,83.24,61.3947128532361,12,26603.6943333191,43.607305936073,Significant_Damage_And_Serious_Injuries,1,0.510848178867652,2,train
11875,3,0.10639403449074698,79.77,73.4731084776664,17,21253.388520372,27.1689497716895,Significant_Damage_And_Serious_Injuries,2,0.463246303642264,2,train
2689,4,0.0718018696549619,78.04,60.300820419325504,14,39230.7767992872,36.712328767123296,Significant_Damage_And_Serious_Injuries,3,0.40482582041110704,3,train
7583,7,0.00196638455370176,80.76,62.625341841385605,19,17377.6273066295,41.643835616438295,Significant_Damage_And_Fatalities,6,0.427544897223224,1,train
9215,1,1.4803424663546598,77.62,61.6226071103008,7,40353.5539105044,48.2648401826484,Highly_Fatal_And_Damaging,6,0.48524413992066295,1,train
484,6,0.007672796704650179,76.19,59.7538742023701,14,30982.4858135607,59.8173515981735,Significant_Damage_And_Fatalities,1,0.474786152181753,2,train
11358,4,0.0714750024770554,77.83,58.4776663628077,13,38859.9855662169,27.579908675799103,Highly_Fatal_And_Damaging,30,0.49462026685899696,2,train
289,4,0.0644981911503426,80.14,83.54603463992709,15,34727.7751753632,45.79908675799089,Minor_Damage_And_Injuries,0,0.346405337179949,2,train
7968,2,0.234689040083959,81.34,63.947128532361,14,17006.4611648321,49.2237442922374,Minor_Damage_And_Injuries,6,0.24615290299314802,2,train
7178,1,1.29142485015568,80.5,78.94257064721971,17,35006.6478704957,39.4520547945205,Minor_Damage_And_Injuries,4,0.32116191849982,2,train
91,5,0.00868877979364907,78.99,42.5706472196901,16,8706.41207763477,42.4657534246575,Highly_Fatal_And_Damaging,1,0.43223296069239103,3,train
11366,4,0.0611836711383713,81.89,52.5524156791249,12,33553.4782836866,33.9269406392694,Significant_Damage_And_Fatalities,7,0.38931914893617,3,train
3387,4,0.0659924427036663,80.84,81.26709206927991,15,36065.2085271643,21.735159817351605,Highly_Fatal_And_Damaging,10,0.29123043635052304,2,train