Accident_ID,Accident_Type_Code,Adverse_Weather_Metric,Cabin_Temperature,Control_Metric,Days_Since_Inspection,Max_Elevation,Safety_Score,Severity,Total_Safety_Complaints,Turbulence_In_gforces,Violations,source
51,2,0.484710456352861,81.81,72.7438468550593,10,36048.3668190144,61.0045662100457,Minor_Damage_And_Injuries,8,0.272838802740714,2,train
3846,1,1.1837210399650402,77.67,47.7666362807658,17,32227.7131370942,14.4748858447489,Significant_Damage_And_Fatalities,3,0.511930039668229,2,train
2061,3,0.111669094338871,81.2,64.9954421148587,13,22318.1217237451,41.324200913242,Significant_Damage_And_Serious_Injuries,8,0.32116191849982,2,train
1472,7,0.00238037353454408,80.66,81.7228805834093,11,27179.0519600046,34.1095890410959,Highly_Fatal_And_Damaging,0,0.296279120086549,0,train
1852,7,0.00223621061938481,78.47,70.1914311759344,12,26424.9508350846,56.712328767123296,Minor_Damage_And_Injuries,10,0.39400721240533704,2,train
2274,4,0.0490861678801767,81.02,71.05742935278029,14,27009.595368617098,24.1095890410959,Highly_Fatal_And_Damaging,4,0.46721312657771297,2,train
9582,3,0.139944845040627,78.75,72.33363719234279,11,28145.0409199558,46.4840182648402,Significant_Damage_And_Serious_Injuries,1,0.41672628921745397,1,train
9701,4,0.0543696861900085,76.61,47.17411121239739,14,29722.8399085569,25.251141552511395,Significant_Damage_And_Fatalities,13,0.438724125495853,3,train
6974,3,0.151840046781855,76.45,96.30811303555149,16,30415.652244997997,17.3972602739726,Highly_Fatal_And_Damaging,15,0.314310133429499,1,train
487,5,0.0179965117276075,79.2,48.9516864175023,19,28547.658421272998,20.8675799086758,Minor_Damage_And_Injuries,7,0.5822509917057329,4,train
9371,1,0.859867417828303,80.86,64.2661804922516,11,23362.5382988508,34.3835616438356,Highly_Fatal_And_Damaging,9,0.236416155787955,3,train
5257,7,0.00267114760160348,76.37,59.525979945305394,10,30951.0633871869,72.32876712328759,Significant_Damage_And_Fatalities,10,0.423217454020916,2,train
6320,1,1.3421932486929098,81.15,72.0145852324522,10,36377.5107854939,36.986301369863,Highly_Fatal_And_Damaging,14,0.302409664623152,4,train
1323,1,1.16322851754797,82.72,46.03463992707379,14,31633.6906386513,24.748858447488605,Significant_Damage_And_Fatalities,0,0.599921384781825,2,train
3955,4,0.0735958717115776,77.42,68.5050136736554,16,40424.9322137671,18.310502283105,Highly_Fatal_And_Damaging,9,0.640671474936891,1,train
6766,1,0.7446476060733109,79.7,60.1640838650866,11,20285.7112878375,35.296803652968,Highly_Fatal_And_Damaging,0,0.231728092318788,2,train
5110,3,0.118795587606853,82.82,52.0966271649954,3,23861.037409217002,71.689497716895,Minor_Damage_And_Injuries,1,0.40482582041110704,2,train
1360,3,0.101519827745638,78.1,78.8969917958068,17,20487.8674821751,26.986301369863,Significant_Damage_And_Serious_Injuries,2,0.39797403534078596,2,train
4701,3,0.17253938189435597,80.54,80.35551504102101,15,34791.7595740731,33.287671232876704,Significant_Damage_And_Serious_Injuries,0,0.19638730616660602,2,train
4252,6,0.00618362691761325,79.78,56.9279854147676,4,25094.3570432439,77.8538812785388,Highly_Fatal_And_Damaging,2,0.487768481788677,3,train
1558,4,0.0443025905213973,80.13,56.2898814949863,20,24371.5142179798,30.776255707762605,Highly_Fatal_And_Damaging,2,0.6330984493328521,1,train
10296,4,0.0961825861517461,78.49,71.1030082041933,21,53455.0451129203,19.9086757990868,Minor_Damage_And_Injuries,6,0.526354850342589,1,train
6636,4,0.068210006095578,79.03,53.919781221513205,6,37292.129029615804,52.100456621004604,Significant_Damage_And_Fatalities,2,0.620837360259647,1,train
5845,1,0.387799082295146,79.76,80.0364630811304,6,9125.609625630279,52.648401826484005,Highly_Fatal_And_Damaging,4,0.224876307248467,2,train
10971,4,0.0279354186380137,80.55,64.8131267092069,11,14139.9067872575,70.0913242009132,Significant_Damage_And_Fatalities,11,0.438002884962135,3,train
7512,4,0.0495178660399433,81.1,67.50227894257071,15,27007.9663942613,21.735159817351605,Highly_Fatal_And_Damaging,9,0.34315975477821803,2,train
9526,4,0.0601777442176999,81.37,52.5524156791249,11,32666.809391351202,35.2511415525114,Significant_Damage_And_Fatalities,6,0.3932859718716189,1,train
9118,4,0.0593966255335747,83.32,57.5660893345488,9,32108.8944544788,41.5525114155251,Highly_Fatal_And_Damaging,6,0.29591849981969,2,train
8409,6,0.00990625580190773,80.98,71.8322698268004,14,37935.8016532287,35.4794520547945,Significant_Damage_And_Serious_Injuries,1,0.363715109989181,1,train
8891,3,0.14597123365178,82.66,67.228805834093,12,28945.1811088658,44.566210045662096,Significant_Damage_And_Serious_Injuries,2,0.261298954201226,2,train
3753,4,0.039655280345073,79.58,65.587967183227,15,21762.5037953773,21.2785388127854,Highly_Fatal_And_Damaging,1,0.413120086548864,1,train
7925,3,0.178257538798474,84.75,71.42206016408392,11,36166.0039080309,45.205479452054796,Significant_Damage_And_Serious_Injuries,3,0.247234763793725,1,train
3759,2,0.45885903355730295,80.98,63.3546034639927,15,34007.985671315095,46.4840182648402,Minor_Damage_And_Injuries,3,0.452427695636495,1,train
6856,3,0.16396237774710998,80.13,60.4375569735643,11,32832.4176893392,47.44292237442921,Significant_Damage_And_Serious_Injuries,1,0.355060223584565,2,train
2467,7,0.0037845533395528,78.95,61.485870556062004,14,44899.0705087481,59.315068493150704,Significant_Damage_And_Fatalities,4,0.220548864046159,4,train
498,2,0.217882733481642,84.52,49.13400182315411,7,15521.185500598602,70.1369863013699,Highly_Fatal_And_Damaging,8,0.42249621348719796,3,train
286,7,0.00262759331216413,77.78,53.96536007292621,18,31087.6739161044,45.9817351598173,Significant_Damage_And_Serious_Injuries,4,0.5425827623512439,2,train
5353,2,0.49984523309312395,79.3,62.1695533272562,12,37050.8568808506,31.2328767123288,Highly_Fatal_And_Damaging,10,0.4444940497655971,2,train
8222,1,1.06763304103432,77.85,70.7839562443026,18,28955.3468267006,24.703196347031998,Significant_Damage_And_Serious_Injuries,0,0.339192931842769,4,train
4215,3,0.231845913463668,78.35,73.83773928896991,13,46794.80628336519,40.9132420091324,Significant_Damage_And_Serious_Injuries,2,0.269953840605842,2,train
8886,7,0.00346277084197133,76.13,68.64175022789429,13,40589.5179998994,28.0821917808219,Highly_Fatal_And_Damaging,2,0.246874143526866,1,train
5839,5,0.0297744341253541,77.82,70.464904284412,8,44362.5365040698,69.7260273972603,Minor_Damage_And_Injuries,2,0.322965019834114,1,train
9744,6,0.0063905071210645205,75.5,41.6134913400182,18,25175.008694098102,12.191780821917801,Highly_Fatal_And_Damaging,4,0.47911359538406,2,train
9802,7,0.0032192666671433104,80.23,45.67000911577029,14,36511.614317136096,26.392694063926896,Significant_Damage_And_Fatalities,1,0.40482582041110704,2,train
8381,4,0.055390533687851,76.17,72.6526891522334,8,30465.089991741603,43.1963470319635,Highly_Fatal_And_Damaging,1,0.25841399206635396,4,train
11279,7,0.00259659848763858,77.17,72.7894257064722,16,29454.471556176803,42.191780821917796,Minor_Damage_And_Injuries,7,0.31719509556437103,2,train
7058,7,0.00295124691136514,76.48,64.8587055606199,13,34472.083799485,51.232876712328796,Minor_Damage_And_Injuries,14,0.4856047601875229,0,train
8282,7,0.00213992086633605,80.47,75.6153144940748,23,26271.6146432469,31.735159817351605,Significant_Damage_And_Fatalities,5,0.316473855030653,1,train
1336,1,0.750477041789785,77.82,51.1850501367366,18,20348.9050245361,11.0045662100457,Significant_Damage_And_Fatalities,2,0.487407861521817,2,train
2840,6,0.0115992727931572,79.39,53.96536007292621,19,47156.9384261401,42.100456621004604,Significant_Damage_And_Serious_Injuries,9,0.6341803101334289,2,train
1798,3,0.162966110820739,77.93,79.8997265268915,10,32932.7239225323,48.7214611872146,Significant_Damage_And_Serious_Injuries,10,0.234973674720519,2,train
4661,4,0.04183379106061799,79.83,69.2342752962625,12,22736.3823339225,31.369863013698602,Highly_Fatal_And_Damaging,12,0.33161990623873,1,train
5633,3,0.132638956145098,79.81,73.60984503190521,15,26632.0129708879,31.8264840182648,Significant_Damage_And_Serious_Injuries,0,0.318276956364948,3,train
2773,2,0.538862339469786,86.13,59.9817684594348,11,39765.5148626154,33.7442922374429,Highly_Fatal_And_Damaging,7,0.358305805986296,3,train
7160,2,0.668862532692016,79.65,66.1349134001823,7,50138.8533250908,70.1369863013699,Highly_Fatal_And_Damaging,2,0.346405337179949,2,train
10695,1,1.0588500687495601,78.5,87.1011850501367,16,28834.576931173196,41.5068493150685,Minor_Damage_And_Injuries,6,0.19278110349801603,2,train
10725,3,0.12514403561123,76.21,52.9626253418414,19,25239.6627058985,21.324200913242,Minor_Damage_And_Injuries,20,0.47839235485034204,3,train
6838,4,0.0755380401037781,80.6,60.847766636280795,17,40808.477420646,15.4337899543379,Highly_Fatal_And_Damaging,3,0.401940858276235,1,train
9863,3,0.128453568773262,75.07,69.1431175934367,17,26009.232746201098,14.337899543378999,Highly_Fatal_And_Damaging,1,0.29014857554994605,2,train
11543,3,0.103487089845279,83.11,67.31996353691889,17,20743.3374704144,27.579908675799103,Significant_Damage_And_Serious_Injuries,3,0.36407573025603995,2,train
2659,2,0.48369584645779,76.21,76.3445761166819,8,35730.4510938833,58.4931506849315,Significant_Damage_And_Serious_Injuries,37,0.405547060944825,2,train
2694,1,1.10131814762192,78.13,54.922515952598,11,29989.0265842119,34.885844748858396,Significant_Damage_And_Fatalities,13,0.414923187883159,5,train
172,2,0.367490581778457,77.91,69.4165907019143,17,27295.816524348,39.634703196347,Minor_Damage_And_Injuries,8,0.19133862243058,1,train
3910,4,0.0574972647652242,77.13,56.1531449407475,15,31533.396152706202,20.1826484018265,Significant_Damage_And_Fatalities,0,0.37597619906238705,2,train
393,6,0.00796044211582625,76.87,72.33363719234279,11,32471.866782537796,46.1643835616438,Significant_Damage_And_Serious_Injuries,3,0.351454020915975,3,train
5869,5,0.0185203892363935,79.4,71.19416590701921,19,27487.688802433197,31.689497716894998,Minor_Damage_And_Injuries,7,0.460361341507393,2,train
5333,5,0.0141300920233201,77.29,78.1221513217867,12,21744.2730155049,30.2283105022831,Highly_Fatal_And_Damaging,0,0.36046952758745,2,train
2919,3,0.202036111336748,79.32,69.8723792160438,11,40619.7789673451,46.6666666666667,Significant_Damage_And_Serious_Injuries,0,0.417808150018031,3,train
7053,4,0.0742239344888381,78.41,63.810391978122205,15,40729.8147773945,21.552511415525103,Highly_Fatal_And_Damaging,0,0.556286332491886,2,train
3226,4,0.0801631199888322,79.46,45.67000911577029,12,43852.845351907796,31.1872146118721,Significant_Damage_And_Fatalities,2,0.414923187883159,3,train
7688,5,0.0316848087451912,76.56,63.90154968094811,11,46371.5275238705,35.1598173515982,Highly_Fatal_And_Damaging,0,0.401580238009376,2,train
1985,3,0.145497843024578,82.72,61.7593436645397,12,29319.106032360898,31.1872146118721,Highly_Fatal_And_Damaging,5,0.43042985935809597,1,train
11547,2,0.433461888131798,76.07,60.9845031905196,16,32060.634073431298,29.406392694063896,Significant_Damage_And_Serious_Injuries,19,0.420332491886044,2,train
9210,6,0.00517393423609584,82.25,72.151321786691,16,23226.0148728971,30.593607305936104,Significant_Damage_And_Serious_Injuries,0,0.41348070681572296,1,train
3169,6,0.00507961089685079,81.34,65.8614402917047,14,22140.425900450802,35.5251141552511,Significant_Damage_And_Serious_Injuries,6,0.236776776054814,3,train
6716,2,0.31714926711129,88.74,87.693710118505,12,23410.3422885626,54.1552511415525,Minor_Damage_And_Injuries,1,0.316113234763794,2,train
4312,7,0.00292710508522188,76.9,72.0145852324522,16,30056.215219895,19.954337899543397,Highly_Fatal_And_Damaging,13,0.302409664623152,2,train
1183,4,0.0385759451956623,79.32,81.26709206927991,15,21267.7043733175,21.8264840182648,Highly_Fatal_And_Damaging,9,0.23389181391994196,3,train
4776,4,0.0608983656909154,85.9,54.968094804010896,16,33403.2551232866,17.7168949771689,Significant_Damage_And_Fatalities,1,0.311425171294627,1,train
1017,5,0.0212246538797448,76.48,62.7620783956244,12,32937.2182500384,56.25570776255711,Minor_Damage_And_Injuries,13,0.46829498737829,0,train
8334,7,0.00145523988109246,79.03,71.64995442114859,5,14552.7349096771,54.794520547945204,Highly_Fatal_And_Damaging,15,0.37850054093040003,1,train
3352,6,0.0101532118856562,79.14,48.9061075660894,14,38304.3259164758,36.027397260274,Significant_Damage_And_Serious_Injuries,3,0.662308690948431,2,train
1659,6,0.00916356586669669,80.46,68.003646308113,16,36027.6632015151,29.9543378995434,Significant_Damage_And_Serious_Injuries,0,0.29411539848539503,2,train
2074,3,0.11743832832642,79.42,69.5077484047402,12,23573.0067284607,42.0547945205479,Significant_Damage_And_Serious_Injuries,2,0.409513883880274,2,train
1313,4,0.0802287917843594,81.43,57.7028258887876,15,43786.173360848,45.0228310502283,Minor_Damage_And_Injuries,3,0.387876667868734,0,train
9608,4,0.0594585122059251,76.79,65.3600729261623,15,32342.109345125602,22.0091324200913,Highly_Fatal_And_Damaging,10,0.316473855030653,2,train
2787,4,0.0576727377660007,80.4,79.03372835004559,16,31164.4523117872,17.2602739726027,Highly_Fatal_And_Damaging,0,0.39436783267219605,2,train
3740,4,0.0731732009419454,78.85,62.625341841385605,12,39649.8076802642,43.6529680365297,Significant_Damage_And_Serious_Injuries,10,0.41925063108546706,3,train
1412,2,0.637457086688145,76.92,66.6818596171377,19,46974.390404833,41.689497716895,Significant_Damage_And_Fatalities,6,0.34027479264334604,2,train
5422,2,0.622444465973777,75.33,73.70100273473109,12,46273.2400084029,53.47031963470321,Minor_Damage_And_Injuries,8,0.37092751532636103,0,train
5,5,0.0199273006311425,79.08,63.2634457611668,12,28815.0595298404,65.4337899543379,Significant_Damage_And_Fatalities,1,0.38318860439956703,2,train
9765,7,0.0022939358099787,78.11,67.86690975387421,13,23665.6603699134,63.1963470319635,Significant_Damage_And_Fatalities,8,0.158882798413271,2,train
11683,1,1.25637083671277,81.08,49.6353691886965,11,33960.5815774007,32.9223744292237,Significant_Damage_And_Fatalities,1,0.470819329246303,3,train
399,4,0.0536168001945233,79.88,49.4530537830446,11,28875.5800147687,34.6575342465753,Significant_Damage_And_Fatalities,5,0.5310429138117561,2,train
3641,3,0.16641915600505303,79.49,56.517775752051,16,33055.491886596,40.821917808219204,Highly_Fatal_And_Damaging,2,0.386434186801298,2,train
6496,6,0.0035981058834733295,87.51,68.1403828623519,13,15675.474779381599,38.8127853881278,Significant_Damage_And_Serious_Injuries,30,0.253365308330328,4,train
2014,4,0.0320805077660302,82.2,74.74931631722879,11,17417.2482375906,34.3835616438356,Highly_Fatal_And_Damaging,5,0.36948503425892504,2,train
2518,4,0.0544392802512786,83.01,79.535095715588,12,29660.0149931199,33.0593607305936,Highly_Fatal_And_Damaging,5,0.40302271907681203,4,train
11556,2,0.5462214868147041,75.35,88.4685505925251,7,40311.896520282,46.8493150684931,Highly_Fatal_And_Damaging,15,0.29591849981969,1,train
4781,7,0.0038460374795458,83.23,55.9708295350957,11,46010.308745371105,56.4383561643835,Highly_Fatal_And_Damaging,4,0.45639451857194396,2,train
7760,2,0.5682559204088371,79.73,55.87967183226979,16,41817.980603858596,40.7305936073059,Highly_Fatal_And_Damaging,7,0.317555715831229,2,train
3006,4,0.0397882618618052,76.13,67.8213309024613,12,21651.0494588669,31.1872146118721,Highly_Fatal_And_Damaging,5,0.399055896141363,4,train
4894,1,1.05028681182213,81.49,54.1932543299909,18,28475.160006696602,32.8767123287671,Minor_Damage_And_Injuries,11,0.32368626036783194,3,train
10628,6,0.00947138341406335,76.75,76.02552415679129,15,40538.7808167345,32.3744292237443,Significant_Damage_And_Serious_Injuries,13,0.30709772809231894,2,train
5613,2,0.162877092965986,81.21,62.57976298997271,11,12376.561373231201,35.9360730593607,Highly_Fatal_And_Damaging,2,0.426823656689506,3,train
8557,1,0.901972619496758,78.16,55.9252506836828,12,24135.4433661131,29.7260273972603,Significant_Damage_And_Fatalities,13,0.487407861521817,2,train
11466,3,0.133480825287782,82.12,61.9416590701914,12,27108.1286016377,31.5981735159817,Highly_Fatal_And_Damaging,5,0.321883159033537,0,train
1964,1,1.77934417304994,79.6,84.8678213309025,21,48513.2945923516,15.205479452054801,Minor_Damage_And_Injuries,3,0.245071042192571,1,train
10176,5,0.0240955544858232,79.21,55.6973564266181,19,35834.1533292146,32.8767123287671,Minor_Damage_And_Injuries,9,0.368403173458348,2,train
8720,5,0.0121842629372386,79.34,49.6809480401094,15,14874.3455650257,45.5251141552511,Highly_Fatal_And_Damaging,1,0.434396682293545,2,train
4193,3,0.179528293028085,81.47,42.023701002734704,16,36093.8087038102,29.0867579908676,Minor_Damage_And_Injuries,7,0.45603389830508395,1,train
2688,2,0.515462917300368,77.03,70.0091157702826,15,38183.1809071596,46.1643835616438,Minor_Damage_And_Injuries,18,0.354699603317706,2,train
10088,5,0.0194114223825463,79.17,64.35733819507749,12,30878.7985441465,41.8264840182648,Significant_Damage_And_Serious_Injuries,8,0.2201882437793,2,train
8069,2,0.424285998664813,83.9,58.340929808568795,8,31288.3431555066,69.36073059360729,Minor_Damage_And_Injuries,1,0.421053732419762,1,train
12098,3,0.212243576123403,77.86,92.1148587055606,13,42630.0016766009,38.0365296803653,Significant_Damage_And_Serious_Injuries,0,0.18520807789397797,0,train
742,7,0.00380218078016251,82.66,69.91795806745671,17,47182.814607408094,46.894977168949794,Significant_Damage_And_Fatalities,4,0.29231229715109996,3,train
5813,3,0.0587975074186055,80.2,58.6144029170465,14,11809.795062478,58.8584474885845,Significant_Damage_And_Fatalities,3,0.41348070681572296,2,train
6273,7,0.0022795111625947898,76.05,40.154968094804,11,26005.3229868944,70.5022831050228,Significant_Damage_And_Fatalities,5,0.46144320230797,2,train
681,2,0.488682348438616,81.45,57.155879671832295,15,36109.012871701096,30.9132420091324,Minor_Damage_And_Injuries,3,0.502553912729895,3,train
7086,6,0.0116123239444989,81.06,55.9708295350957,19,46104.7029866108,41.598173515981706,Significant_Damage_And_Serious_Injuries,12,0.7174835917778578,0,train
11896,6,0.0111252879892656,78.86,58.5232452142206,12,43319.3836375384,43.4246575342466,Significant_Damage_And_Serious_Injuries,11,0.511208799134511,3,train
8454,2,0.23253948197019397,77.99,79.5806745670009,11,17326.7709003087,59.9086757990868,Minor_Damage_And_Injuries,17,0.292672917417959,3,train
10464,3,0.0719620691714514,79.96,91.20328167730172,6,14552.7349096771,52.283105022831,Significant_Damage_And_Serious_Injuries,20,0.326571222502704,3,train
4009,5,0.0219848426435965,77.34,57.9762989972653,15,31988.1959886504,57.077625570776206,Significant_Damage_And_Fatalities,16,0.620476739992787,3,train
8411,2,0.46655214119750604,77.53,52.82588878760261,17,34602.277539951,14.4748858447489,Significant_Damage_And_Fatalities,1,0.40735016227912,0,train
10049,3,0.179067509065716,83.72,59.024612579763,7,36104.8569903325,82.23744292237441,Significant_Damage_And_Fatalities,1,0.36263324918860396,3,train
10419,6,0.00604311628541286,76.87,50.5925250683683,18,25797.6766845836,23.1963470319635,Minor_Damage_And_Injuries,5,0.44485467003245505,2,train
3540,3,0.10473844248183198,77.35,52.9170464904284,15,20985.5640745089,32.3744292237443,Significant_Damage_And_Serious_Injuries,1,0.41636566895059496,2,train
6272,1,1.4286956794006398,77.9,49.6353691886965,12,38579.3859434729,32.1461187214612,Significant_Damage_And_Fatalities,0,0.470819329246303,3,train
963,3,0.22568423147531,80.78,41.4311759343665,12,45075.2781182304,32.6940639269406,Significant_Damage_And_Fatalities,0,0.5981182834475289,1,train
707,7,0.00326623839026802,79.37,59.6627164995442,15,33387.8483064781,56.712328767123296,Significant_Damage_And_Fatalities,12,0.423217454020916,3,train
10693,1,1.05028681182213,76.93,73.4731084776664,11,28185.910470362996,58.4931506849315,Minor_Damage_And_Injuries,2,0.29736098088712604,2,train
3770,3,0.114217417558227,79.81,76.5268915223336,16,23102.257681542902,30.9132420091324,Significant_Damage_And_Serious_Injuries,0,0.386434186801298,2,train
10642,5,0.0303240089034753,80.07,61.9416590701914,12,43914.0768249921,54.0639269406393,Minor_Damage_And_Injuries,7,0.507241976199062,1,train
6017,3,0.111428701057596,81.25,77.02825888787599,13,22597.0959547712,37.9908675799087,Significant_Damage_And_Serious_Injuries,1,0.29447601875225393,1,train
3418,1,1.44569257769582,78.95,65.1321786690975,14,39242.1984983224,58.767123287671204,Significant_Damage_And_Fatalities,1,0.293033537684818,1,train
10329,1,1.1944629242076499,80.92,69.5533272561531,16,32421.108118941,17.351598173516,Highly_Fatal_And_Damaging,6,0.224876307248467,1,train
1023,3,0.19958939823117397,77.94,57.8395624430264,19,40114.3609726391,31.689497716894998,Minor_Damage_And_Injuries,0,0.311425171294627,4,train
2358,7,0.00267087052186686,77.4,55.9708295350957,17,31087.6739161044,51.3698630136986,Significant_Damage_And_Serious_Injuries,5,0.462525063108547,2,train
4570,4,0.0489153100752888,77.11,84.22971741112129,13,27037.416414391002,29.7260273972603,Highly_Fatal_And_Damaging,4,0.301327803822575,1,train
7735,4,0.063739607576504,77.56,64.17502278942571,12,35012.5425984798,30.5022831050228,Highly_Fatal_And_Damaging,0,0.5130119004688061,0,train
1760,6,0.0042800625074455294,84.42,56.9279854147676,10,18675.6384579321,48.9954337899543,Minor_Damage_And_Injuries,8,0.47190119004688,0,train
5279,7,0.00480480829412016,79.01,68.003646308113,15,55360.356917121906,34.7488584474886,Significant_Damage_And_Serious_Injuries,8,0.36732131265777096,2,train
11131,3,0.165002363929807,80.71,73.4731084776664,9,33257.595187085695,43.6529680365297,Highly_Fatal_And_Damaging,8,0.311064551027768,0,train
11888,3,0.160120932295153,78.06,48.723792160437604,10,32121.255934815,50.273972602739704,Minor_Damage_And_Injuries,4,0.3849917057338621,2,train
1177,2,0.599068990448829,79.83,83.54603463992709,10,44244.903458707005,61.643835616438295,Minor_Damage_And_Injuries,0,0.237858636855391,3,train
6565,7,0.00267114760160348,78.36,60.1640838650866,12,30653.9244031523,66.1187214611872,Significant_Damage_And_Fatalities,5,0.30637648755860103,5,train
7908,3,0.135850462114308,77.58,64.35733819507749,17,27480.0655746523,26.7123287671233,Significant_Damage_And_Serious_Injuries,8,0.330538045438154,1,train
7015,7,0.0031164589957626,78.47,52.415679124886104,14,33289.1776385925,36.3470319634703,Minor_Damage_And_Injuries,2,0.45603389830508395,1,train
12047,1,0.972402662659163,81.53,75.8887876025524,8,26632.0129708879,56.1187214611872,Significant_Damage_And_Serious_Injuries,1,0.243989181391994,4,train
1344,4,0.0533984110646786,77.16,45.67000911577029,13,29502.763421053198,29.2694063926941,Significant_Damage_And_Fatalities,0,0.509405697800216,1,train
2127,7,0.00287100899711365,78.96,61.303555150410205,18,31647.884323696002,11.8721461187215,Highly_Fatal_And_Damaging,4,0.40735016227912,2,train
11993,3,0.145447149829291,79.86,72.0145852324522,14,29310.955244800698,34.474885844748805,Significant_Damage_And_Serious_Injuries,17,0.17943815362423302,1,train
8758,3,0.138218629477214,79.0,69.8723792160438,9,27563.6657696117,52.9680365296804,Significant_Damage_And_Serious_Injuries,11,0.47514677244861103,1,train
5327,4,0.0506515878177534,82.21,72.8805834092981,11,27780.2101903398,33.7899543378995,Highly_Fatal_And_Damaging,6,0.336668589974756,3,train
9639,5,0.0281920327260977,86.59,37.6481312670921,14,41873.4884147618,48.9041095890411,Minor_Damage_And_Injuries,7,0.605691309051569,2,train
9229,4,0.0796416216471924,76.4,60.3463992707384,14,43870.357040907,25.9817351598173,Highly_Fatal_And_Damaging,4,0.28149368914533,2,train
467,5,0.0198462668231589,79.08,67.7301731996354,12,29273.781013177002,31.369863013698602,Highly_Fatal_And_Damaging,12,0.390401009736747,3,train
1373,6,0.00971436271891638,82.13,52.5524156791249,11,38340.917759317,68.675799086758,Significant_Damage_And_Serious_Injuries,6,0.590184637576631,1,train
4968,4,0.0392500739871597,79.15,62.7620783956244,11,21402.760113738503,46.2100456621004,Significant_Damage_And_Serious_Injuries,0,0.28005120807789396,3,train
1086,3,0.0560173007963913,76.79,61.212397447584294,10,10393.0547497419,48.7214611872146,Significant_Damage_And_Serious_Injuries,0,0.639950234403173,2,train
10505,3,0.160237023074609,79.97,56.0619872379216,14,32121.255934815,35.8904109589041,Minor_Damage_And_Injuries,4,0.34532347637937205,3,train
12459,3,0.123395575463048,77.1,69.5533272561531,15,24386.649921265,33.6529680365297,Significant_Damage_And_Serious_Injuries,6,0.23064623151821104,1,train
108,7,0.00262759331216413,79.81,86.2351868732908,17,28356.813204319904,49.4520547945205,Significant_Damage_And_Fatalities,5,0.33378362783988397,1,train
1125,5,0.0195516826413514,78.63,64.3117593436645,19,30685.6982213411,30.593607305936104,Minor_Damage_And_Injuries,1,0.438363505228994,3,train
5678,1,1.29520155662408,80.78,74.1567912488605,16,35006.6478704957,18.7671232876712,Highly_Fatal_And_Damaging,2,0.23894049765596803,3,train
10531,7,0.0027759536961866602,78.97,59.161349134001796,10,28183.3231299795,72.7853881278539,Significant_Damage_And_Fatalities,1,0.312507032095204,3,train
6184,1,1.2575352136536497,75.94,74.3391066545123,6,33959.191621617996,76.6666666666667,Minor_Damage_And_Injuries,21,0.27428128380815,3,train
11473,3,0.17078321571126004,83.73,53.600729261622604,12,34305.0853441854,42.4200913242009,Minor_Damage_And_Injuries,15,0.5241911287414349,2,train
9090,6,0.0122725648420376,77.65,75.47857793983592,13,49461.7985956107,40.684931506849296,Significant_Damage_And_Serious_Injuries,6,0.39112225027046504,2,train
8563,4,0.0751863237275054,79.01,78.07657247037379,7,41279.1569541231,49.726027397260296,Highly_Fatal_And_Damaging,0,0.281133068878471,2,train
2193,5,0.0187014909382164,77.85,78.07657247037379,6,28684.067638596698,50.3196347031963,Highly_Fatal_And_Damaging,1,0.24110421925712197,1,train
12209,6,0.00644607509586762,81.85,64.2661804922516,11,28153.6835624095,69.9543378995434,Significant_Damage_And_Fatalities,1,0.31935881716552506,2,train
7984,1,1.50783149128232,81.44,51.0483135824977,13,41465.6476353107,27.397260273972602,Significant_Damage_And_Fatalities,6,0.581529751172016,3,train
11023,5,0.0286321409870276,78.56,72.7438468550593,12,42842.0382744754,67.3059360730594,Minor_Damage_And_Injuries,3,0.3900403894698879,3,train
12208,2,0.513039501471087,77.2,57.383773928897,13,37713.772281611,51.232876712328796,Minor_Damage_And_Injuries,1,0.303852145690588,3,train
11363,7,0.0032646245817578,80.06,72.8805834092981,19,33425.2255805168,41.689497716895,Significant_Damage_And_Fatalities,8,0.259135232600072,2,train
8844,4,0.0560558043214879,82.82,76.8003646308113,19,30719.4991147123,31.552511415525103,Minor_Damage_And_Injuries,11,0.38030364226469504,2,train
8250,7,0.0035315808394034702,83.72,57.520510483135794,10,39189.4780352356,73.5159817351598,Significant_Damage_And_Fatalities,19,0.35686332491885997,3,train
2053,6,0.00967034017568106,82.58,73.0628988149499,10,39280.6384452088,50.4109589041096,Significant_Damage_And_Serious_Injuries,0,0.272117562206996,3,train
4777,4,0.0462706745428268,82.72,62.2607110300821,13,24892.556125965697,28.949771689497698,Highly_Fatal_And_Damaging,4,0.443772809231878,2,train
6376,7,0.00234606575500546,83.58,57.2926162260711,17,23842.432490569103,27.1232876712329,Significant_Damage_And_Serious_Injuries,1,0.438724125495853,1,train
11731,2,0.42706926105017995,77.16,52.643573381950794,6,31487.5567418341,63.105022831050206,Minor_Damage_And_Injuries,7,0.284739271547061,4,train
9601,5,0.0228367689591343,76.45,70.3281677301732,10,34292.3523245949,61.643835616438295,Minor_Damage_And_Injuries,5,0.325849981968986,2,train