Accident_ID,Accident_Type_Code,Adverse_Weather_Metric,Cabin_Temperature,Control_Metric,Days_Since_Inspection,Max_Elevation,Safety_Score,Severity,Total_Safety_Complaints,Turbulence_In_gforces,Violations,source
11860,4,0.0621354412786752,86.47,46.03463992707379,11,33871.586283706,36.027397260274,Significant_Damage_And_Fatalities,3,0.606773169852146,3,train
12386,4,0.0865963416873615,89.19,81.7684594348222,15,47592.316643138,22.328767123287697,Highly_Fatal_And_Damaging,14,0.355060223584565,2,train
9786,4,0.100579962364862,77.13,62.2607110300821,8,58297.4802661454,44.5205479452055,Highly_Fatal_And_Damaging,10,0.33270176703930704,0,train
92,2,0.4890115627682321,78.32,49.8176845943483,14,36091.5527721269,47.4885844748858,Highly_Fatal_And_Damaging,8,0.346405337179949,2,train
1961,3,0.13755041769625198,81.79,55.651777575205095,5,27569.720835006403,54.246575342465704,Significant_Damage_And_Serious_Injuries,2,0.6049700685178511,3,train
8892,3,0.16646731576656,78.31,70.1458523245214,12,33346.971706889904,43.287671232876704,Significant_Damage_And_Serious_Injuries,10,0.41095636494771004,1,train
5141,5,0.0291145437269025,80.92,57.0191431175934,16,43914.0768249921,30.8219178082192,Minor_Damage_And_Injuries,14,0.538976559682654,3,train
2846,6,0.0102445448171566,79.7,68.64175022789429,12,40657.7633959541,30.593607305936104,Highly_Fatal_And_Damaging,1,0.41348070681572296,2,train
2456,1,1.1552268393620801,84.9,37.283500455788605,8,31618.5684248395,66.57534246575341,Significant_Damage_And_Serious_Injuries,2,0.6803397042913809,2,train
12408,4,0.0648977629890459,79.81,75.93436645396541,10,35683.7717435303,39.2694063926941,Highly_Fatal_And_Damaging,5,0.293394157951677,3,train
5871,2,0.5672011325946911,80.42,70.1914311759344,11,41708.64182517,56.5753424657534,Highly_Fatal_And_Damaging,14,0.404465200144248,3,train
6521,4,0.0657919157803562,77.68,65.587967183227,14,36305.7929992729,25.1141552511416,Highly_Fatal_And_Damaging,11,0.39184349080418296,1,train
8032,6,0.0114089976100017,84.42,57.520510483135794,12,45002.0079321222,43.4246575342466,Significant_Damage_And_Serious_Injuries,2,0.46577064551027797,3,train
3017,2,0.505802785572527,81.62,56.2443026435734,4,37411.153141132,71.689497716895,Minor_Damage_And_Injuries,19,0.35686332491885997,3,train
5431,2,0.270944893610654,76.93,67.6845943482224,15,20061.5449045476,44.0182648401826,Minor_Damage_And_Injuries,3,0.26274143526866195,2,train
9814,4,0.0462706745428268,82.8,58.5232452142206,8,25050.0244984021,44.885844748858396,Highly_Fatal_And_Damaging,0,0.4686556076451501,2,train
8159,1,1.2636550820182602,80.15,41.020966271649996,9,34325.6150767811,40.6392694063927,Significant_Damage_And_Fatalities,3,0.5433040028849621,3,train
1640,3,0.105814390731254,80.77,56.1531449407475,13,21268.8395478725,38.6301369863014,Minor_Damage_And_Injuries,1,0.37236999639379703,0,train
1032,2,0.504117435127591,80.42,73.6554238833182,10,37297.0932027602,62.4657534246575,Minor_Damage_And_Injuries,15,0.335947349441038,4,train
2326,3,0.17089911377233,79.3,75.8432087511395,7,34132.2412197546,49.5890410958904,Highly_Fatal_And_Damaging,3,0.368763793725207,2,train
11231,2,0.369357073209878,81.14,44.0291704649043,18,27376.172242769502,10.867579908675802,Significant_Damage_And_Fatalities,2,0.43223296069239103,2,train
10738,4,0.0672799843490762,81.78,55.788514129443904,14,37014.2169525702,24.7945205479452,Significant_Damage_And_Fatalities,0,0.309261449693473,2,train
7326,2,0.5777738764976279,79.83,82.0875113947128,17,42639.2344368458,26.575342465753398,Significant_Damage_And_Serious_Injuries,8,0.22163072484673602,2,train
255,7,0.00474673776165719,79.75,70.5560619872379,17,47749.6542219789,26.1187214611872,Significant_Damage_And_Serious_Injuries,11,0.293394157951677,4,train
1134,2,0.146846222191999,79.1,54.2844120328168,10,11806.5506664532,63.6529680365297,Highly_Fatal_And_Damaging,1,0.45747637937252095,2,train
323,2,0.16309337566519597,82.45,88.6052871467639,12,12091.874378793998,55.9360730593607,Minor_Damage_And_Injuries,1,0.151670393076091,2,train
11127,1,0.956487162536968,81.53,77.073837739289,11,25956.993501701403,57.71689497716889,Minor_Damage_And_Injuries,0,0.24002235845654502,1,train
12226,1,0.8628348908482041,82.53,66.7730173199635,12,23291.327400039503,44.0639269406393,Significant_Damage_And_Serious_Injuries,4,0.24651352326000697,1,train
4943,4,0.0489849322409907,87.51,67.4567000911577,12,26813.1845680268,32.6027397260274,Highly_Fatal_And_Damaging,21,0.276084385142445,2,train
1891,6,0.00773208720267557,78.31,48.1312670920693,6,32768.2794642284,63.150684931506795,Significant_Damage_And_Serious_Injuries,6,0.560613775694194,2,train
5307,2,0.5246591592173211,78.71,64.2206016408387,13,39030.5654538575,40.86757990867579,Significant_Damage_And_Serious_Injuries,0,0.33125928597187204,2,train
4771,3,0.14155543765951903,77.08,80.8568824065634,8,28890.1525672434,56.301369863013704,Significant_Damage_And_Serious_Injuries,1,0.232449332852506,2,train
12205,4,0.0560106003796652,75.21,60.3919781221513,10,30231.9993157823,37.2146118721461,Highly_Fatal_And_Damaging,4,0.34315975477821803,2,train
11884,3,0.0977072229361203,83.1,62.8988149498633,17,19618.548566256002,26.3470319634703,Significant_Damage_And_Serious_Injuries,14,0.492095924990984,3,train
9268,4,0.0590167173353565,82.27,49.0884229717411,15,32372.4222574949,21.9634703196347,Significant_Damage_And_Fatalities,5,0.5822509917057329,0,train
3907,3,0.0538389856628405,79.75,51.0483135824977,11,10571.2705834972,57.077625570776206,Highly_Fatal_And_Damaging,22,0.581529751172016,3,train
9019,6,0.0027925418240612302,79.56,42.7985414767548,20,8706.41207763477,40.4109589041096,Significant_Damage_And_Serious_Injuries,1,0.43223296069239103,3,train
7006,2,0.44974102871999705,75.96,74.4302643573382,4,33309.9400006456,58.4474885844749,Significant_Damage_And_Serious_Injuries,7,0.4686556076451501,3,train
3913,1,1.41153842752558,79.06,48.222424794895204,15,38365.131050911295,44.566210045662096,Highly_Fatal_And_Damaging,7,0.660144969347277,1,train
5867,4,0.0810705920997322,80.02,63.6736554238833,17,44977.6137603199,14.5205479452055,Highly_Fatal_And_Damaging,8,0.556286332491886,3,train
7703,6,0.0012063587479691099,88.47,79.85414767547859,11,831.6955534213299,48.3561643835616,Significant_Damage_And_Serious_Injuries,0,0.358305805986296,2,train
6394,1,1.4267599557290602,78.23,88.0583409298086,17,38564.129227285,15.844748858447499,Highly_Fatal_And_Damaging,3,0.279329967544176,2,train
6732,6,0.0105196245590474,87.34,56.1531449407475,11,44189.1782903536,47.9908675799087,Minor_Damage_And_Injuries,1,0.556646952758745,1,train
4983,5,0.0167089995452952,81.27,76.0711030082042,12,24377.0453612042,42.6940639269406,Significant_Damage_And_Serious_Injuries,6,0.305294626758024,1,train
2203,2,0.437152374319489,79.56,59.2980856882407,17,32230.500067409,38.4474885844749,Minor_Damage_And_Injuries,3,0.43908474576271206,0,train
1815,4,0.045618295027618,83.73,65.31449407474929,20,25287.045789598702,4.65753424657534,Highly_Fatal_And_Damaging,0,0.312507032095204,3,train
5961,4,0.0865963416873615,79.71,56.107566089334604,18,47245.2344742998,11.324200913241999,Significant_Damage_And_Fatalities,4,0.33811107104219196,3,train
12165,2,0.605991662537284,79.35,40.2917046490429,12,44821.4006674425,54.703196347032005,Highly_Fatal_And_Damaging,1,0.59090587811035,4,train
8432,7,0.0043835591564751,75.9,54.7857793983592,13,48071.5632292328,62.283105022831,Significant_Damage_And_Serious_Injuries,5,0.476589253516048,3,train
754,2,0.11504654874931,78.51,70.4193254329991,13,9065.40417066948,65.296803652968,Significant_Damage_And_Fatalities,16,0.39400721240533704,2,train
6810,7,0.0015882474557445,83.08,72.8805834092981,19,18487.7871773113,43.2420091324201,Significant_Damage_And_Fatalities,12,0.351814641182834,2,train
3932,3,0.11615420110310999,77.62,63.2634457611668,9,23340.347011483598,78.675799086758,Significant_Damage_And_Fatalities,5,0.498947710061305,3,train
2797,6,0.00671581825621283,79.77,70.1914311759344,11,26277.0351261399,47.5799086757991,Significant_Damage_And_Serious_Injuries,10,0.39148287053732395,2,train
4647,1,1.24220464545647,77.13,67.4111212397448,8,33848.1611167429,46.1187214611872,Highly_Fatal_And_Damaging,8,0.219827623512441,1,train
3215,2,0.653900333012144,81.0,62.07839562443029,15,48525.8603425376,32.0547945205479,Significant_Damage_And_Serious_Injuries,3,0.34496285611251304,2,train
3137,6,0.0105196245590474,84.83,82.1786690975388,7,42820.7213445713,82.7853881278539,Significant_Damage_And_Fatalities,21,0.19927226830147896,2,train
915,7,0.00233885574327616,76.79,53.7374658158614,16,26534.3553750206,52.4200913242009,Significant_Damage_And_Serious_Injuries,3,0.49137468445726595,4,train
2709,1,0.7233556815504879,76.75,77.3473108477666,19,19621.875948338602,20.8675799086758,Significant_Damage_And_Serious_Injuries,2,0.344602235845654,2,train
11349,2,0.545562193337738,76.19,54.8313582497721,14,40421.4333902048,59.6803652968037,Highly_Fatal_And_Damaging,12,0.6078550306527231,0,train
2042,1,0.986401935491245,79.8,75.47857793983592,16,26701.689501,19.2237442922374,Highly_Fatal_And_Damaging,3,0.23821925712225,5,train
11298,6,0.0105692095171719,77.59,72.24247948951691,11,43188.458698422,45.205479452054796,Significant_Damage_And_Serious_Injuries,16,0.49389902632527904,1,train
2121,5,0.0183988257543123,82.14,63.5369188696445,9,26727.9540994319,76.8493150684932,Significant_Damage_And_Fatalities,16,0.321883159033537,0,train
6311,7,0.00177707607814731,82.0,57.520510483135794,15,18487.7871773113,56.6666666666667,Significant_Damage_And_Fatalities,12,0.372009376126938,4,train
2676,3,0.12399500240157,79.08,68.3226982680037,10,25093.1260664619,48.81278538812779,Significant_Damage_And_Serious_Injuries,7,0.16284962134872,3,train
3690,2,0.390799415182943,78.11,57.65724703737471,10,28929.744669350097,60.365296803653,Minor_Damage_And_Injuries,0,0.399055896141363,2,train
10023,4,0.0234445543728166,79.58,67.9580674567001,23,12598.3641491423,22.922374429223698,Minor_Damage_And_Injuries,4,0.38607356653443897,0,train
10989,4,0.0484619583526901,85.72,73.33637192342749,9,26335.223799634703,52.9223744292237,Significant_Damage_And_Serious_Injuries,3,0.434396682293545,2,train
12184,4,0.0541065660538752,77.9,54.2844120328168,14,28798.0480891183,23.1050228310502,Significant_Damage_And_Fatalities,15,0.416005048683736,2,train
12001,3,0.112198793945968,82.3,51.4129443938013,14,22539.716689704503,34.8401826484018,Minor_Damage_And_Injuries,5,0.30313090515687,1,train
8308,4,0.0650374206705968,81.44,72.3792160437557,9,35683.7170907573,41.1415525114155,Highly_Fatal_And_Damaging,8,0.431151099891814,0,train
5003,2,0.715453968554195,79.47,66.8641750227894,15,51474.8711787021,45.4794520547945,Minor_Damage_And_Injuries,5,0.263823296069239,3,train
1321,4,0.0800334853925099,83.58,47.17411121239739,12,43803.4361082034,32.3744292237443,Significant_Damage_And_Fatalities,21,0.7214504147133071,3,train
10441,4,0.0653181121306263,79.06,67.2743846855059,13,35500.5630256623,27.8538812785388,Highly_Fatal_And_Damaging,3,0.327292463036423,3,train
8059,4,0.0443042071804465,78.09,63.6736554238833,14,24523.4215423173,37.5342465753425,Significant_Damage_And_Serious_Injuries,4,0.320440677966102,2,train
2373,7,0.00279216318896713,77.47,74.9316317228806,18,28852.4655752009,33.013698630137,Minor_Damage_And_Injuries,2,0.222351965380454,2,train
9034,2,0.35528294208327504,82.99,54.4667274384686,14,26172.1782344246,37.7625570776256,Minor_Damage_And_Injuries,4,0.372009376126938,3,train
12176,4,0.0626562639126589,76.33,67.2743846855059,13,34218.5019171156,27.8538812785388,Highly_Fatal_And_Damaging,5,0.304212765957447,1,train
6238,2,0.5542278320310611,86.58,76.4813126709207,8,40898.7067220507,69.36073059360729,Minor_Damage_And_Injuries,0,0.474425531914894,3,train
2520,5,0.0245406632757047,78.82,65.0865998176846,14,36656.5473460937,47.0319634703196,Minor_Damage_And_Injuries,2,0.321883159033537,5,train
2762,7,0.00366521510048756,80.65,86.9644484958979,15,38986.2869388142,56.0730593607306,Significant_Damage_And_Fatalities,0,0.28906671474936896,2,train
7999,2,0.35216758537044707,79.39,58.8422971741112,6,26033.5453776392,63.698630136986296,Significant_Damage_And_Serious_Injuries,0,0.492456545257843,2,train
2419,7,0.00290877946932873,78.87,59.799453053783104,17,31108.8785742791,51.5525114155251,Significant_Damage_And_Fatalities,8,0.474786152181753,3,train
7802,7,0.00380478817408631,77.2,56.1531449407475,13,42105.7225608308,63.9269406392694,Significant_Damage_And_Fatalities,0,0.34532347637937205,3,train
4204,1,0.728658038491673,81.45,47.17411121239739,16,19507.2239268193,29.8173515981735,Minor_Damage_And_Injuries,6,0.491014064190407,4,train
7644,4,0.0392500739871597,81.1,70.0091157702826,7,21376.9966971613,49.36073059360729,Highly_Fatal_And_Damaging,8,0.251562206996033,3,train
10772,7,0.00395021646980087,79.59,63.90154968094811,8,45751.983412795096,54.84018264840179,Significant_Damage_And_Serious_Injuries,40,0.39400721240533704,3,train
4304,1,1.07868990698059,78.72,80.6289881494986,8,29451.4297513069,57.5342465753425,Significant_Damage_And_Serious_Injuries,0,0.232449332852506,2,train
4110,2,0.482865676422502,79.14,41.4311759343665,12,35589.593621627406,43.37899543379001,Minor_Damage_And_Injuries,7,0.725417237648755,1,train
805,1,1.16677479820232,80.92,56.79124886052871,11,31787.1152516235,35.0684931506849,Significant_Damage_And_Fatalities,6,0.52960043274432,3,train
10070,4,0.0502229972557038,78.16,50.86599817684589,12,27296.495090287597,32.9223744292237,Significant_Damage_And_Fatalities,2,0.502553912729895,0,train
7556,4,0.0347244886933957,77.92,52.3245214220602,13,18799.489572745802,29.406392694063896,Highly_Fatal_And_Damaging,5,0.280411828344753,4,train
9625,7,0.00158463449450432,79.61,68.64175022789429,11,22248.3350362665,70.41095890410959,Significant_Damage_And_Fatalities,1,0.40482582041110704,2,train
8848,6,0.0110794939431453,78.18,67.36554238833179,17,42630.26184936,38.4474885844749,Minor_Damage_And_Injuries,22,0.324768121168409,1,train
6482,5,0.025793731905657,83.65,94.0747493163172,13,39455.0809877443,41.1872146118721,Significant_Damage_And_Serious_Injuries,3,0.26165957446808497,2,train
8656,3,0.170645148830517,77.51,58.5688240656335,19,34198.7569609193,9.36073059360731,Highly_Fatal_And_Damaging,9,0.47839235485034204,3,train
8993,3,0.22023816400114898,77.64,21.1485870556062,15,44182.8331581808,34.0182648401826,Minor_Damage_And_Injuries,1,0.804753696357736,2,train
11150,4,0.0412718889170117,79.58,65.9070191431176,15,22183.257214407797,20.4566210045662,Highly_Fatal_And_Damaging,2,0.588020915975477,2,train
7515,2,0.48443043199403496,78.09,50.3646308113035,20,35845.563111678195,40.5479452054794,Significant_Damage_And_Fatalities,1,0.438002884962135,1,train
7411,2,0.49055705905389296,82.66,49.8176845943483,15,36091.5527721269,43.3333333333333,Highly_Fatal_And_Damaging,4,0.40843202307969706,3,train
9554,2,0.512288112606264,86.43,77.4384685505925,16,37806.1841683625,42.100456621004604,Minor_Damage_And_Injuries,28,0.352535881716553,1,train
11006,6,0.00811692898317286,75.68,88.4685505925251,15,33027.7395917952,43.7899543378995,Minor_Damage_And_Injuries,3,0.21766390191128698,2,train
7289,7,0.00271995270741082,85.42,62.351868732907896,13,29247.490809391602,63.8812785388128,Significant_Damage_And_Fatalities,2,0.40266209880995296,2,train
11423,2,0.47352544002111396,75.67,55.651777575205095,8,35000.8621054718,54.5205479452055,Significant_Damage_And_Serious_Injuries,6,0.5036357735304721,1,train
7149,7,0.0037116395140295,80.4,49.6353691886965,8,40130.086673228,44.566210045662096,Significant_Damage_And_Fatalities,7,0.336668589974756,2,train
4955,4,0.0815350514760914,79.14,71.7866909753874,11,45031.0840390284,32.9223744292237,Highly_Fatal_And_Damaging,1,0.339914172376487,1,train
1501,1,0.894482923105375,84.78,73.1084776663628,21,24287.3133510699,4.29223744292237,Highly_Fatal_And_Damaging,0,0.26706887847097,0,train
8648,3,0.123159947775821,79.17,34.9134001823154,9,24626.2329864038,54.5205479452055,Minor_Damage_And_Injuries,3,0.611100613054453,0,train
12252,6,0.0053353160716145,78.47,80.6289881494986,17,21267.7043733175,39.726027397260296,Minor_Damage_And_Injuries,17,0.23100685178507,2,train
3788,1,1.5268753027471498,78.37,47.7210574293528,14,41504.773897804705,47.9908675799087,Highly_Fatal_And_Damaging,0,0.6349015506671469,3,train
1182,6,0.009779936787891871,79.07,69.64448495897899,19,38288.4040060295,6.98630136986301,Highly_Fatal_And_Damaging,5,0.199632888568337,3,train
1105,3,0.128032619795491,83.73,62.2607110300821,10,25800.588985105802,50.7762557077626,Significant_Damage_And_Serious_Injuries,18,0.525272989542012,3,train
6070,3,0.149641084203215,78.46,79.85414767547859,15,30009.463084236402,31.1872146118721,Significant_Damage_And_Serious_Injuries,0,0.22884313018391603,2,train
1721,4,0.0422835255042087,78.0,65.587967183227,16,23004.894787473397,17.5799086757991,Highly_Fatal_And_Damaging,9,0.282575549945907,3,train
1019,1,0.9784546265153471,83.41,59.3892433910666,15,26365.386318176803,22.922374429223698,Highly_Fatal_And_Damaging,0,0.39148287053732395,2,train
11970,2,0.5274874105426011,79.26,73.6554238833182,9,38977.284140462405,64.5662100456621,Minor_Damage_And_Injuries,11,0.39112225027046504,1,train
8302,5,0.0108072656643546,76.41,79.2160437556974,15,15282.224811991598,43.9269406392694,Minor_Damage_And_Injuries,0,0.21838514244500498,1,train
10766,3,0.173410918167831,78.63,64.4940747493163,14,34827.8194688261,36.301369863013704,Significant_Damage_And_Serious_Injuries,2,0.302409664623152,1,train
3798,6,0.00742835558885906,78.62,72.151321786691,14,30270.453160624904,49.0867579908676,Minor_Damage_And_Injuries,4,0.38030364226469504,2,train
6002,3,0.18651198807322197,78.59,74.1567912488605,13,37415.374098720094,39.178082191780796,Significant_Damage_And_Serious_Injuries,3,0.328734944103858,1,train
7147,1,1.23638968430796,82.14,69.0975387420237,10,33523.702338797404,51.0502283105023,Significant_Damage_And_Serious_Injuries,5,0.315752614496934,1,train
8102,7,0.00143197936716161,83.01,64.2206016408387,18,13790.8744728662,46.62100456620999,Significant_Damage_And_Fatalities,4,0.488850342589253,2,train
9367,7,0.0030193846603351303,79.66,45.897903372834996,8,35730.4510938833,69.5433789954338,Significant_Damage_And_Serious_Injuries,37,0.7856408222142092,2,train
1942,2,0.542924325866252,80.43,76.8915223336372,17,39903.4967278214,39.634703196347,Minor_Damage_And_Injuries,17,0.425020555355211,3,train
4187,4,0.0525850364388885,77.39,52.3245214220602,13,29232.821862179902,29.7260273972603,Highly_Fatal_And_Damaging,8,0.304573386224305,1,train
2815,5,0.0264809794842174,84.29,68.1403828623519,13,38523.0586431725,52.3744292237443,Minor_Damage_And_Injuries,0,0.280411828344753,3,train
435,3,0.19346483217746,81.44,48.723792160437604,13,38814.694103174,28.9041095890411,Significant_Damage_And_Fatalities,0,0.5209455463397039,3,train
8907,2,0.398856116851596,79.61,53.6918869644485,16,29498.4301186926,41.0958904109589,Highly_Fatal_And_Damaging,5,0.61939487919221,4,train
2242,3,0.132638956145098,77.92,53.09936189608021,13,26685.296362782403,39.4520547945205,Minor_Damage_And_Injuries,0,0.269232600072124,1,train
11910,6,0.00539594244887619,76.96,71.55879671832271,16,21154.8577344722,41.324200913242,Minor_Damage_And_Injuries,7,0.333423007573026,4,train
9897,4,0.0389531593294036,80.75,67.18322698268001,11,21270.9086507751,35.342465753424705,Highly_Fatal_And_Damaging,6,0.463967544175982,1,train
8086,4,0.0644470101331862,77.62,39.8814949863264,14,34947.3962820931,60.1826484018265,Significant_Damage_And_Serious_Injuries,9,0.459279480706816,2,train
6039,6,0.0070584523468429,83.64,58.7511394712853,14,29784.7464710627,34.8401826484018,Significant_Damage_And_Serious_Injuries,9,0.44593653083303203,2,train
9618,5,0.0204566081770176,80.72,66.4995442114859,10,30752.633797183702,62.0091324200913,Minor_Damage_And_Injuries,2,0.38679480706815705,4,train
4174,5,0.0151993568543735,81.68,53.6463081130356,15,23999.441104421097,31.689497716894998,Minor_Damage_And_Injuries,11,0.388597908402452,3,train
11562,5,0.0169721831895714,80.21,75.38742023701,9,25934.118494204704,39.8173515981735,Highly_Fatal_And_Damaging,0,0.375254958528669,1,train
3478,7,0.00349390200818882,77.01,68.7784867821331,14,39093.6178901909,48.8584474885845,Minor_Damage_And_Injuries,1,0.274641904075009,1,train
9224,1,1.1867680681606,82.33,66.2716499544212,16,32337.3176953635,31.506849315068497,Significant_Damage_And_Serious_Injuries,4,0.41744752975117205,1,train
8827,1,1.5311369942856399,76.35,73.5186873290793,12,41633.6539554493,31.9634703196347,Highly_Fatal_And_Damaging,2,0.388958528669311,2,train
4947,7,0.00215598792911573,82.64,56.8368277119417,13,27646.1464476546,62.0091324200913,Significant_Damage_And_Serious_Injuries,1,0.572514244500541,2,train
804,4,0.0548024694560782,77.53,88.92433910665449,9,29664.8117944913,51.6438356164384,Significant_Damage_And_Serious_Injuries,3,0.276805625676163,2,train
11931,7,0.00283676253405104,81.89,54.7402005469462,16,28284.385063842798,40.7762557077626,Highly_Fatal_And_Damaging,6,0.46721312657771297,1,train
452,7,0.00474673776165719,77.41,80.5834092980857,14,48820.2733551817,60.5479452054795,Significant_Damage_And_Fatalities,11,0.293394157951677,2,train
7111,4,0.0408942878895581,80.44,65.9981768459435,15,22183.257214407797,20.2739726027397,Highly_Fatal_And_Damaging,2,0.553401370357014,2,train
5980,3,0.117866213563163,78.04,70.9206927985415,8,23340.347011483598,44.84018264840179,Highly_Fatal_And_Damaging,2,0.352535881716553,1,train
10287,1,1.78470437040199,82.49,40.2917046490429,14,48855.489824051605,24.7945205479452,Significant_Damage_And_Fatalities,7,0.727941579516768,1,train
2990,4,0.0201943376059806,86.43,69.8723792160438,13,11328.5684848134,29.223744292237395,Highly_Fatal_And_Damaging,1,0.224876307248467,3,train
3964,4,0.0637237663805801,82.73,69.0975387420237,11,35214.8191729282,33.9269406392694,Highly_Fatal_And_Damaging,7,0.462525063108547,2,train
845,1,1.1424194449443998,76.96,85.5515041020967,18,31250.1583662827,9.58904109589041,Highly_Fatal_And_Damaging,19,0.211893977641543,0,train
4249,1,1.49815531093095,77.95,49.589790337283496,17,40347.886658032,26.3470319634703,Minor_Damage_And_Injuries,1,0.43944536602957107,2,train
5893,7,0.0037494647511730705,77.98,63.90154968094811,5,41242.3724679574,89.0867579908676,Significant_Damage_And_Fatalities,10,0.339914172376487,0,train
10328,1,1.14762130328978,78.63,48.9061075660894,12,31195.581346851097,30.3196347031963,Significant_Damage_And_Fatalities,1,0.514093761269383,3,train
5035,3,0.133100818437916,80.72,65.0865998176846,8,27093.5445642043,56.7579908675799,Significant_Damage_And_Serious_Injuries,2,0.431511720158673,1,train
10586,3,0.0789915262449856,78.83,55.560619872379206,13,16039.4043850768,53.105022831050206,Significant_Damage_And_Serious_Injuries,0,0.49137468445726595,2,train
10272,2,0.5012621497167511,80.26,78.94257064721971,13,37142.3056797706,51.917808219178106,Minor_Damage_And_Injuries,8,0.34315975477821803,0,train
11305,2,0.387182416712817,79.71,89.10665451230629,14,28568.162518976602,26.3013698630137,Highly_Fatal_And_Damaging,4,0.27500252434186795,0,train
6990,1,1.4597130584790803,77.9,49.4530537830446,9,39565.8344826951,40.821917808219204,Significant_Damage_And_Fatalities,20,0.5155362423368189,1,train
10943,4,0.0368680615097747,80.4,71.64995442114859,16,20106.7303917632,19.4977168949772,Highly_Fatal_And_Damaging,3,0.388958528669311,4,train
9470,3,0.197627289388574,81.69,66.40838650866,11,39675.1874961908,47.5342465753425,Significant_Damage_And_Serious_Injuries,6,0.395449693472773,1,train
3523,2,0.47532266563794395,76.01,50.0,11,35070.3331931138,58.310502283105,Highly_Fatal_And_Damaging,1,0.7524637576631801,1,train
8518,2,0.639740339593806,78.67,61.9416590701914,13,47251.5827787636,52.3744292237443,Minor_Damage_And_Injuries,4,0.38174612333213104,2,train
12333,7,0.00321236301491286,77.08,85.5970829535096,14,34472.083799485,59.4520547945205,Significant_Damage_And_Fatalities,15,0.346405337179949,2,train
1555,6,0.010751682465482,79.53,71.42206016408392,11,43188.458698422,45.15981735159821,Significant_Damage_And_Serious_Injuries,6,0.45062459430220003,1,train
9586,1,1.2282281733603,81.12,64.6763901549681,12,33346.1748713174,55.433789954337904,Minor_Damage_And_Injuries,8,0.425020555355211,2,train
9530,2,0.436192385548046,75.59,59.024612579763,18,32314.577381767,22.3744292237443,Significant_Damage_And_Serious_Injuries,5,0.335586729174179,0,train
281,2,0.6285743195653721,74.82,60.027347310847794,11,46273.2400084029,35.4337899543379,Highly_Fatal_And_Damaging,34,0.527797331410025,1,train
9243,4,0.0658927127051911,81.05,45.8067456700091,16,36240.4378835205,17.4885844748858,Significant_Damage_And_Fatalities,1,0.514093761269383,2,train
12202,6,0.0104388918436821,83.1,75.2962625341842,8,38792.5776652525,68.1278538812785,Minor_Damage_And_Injuries,3,0.288345474215651,2,train
9741,4,0.0758299007487241,81.45,65.0865998176846,10,41695.975178656,36.986301369863,Highly_Fatal_And_Damaging,7,0.44196970789758294,3,train
279,2,0.391140729739186,78.17,60.847766636280795,7,28929.744669350097,71.689497716895,Minor_Damage_And_Injuries,0,0.328374323837,2,train
8010,4,0.0842017953172901,82.38,78.669097538742,13,46445.709096156905,28.949771689497698,Highly_Fatal_And_Damaging,4,0.243989181391994,1,train
8771,1,0.832852166046361,82.99,48.5870556061987,14,22888.0824961257,25.570776255707802,Significant_Damage_And_Fatalities,0,0.850913090515687,3,train
10741,3,0.172520705453357,79.01,69.64448495897899,18,34758.9344410775,46.6666666666667,Significant_Damage_And_Fatalities,0,0.33702921024161503,1,train
6225,2,0.384350598455968,76.69,82.86235186873292,19,28473.7861502813,41.689497716895,Significant_Damage_And_Fatalities,11,0.43619978362784007,3,train
1367,7,0.0035468718607600705,77.25,76.0711030082042,15,37351.5074719711,56.1187214611872,Significant_Damage_And_Fatalities,0,0.387876667868734,0,train
11090,7,0.00269768127782206,76.13,67.4567000911577,10,28091.6401071219,72.9223744292237,Significant_Damage_And_Fatalities,7,0.427905517490083,4,train
4758,1,1.57697331933714,79.46,47.2196900638104,15,42565.850712287596,22.7397260273973,Significant_Damage_And_Fatalities,4,0.6107399927875939,2,train
8746,5,0.0215533582053583,83.41,79.2160437556974,14,31398.4115377294,36.5753424657534,Significant_Damage_And_Serious_Injuries,7,0.254086548864046,3,train
5970,1,1.27950242269574,82.7,43.072014585232495,11,34595.3633432901,34.885844748858396,Significant_Damage_And_Fatalities,5,0.518421204471691,2,train
10165,3,0.156527896644788,81.01,76.5724703737466,10,31239.8537935055,36.62100456621,Highly_Fatal_And_Damaging,10,0.374533717994951,2,train
639,7,0.00400941681555015,82.31,57.8395624430264,10,44502.4966181395,37.2146118721461,Highly_Fatal_And_Damaging,2,0.29591849981969,3,train
10449,7,0.00366521510048756,78.33,53.00820419325439,8,39867.4739975014,80.3196347031963,Significant_Damage_And_Serious_Injuries,20,0.481998557518932,3,train
8622,5,0.0331635429635031,80.14,74.88605287146758,17,48535.6561942994,36.4383561643836,Minor_Damage_And_Injuries,3,0.326571222502704,1,train
7941,7,0.00285292274889008,85.02,54.056517775752106,8,30637.0708362277,79.1780821917808,Significant_Damage_And_Serious_Injuries,30,0.43619978362784007,4,train
1624,6,0.010247915761715,78.31,78.5323609845032,15,40714.306755055695,32.8767123287671,Significant_Damage_And_Serious_Injuries,7,0.39112225027046504,3,train