Accident_ID,Accident_Type_Code,Adverse_Weather_Metric,Cabin_Temperature,Control_Metric,Days_Since_Inspection,Max_Elevation,Safety_Score,Severity,Total_Safety_Complaints,Turbulence_In_gforces,Violations,source
128,2,0.48312521539373704,82.67,65.3600729261623,10,35580.6487001058,61.324200913241995,Minor_Damage_And_Injuries,0,0.5036357735304721,2,train
11685,4,0.0507105431114939,83.17,65.9070191431176,16,27607.9009089188,19.9086757990868,Highly_Fatal_And_Damaging,3,0.236776776054814,3,train
7962,7,0.00175388186070855,82.64,56.1531449407475,13,20265.0426177619,63.972602739726,Significant_Damage_And_Fatalities,0,0.537534078615218,1,train
11145,3,0.16831461067345801,79.59,66.4995442114859,19,33896.0232636711,18.904109589041102,Significant_Damage_And_Serious_Injuries,14,0.38030364226469504,2,train
2893,5,0.0138046165219183,78.63,65.95259799453049,13,21403.6699174049,27.8995433789954,Highly_Fatal_And_Damaging,2,0.42285683375405697,2,train
11307,2,0.48369584645779,84.52,53.783044667274396,11,35695.811818072594,58.082191780821894,Highly_Fatal_And_Damaging,3,0.45747637937252095,1,train
3534,7,0.00472973490555168,76.8,72.7894257064722,17,50476.5268180962,36.0730593607306,Minor_Damage_And_Injuries,1,0.219106382978723,3,train
8119,6,0.00742835558885906,81.0,62.1695533272562,15,28465.3542383815,21.2328767123288,Highly_Fatal_And_Damaging,4,0.38030364226469504,3,train
4784,3,0.13784167916210902,82.0,74.0200546946217,12,27658.7234251664,66.25570776255711,Significant_Damage_And_Fatalities,14,0.18196249549224697,0,train
8708,4,0.05735925500511,81.45,41.5679124886053,15,31682.670938997202,20.2283105022831,Significant_Damage_And_Fatalities,3,0.7351539848539491,2,train
6154,4,0.0895323319881988,75.69,78.4867821330902,17,48882.9969470896,38.0821917808219,Minor_Damage_And_Injuries,5,0.281133068878471,3,train
5114,4,0.05966977696739,77.16,52.82588878760261,8,32722.0299055594,44.794520547945204,Significant_Damage_And_Fatalities,3,0.325849981968986,2,train
786,2,0.375592449338442,78.29,48.040109389243405,15,27716.3461658188,44.3835616438356,Highly_Fatal_And_Damaging,1,0.516618103137396,2,train
10141,4,0.0586746001326933,81.87,69.9635369188697,15,32421.108118941,21.7808219178082,Highly_Fatal_And_Damaging,0,0.24002235845654502,1,train
3349,6,0.0061810368598627895,84.01,66.2716499544212,10,24783.150149214904,49.8173515981735,Significant_Damage_And_Serious_Injuries,10,0.46108258204110997,0,train
3433,5,0.0228367689591343,81.39,55.3327256153145,16,33914.1168763119,19.7260273972603,Significant_Damage_And_Fatalities,6,0.31935881716552506,2,train
9879,3,0.18415778664972302,77.08,74.74931631722879,14,37178.3769732465,37.671232876712295,Significant_Damage_And_Serious_Injuries,0,0.249759105661738,1,train
9714,4,0.0235660183479036,75.25,70.60164083865091,19,12642.682015181299,9.58904109589041,Highly_Fatal_And_Damaging,1,0.29123043635052304,2,train
142,6,0.0103375714698017,80.22,65.67912488605289,14,38340.1216892705,37.260273972602704,Significant_Damage_And_Serious_Injuries,5,0.267790119004688,2,train
10949,4,0.0263158471738954,83.12,71.42206016408392,8,15088.7811089102,46.1187214611872,Highly_Fatal_And_Damaging,5,0.35866642625315504,2,train
12359,6,0.0105823276581405,80.98,68.04922515952599,18,42760.6401322885,22.1917808219178,Significant_Damage_And_Serious_Injuries,4,0.24002235845654502,3,train
9520,1,1.1944629242076499,82.74,85.18687329079309,9,32529.764404340498,42.7853881278539,Highly_Fatal_And_Damaging,1,0.304573386224305,1,train
11062,2,0.45640800565346296,76.12,45.442114858705594,8,33595.0106061457,68.0821917808219,Minor_Damage_And_Injuries,5,0.476589253516048,3,train
8699,4,0.0539003607023165,75.78,54.056517775752106,9,29502.763421053198,40.7762557077626,Significant_Damage_And_Fatalities,1,0.592348359177785,2,train
1402,5,0.0253444907773519,77.91,70.2370100273473,8,36421.5736321992,69.7260273972603,Minor_Damage_And_Injuries,15,0.395449693472773,2,train
3605,3,0.121754699866092,81.48,64.5396536007293,19,24689.720192148397,19.4520547945205,Significant_Damage_And_Serious_Injuries,0,0.272838802740714,0,train
7634,7,0.00273357546202374,77.09,61.6681859617138,12,30442.0286950033,67.4429223744292,Significant_Damage_And_Fatalities,6,0.314670753696357,2,train
2679,3,0.134288189902806,84.48,58.979033728350004,12,27007.9663942613,30.9132420091324,Highly_Fatal_And_Damaging,16,0.34532347637937205,3,train
10111,4,0.0598313484459099,79.33,82.9079307201459,14,32693.577694673597,24.8858447488584,Highly_Fatal_And_Damaging,5,0.199632888568337,2,train
694,4,0.0449289157473636,79.63,66.7274384685506,6,24317.561460150497,52.648401826484005,Highly_Fatal_And_Damaging,1,0.330538045438154,0,train
2685,1,0.6648704538602429,78.55,53.00820419325439,16,17945.3617192645,41.780821917808204,Highly_Fatal_And_Damaging,8,0.51878182473855,3,train
2705,2,0.41740739591575804,76.41,80.0364630811304,15,31078.8333618556,44.4748858447489,Minor_Damage_And_Injuries,0,0.21838514244500498,3,train
4804,4,0.0674837302135489,84.8,56.2898814949863,12,36727.664576228104,31.0958904109589,Significant_Damage_And_Fatalities,3,0.463606923909124,1,train
6917,7,0.00223908837002849,76.79,72.4247948951687,14,23744.0693140378,59.5433789954338,Significant_Damage_And_Fatalities,2,0.386434186801298,2,train
3783,6,0.00831707573304156,78.37,70.2825888787603,20,36566.3964795644,4.93150684931507,Highly_Fatal_And_Damaging,0,0.20396033177064501,2,train
6392,4,0.0704801840529321,77.51,64.1294439380128,10,38615.126561795696,37.7625570776256,Highly_Fatal_And_Damaging,12,0.31935881716552506,2,train
8180,5,0.0109511184797237,80.53,82.4521422060164,13,14519.2418896442,40.593607305936104,Significant_Damage_And_Serious_Injuries,2,0.17438946988820703,2,train
3636,5,0.0187014909382164,80.15,32.7256153144941,8,26706.8543840839,44.20091324200911,Significant_Damage_And_Fatalities,1,0.61939487919221,1,train
12380,3,0.217998520668368,83.73,62.7164995442115,7,44417.40704394809,49.2694063926941,Highly_Fatal_And_Damaging,7,0.409513883880274,1,train
2760,5,0.0272944981522334,86.08,83.9106654512306,15,40745.7685865635,45.205479452054796,Minor_Damage_And_Injuries,0,0.18665055896141297,3,train
1118,7,0.0019527384636911199,80.67,54.2388331814038,17,21763.437598859,27.1689497716895,Significant_Damage_And_Serious_Injuries,18,0.404104579877389,2,train
9835,6,0.0106239717563754,80.07,60.6198723792161,14,42860.1610777543,60.136986301369895,Significant_Damage_And_Fatalities,17,0.335586729174179,3,train
420,2,0.49228732298939104,78.95,60.7110300820419,15,36133.3387032021,44.9315068493151,Minor_Damage_And_Injuries,2,0.318276956364948,2,train
3016,3,0.24305528679985397,75.13,68.7784867821331,10,48288.1424354103,50.50228310502279,Significant_Damage_And_Serious_Injuries,7,0.200354129102055,2,train
10770,3,0.236948192249694,79.06,58.8422971741112,14,47156.9384261401,37.077625570776206,Significant_Damage_And_Serious_Injuries,12,0.605691309051569,2,train
893,7,0.00396774697494711,75.96,88.4685505925251,4,43442.145113107996,77.57990867579909,Significant_Damage_And_Serious_Injuries,2,0.23136747205192898,2,train
5514,2,0.5246591592173211,81.61,70.5560619872379,20,38976.4419110226,40.0,Significant_Damage_And_Fatalities,4,0.232449332852506,1,train
6265,4,0.0659924427036663,80.07,60.57429352780311,8,36056.3247444592,44.4748858447489,Highly_Fatal_And_Damaging,9,0.48524413992066295,3,train
9102,6,0.0055107397932919,76.63,50.9115770282589,9,21681.6612670211,52.3744292237443,Minor_Damage_And_Injuries,14,0.645359538406058,3,train
9168,3,0.182930118985126,77.4,66.40838650866,19,36624.2796276571,20.5022831050228,Significant_Damage_And_Serious_Injuries,0,0.523469888207717,2,train
4117,4,0.0966766638812981,77.62,61.6226071103008,7,52779.502004322196,47.4885844748858,Highly_Fatal_And_Damaging,6,0.48524413992066295,4,train
6449,2,0.33562780893799105,83.11,80.6745670009116,12,24809.905765736698,53.5159817351598,Minor_Damage_And_Injuries,8,0.31935881716552506,3,train
11597,5,0.0221343459049453,77.16,63.719234275296294,12,33372.8197860987,54.794520547945204,Minor_Damage_And_Injuries,1,0.49462026685899696,3,train
6889,4,0.0430629446815057,83.68,55.469462169553296,11,23999.441104421097,35.2511415525114,Significant_Damage_And_Fatalities,14,0.39508907320591397,2,train
3988,7,0.00250016144798474,82.04,58.4776663628077,6,24455.0250063736,52.648401826484005,Highly_Fatal_And_Damaging,4,0.296279120086549,2,train
11179,5,0.0183646919990325,77.1,67.7301731996354,8,28602.6042861829,57.4885844748858,Significant_Damage_And_Serious_Injuries,2,0.37489433826181,3,train
7315,5,0.0134930375983855,81.39,62.7620783956244,16,19433.6327994899,42.5114155251142,Minor_Damage_And_Injuries,3,0.47190119004688,2,train
3808,6,0.00880518950811756,78.11,82.9535095715588,16,37253.905366837,53.287671232876704,Significant_Damage_And_Fatalities,1,0.27139632167327804,0,train
11504,7,0.00306731378906429,82.2,67.9580674567001,21,35247.2887973971,25.662100456620998,Minor_Damage_And_Injuries,2,0.395810313739632,3,train
6276,5,0.0170358910014253,81.61,71.3764813126709,13,24750.6511585502,53.150684931506795,Minor_Damage_And_Injuries,0,0.247234763793725,4,train
11794,3,0.234985280834006,84.1,63.719234275296294,15,47530.90621489679,31.9634703196347,Significant_Damage_And_Serious_Injuries,1,0.334865488640461,3,train
5953,4,0.0447909407031703,77.33,53.09936189608021,15,24451.819618031,43.6529680365297,Highly_Fatal_And_Damaging,4,0.311064551027768,1,train
10456,3,0.137228468937994,79.34,79.85414767547859,15,27724.256013730497,31.324200913242002,Significant_Damage_And_Serious_Injuries,0,0.228121889650198,1,train
9490,7,0.00143197936716161,79.31,49.042844120328205,17,9966.28139209759,47.899543378995396,Significant_Damage_And_Serious_Injuries,12,0.251201586729174,2,train
4126,4,0.0541065660538752,77.6,61.3947128532361,14,29589.385407665297,36.027397260274,Significant_Damage_And_Serious_Injuries,4,0.45603389830508395,2,train
4398,1,1.06396431734775,80.05,72.24247948951691,15,28923.9002638104,42.8310502283105,Minor_Damage_And_Injuries,18,0.205042192571222,1,train
8396,7,0.00115286337258843,76.94,70.1914311759344,16,4203.2663726212295,54.109589041095894,Significant_Damage_And_Fatalities,0,0.308900829426614,3,train
934,4,0.0178040949925781,79.17,89.24339106654509,10,9764.86399052122,39.406392694063896,Highly_Fatal_And_Damaging,2,0.26670825820411104,4,train
8002,4,0.0905924441864506,79.93,72.3792160437557,9,49951.1427599292,41.4611872146119,Highly_Fatal_And_Damaging,1,0.42177497295348,0,train
831,7,0.0005027740120415361,86.57,76.5268915223336,15,16629.6337259716,54.885844748858396,Significant_Damage_And_Fatalities,4,0.492095924990984,2,train
5040,3,0.19358950474377104,76.86,70.9206927985415,16,38759.5190713265,28.493150684931503,Significant_Damage_And_Serious_Injuries,9,0.229924990984493,2,train
4801,1,0.925208520778178,78.05,65.587967183227,16,24895.0884801741,40.9132420091324,Minor_Damage_And_Injuries,5,0.27896934727731704,1,train
10071,3,0.11991159314067099,84.72,66.22607110300821,16,24242.431985578998,28.9954337899543,Significant_Damage_And_Serious_Injuries,2,0.438724125495853,4,train
12466,3,0.0639965250235573,77.83,76.29899726526891,13,13134.8047602592,39.4977168949772,Significant_Damage_And_Serious_Injuries,0,0.3352261089073211,2,train
5320,4,0.0810705920997322,78.37,48.723792160437604,13,44182.8331581808,28.9041095890411,Significant_Damage_And_Fatalities,0,0.6349015506671469,3,train
12187,4,0.0528517114582186,80.78,76.8003646308113,17,29033.7904189909,25.251141552511395,Significant_Damage_And_Serious_Injuries,0,0.202157230436351,0,train
4053,4,0.0383477654432181,85.3,85.9617137648131,13,21267.7043733175,29.406392694063896,Highly_Fatal_And_Damaging,19,0.21658204111070997,2,train
4953,6,0.0113283291184958,77.49,86.78213309024609,15,45783.5276614128,44.4292237442922,Minor_Damage_And_Injuries,0,0.29519725928597196,1,train
11852,1,1.0104081196839,74.86,85.9617137648131,18,27464.488778077,11.5068493150685,Highly_Fatal_And_Damaging,3,0.211893977641543,1,train
7533,3,0.14713367280259804,78.31,65.7702825888788,11,29365.0114975677,47.1689497716895,Significant_Damage_And_Serious_Injuries,9,0.578644789037144,2,train
11269,4,0.0426269693724433,83.33,58.38650865998179,8,23360.58611145,44.84018264840179,Highly_Fatal_And_Damaging,0,0.48848972232239396,2,train
4716,3,0.125717901664781,84.4,67.5934366453965,16,25170.3306255207,31.050228310502302,Significant_Damage_And_Serious_Injuries,0,0.245071042192571,2,train
675,4,0.0522542716629988,83.51,66.22607110300821,8,28222.6869817888,46.25570776255711,Highly_Fatal_And_Damaging,8,0.283296790479625,2,train
145,6,0.007594775661073491,83.12,82.9079307201459,11,29272.472449186098,45.890410958904106,Significant_Damage_And_Serious_Injuries,4,0.317916336098088,3,train
10376,2,0.38116484962130603,83.43,52.734731084776705,17,28044.2954629533,38.8584474885845,Highly_Fatal_And_Damaging,9,0.43331482149296796,1,train
2256,4,0.0531058897859763,78.78,75.2962625341842,8,29157.107439248797,68.4018264840182,Minor_Damage_And_Injuries,2,0.312867652362062,2,train
11385,1,1.1631821282771,77.68,49.4530537830446,12,31619.82941596,30.6392694063927,Highly_Fatal_And_Damaging,3,0.526354850342589,2,train
10893,4,0.0875748190988981,79.49,70.510483135825,16,48564.928326961905,18.949771689497698,Highly_Fatal_And_Damaging,6,0.296639740353408,3,train
2258,2,0.256113629626921,76.95,82.3154056517776,12,19525.85738177,54.84018264840179,Minor_Damage_And_Injuries,1,0.40374395961053006,2,train
3309,1,1.41925629416222,78.16,49.5442114858706,12,38579.3859434729,32.8310502283105,Significant_Damage_And_Fatalities,0,0.47839235485034204,2,train
3357,7,0.0035784858464896797,79.39,74.61257976299,14,37463.8157763509,59.4520547945205,Significant_Damage_And_Fatalities,9,0.33702921024161503,4,train
10849,7,0.0029602454265384,77.09,70.82953509571558,8,33693.9126926562,77.99086757990871,Significant_Damage_And_Fatalities,0,0.24651352326000697,0,train
4306,1,0.9784546265153471,78.91,73.746581586144,7,26622.291736018502,49.5890410958904,Highly_Fatal_And_Damaging,0,0.357945185719437,2,train
5977,7,0.00277618537959387,75.27,65.9070191431176,10,31282.0377767493,74.2009132420091,Significant_Damage_And_Fatalities,0,0.335586729174179,2,train
2165,2,0.40080976857499706,78.46,48.723792160437604,12,29673.4596655361,55.2511415525114,Highly_Fatal_And_Damaging,9,0.610018752253877,3,train
7906,2,0.408642256373192,77.3,54.2844120328168,8,30536.5363889344,68.4018264840182,Highly_Fatal_And_Damaging,4,0.590184637576631,4,train
4102,4,0.083610549525106,78.27,72.97174111212401,7,45730.977500378205,49.726027397260296,Highly_Fatal_And_Damaging,0,0.404465200144248,1,train
6701,7,0.00248377555471595,76.26,58.7511394712853,13,27034.8776966234,63.1963470319635,Significant_Damage_And_Fatalities,3,0.38823728813559294,2,train
9793,4,0.0705271027139023,78.01,62.07839562443029,12,38835.975037127,41.8264840182648,Significant_Damage_And_Serious_Injuries,15,0.322965019834114,2,train
5013,3,0.17253938189435597,77.41,64.9042844120328,17,34758.9344410775,48.538812785388096,Significant_Damage_And_Fatalities,0,0.354699603317706,3,train
7524,4,0.0641501985769842,78.96,64.3117593436645,18,34956.4722310962,9.49771689497717,Highly_Fatal_And_Damaging,20,0.40374395961053006,4,train
1150,1,0.65511014674204,78.52,72.0145852324522,14,16868.7507825344,24.8858447488584,Highly_Fatal_And_Damaging,5,0.331980526505589,2,train
1051,3,0.10639403449074698,82.12,62.57976298997271,11,21200.8828158285,35.296803652968,Highly_Fatal_And_Damaging,1,0.37128813559322,2,train
3338,2,0.352422365698257,80.41,63.5824977210575,10,26020.7634174777,63.6529680365297,Minor_Damage_And_Injuries,2,0.22523692751532604,4,train
4498,3,0.0864037374633995,80.03,72.7894257064722,12,17443.6548671994,43.972602739726,Significant_Damage_And_Serious_Injuries,10,0.326931842769563,2,train
9966,3,0.145406245169267,79.62,50.3190519598906,10,29213.8409826863,50.273972602739704,Minor_Damage_And_Injuries,1,0.411316985214569,2,train
5807,7,0.0035783671851997,79.26,56.19872379216039,8,39867.4739975014,80.958904109589,Significant_Damage_And_Serious_Injuries,20,0.475868012982329,2,train
7897,3,0.151460169601184,79.92,66.7274384685506,15,30175.046833121498,33.2420091324201,Significant_Damage_And_Serious_Injuries,2,0.527076090876307,2,train
12460,3,0.214762760356308,78.72,47.0373746581586,19,43627.7949755618,30.5022831050228,Minor_Damage_And_Injuries,3,0.491014064190407,2,train
8140,4,0.0508812298099397,75.55,71.6043755697357,17,27801.6840675044,13.7442922374429,Highly_Fatal_And_Damaging,3,0.29014857554994605,2,train
10030,7,0.00300048526359377,80.04,67.6390154968095,17,33405.1525639135,38.4474885844749,Minor_Damage_And_Injuries,23,0.255529029931482,1,train
10958,6,0.00339293712236319,85.07,59.6171376481313,20,12598.3641491423,16.4840182648402,Significant_Damage_And_Serious_Injuries,2,0.518421204471691,3,train
6736,4,0.0488280924393362,79.66,45.3965360072927,8,26661.013402902598,69.5433789954338,Significant_Damage_And_Serious_Injuries,2,0.699813198701766,3,train
417,7,0.00262015319341011,79.37,58.5232452142206,16,30627.0238895253,53.74429223744289,Significant_Damage_And_Fatalities,6,0.414923187883159,3,train
5863,5,0.00565999846684,76.59,46.90063810391979,13,4866.798542125829,49.9086757990868,Highly_Fatal_And_Damaging,7,0.484522899386945,1,train
1146,3,0.163023626452417,78.39,39.8814949863264,10,32986.7833036824,51.7351598173516,Minor_Damage_And_Injuries,4,0.645359538406058,2,train
1061,6,0.00443320081094456,82.13,59.2069279854148,12,18311.1920618673,43.607305936073,Significant_Damage_And_Serious_Injuries,1,0.43042985935809597,3,train
11100,3,0.22764814418423399,80.71,58.02187784867821,9,45969.4526879013,53.74429223744289,Significant_Damage_And_Serious_Injuries,2,0.31214641182834496,3,train
932,4,0.0536168001945233,77.04,55.241567912488605,14,29541.1841118771,37.3059360730594,Minor_Damage_And_Injuries,2,0.5029145329967539,1,train
2888,3,0.134611369951369,76.09,54.7402005469462,11,27222.894127003397,48.310502283105,Minor_Damage_And_Injuries,9,0.410235124413992,3,train
10013,4,0.0486700861808518,79.91,79.8997265268915,7,26382.3885430806,48.81278538812779,Highly_Fatal_And_Damaging,3,0.20396033177064501,3,train
6152,6,0.00718264021283833,79.45,74.9316317228806,12,30077.4161879637,30.1826484018265,Highly_Fatal_And_Damaging,10,0.245071042192571,3,train
11919,5,0.0237990658424012,76.86,64.4940747493163,10,34274.994375982,61.324200913241995,Minor_Damage_And_Injuries,1,0.336668589974756,2,train
12217,4,0.0751284641453142,77.65,66.4995442114859,17,40973.9095182754,38.4474885844749,Minor_Damage_And_Injuries,5,0.28726361341507395,0,train
3256,4,0.0619950696061957,82.91,67.9580674567001,23,33735.8631764138,22.922374429223698,Minor_Damage_And_Injuries,7,0.377418680129823,1,train
39,5,0.0160590028237088,78.4,43.072014585232495,13,23381.5905153679,50.3196347031963,Highly_Fatal_And_Damaging,0,0.7351539848539491,2,train
11392,4,0.0693587686375482,82.2,51.8231540565178,10,37882.5272097875,38.8584474885845,Significant_Damage_And_Fatalities,12,0.540058420483231,1,train
1720,2,0.569552534009889,78.34,55.5150410209663,12,42084.5562508718,55.433789954337904,Highly_Fatal_And_Damaging,1,0.49137468445726595,3,train
6542,4,0.0593813308679131,81.37,72.0145852324522,13,32075.999056769902,27.1232876712329,Highly_Fatal_And_Damaging,1,0.462525063108547,2,train
3235,5,0.0151268704731323,77.86,71.9690063810392,13,23733.486318278,41.2785388127854,Significant_Damage_And_Serious_Injuries,8,0.31358889289578,0,train
9376,3,0.166305014653227,79.59,67.0920692798541,20,33107.0646128733,17.8995433789954,Significant_Damage_And_Serious_Injuries,8,0.46973746844572706,4,train
8714,4,0.0701068078993242,78.16,68.1403828623519,15,38472.6989638762,20.4566210045662,Highly_Fatal_And_Damaging,2,0.280411828344753,4,train
4923,2,0.5710304139516049,76.77,40.3372835004558,14,42041.4474613388,46.4840182648402,Highly_Fatal_And_Damaging,19,0.63742589253516,2,train
9909,4,0.0586688995339389,78.22,51.8231540565178,13,32243.5526097867,40.365296803653,Significant_Damage_And_Serious_Injuries,0,0.49462026685899696,3,train
5938,7,0.0018002622725560898,76.96,74.9316317228806,17,22231.9110606015,39.2237442922374,Minor_Damage_And_Injuries,7,0.36155138838802703,3,train
3652,3,0.15110353553781303,78.32,46.718322698268004,13,30281.730328791,28.4018264840183,Significant_Damage_And_Fatalities,8,0.491014064190407,2,train
3524,1,0.894409699247168,82.72,62.6709206927985,13,24605.471319082997,28.721461187214604,Highly_Fatal_And_Damaging,1,0.443772809231878,1,train
6447,5,0.0297081807839066,77.03,75.25068368277121,12,43907.2002460851,54.0182648401826,Minor_Damage_And_Injuries,7,0.288345474215651,2,train
2226,4,0.0714750024770554,77.55,51.00273473108479,7,39152.9933728058,59.8173515981735,Significant_Damage_And_Serious_Injuries,14,0.7686916696718359,2,train
5059,2,0.6285743195653721,81.37,69.1431175934367,13,45878.87959122151,50.7305936073059,Minor_Damage_And_Injuries,0,0.335947349441038,4,train
8712,1,1.35005026474898,77.69,45.67000911577029,13,37034.4056430355,28.9041095890411,Significant_Damage_And_Fatalities,0,0.491014064190407,3,train
3237,1,0.7996976559849308,79.39,52.415679124886104,17,21865.1119571099,38.4931506849315,Highly_Fatal_And_Damaging,13,0.461803822574828,2,train
2296,6,0.00388928467489573,79.33,51.50410209662721,9,12660.9802816625,52.9223744292237,Minor_Damage_And_Injuries,6,0.488850342589253,1,train
12331,6,0.00652784933163401,77.17,61.485870556062004,9,26915.0922973571,54.5205479452055,Significant_Damage_And_Serious_Injuries,5,0.33883231157591,2,train
4071,3,0.15110353553781303,77.3,67.6390154968095,20,30360.3969405546,16.6666666666667,Significant_Damage_And_Serious_Injuries,20,0.449903353768481,3,train
961,6,0.00811696041887652,77.0,79.535095715588,12,31758.9281763219,29.7260273972603,Highly_Fatal_And_Damaging,4,0.267429498737829,3,train
641,3,0.129039751153255,79.07,59.9817684594348,19,26116.1340059494,19.3607305936073,Significant_Damage_And_Serious_Injuries,0,0.29447601875225393,2,train
7011,4,0.0717190222705393,78.08,70.82953509571558,12,39140.6113678675,32.4200913242009,Highly_Fatal_And_Damaging,8,0.331980526505589,1,train
2434,2,0.553503805823988,80.95,55.1048313582498,16,40987.109431310295,41.0958904109589,Highly_Fatal_And_Damaging,8,0.30709772809231894,4,train
8945,6,0.00715823864903642,78.3,72.151321786691,14,29519.010231283,38.0365296803653,Significant_Damage_And_Serious_Injuries,4,0.314310133429499,2,train
8148,7,0.00396774697494711,81.25,79.3527803099362,11,46445.709096156905,36.392694063926896,Highly_Fatal_And_Damaging,1,0.275723764875586,2,train
12392,3,0.164695836955928,84.46,82.3154056517776,12,33268.4518194129,55.342465753424705,Minor_Damage_And_Injuries,2,0.316113234763794,2,train
6704,2,0.31504198347464696,78.44,80.08204193254329,6,23026.629664007203,62.7853881278539,Significant_Damage_And_Serious_Injuries,5,0.413120086548864,2,train
712,4,0.0744920387271988,82.08,48.5870556061987,8,40296.8160759999,55.433789954337904,Minor_Damage_And_Injuries,0,0.404104579877389,2,train
2808,2,0.423848265485375,76.89,78.44120328167729,14,31290.8093282879,46.6666666666667,Minor_Damage_And_Injuries,4,0.386434186801298,3,train
8079,4,0.0552675261246095,77.63,64.7219690063811,15,30685.6982213411,32.557077625570805,Significant_Damage_And_Serious_Injuries,1,0.438724125495853,2,train
6256,6,0.00787225123456485,88.67,78.07657247037379,11,31869.3979705955,47.2146118721461,Significant_Damage_And_Serious_Injuries,1,0.39472845293905495,2,train
4672,7,0.00313473818084455,84.03,67.4567000911577,7,32555.643829496203,60.4566210045662,Significant_Damage_And_Serious_Injuries,20,0.276084385142445,1,train
6009,7,0.00401669100153598,82.32,62.5341841385597,9,42528.1341777868,55.0684931506849,Significant_Damage_And_Serious_Injuries,5,0.34315975477821803,2,train
2178,4,0.0801631199888322,76.04,64.8131267092069,13,43870.357040907,29.406392694063896,Highly_Fatal_And_Damaging,0,0.30637648755860103,1,train
5304,3,0.15994082384583802,81.17,54.968094804010896,13,32346.154299062997,41.9178082191781,Minor_Damage_And_Injuries,8,0.36263324918860396,2,train
4206,7,0.00391332884816276,76.86,50.227894257064705,14,45290.8914732731,23.1050228310502,Highly_Fatal_And_Damaging,14,0.411316985214569,2,train
2247,7,0.00212425758602582,77.89,69.4165907019143,14,27295.816524348,58.767123287671204,Significant_Damage_And_Fatalities,6,0.29231229715109996,2,train
12207,2,0.5086179913455711,81.23,49.6809480401094,13,37572.3349371428,29.2694063926941,Significant_Damage_And_Fatalities,5,0.368403173458348,2,train
1859,2,0.653318296764309,81.42,66.1804922515953,17,48525.8603425376,36.2100456621005,Minor_Damage_And_Injuries,2,0.50796321673278,2,train
4838,7,0.00334276282740212,88.01,38.9243391066545,19,33289.1776385925,20.410958904109602,Minor_Damage_And_Injuries,3,0.556646952758745,2,train
4368,7,0.00230284346998378,83.27,53.7374658158614,11,26661.013402902598,70.0,Significant_Damage_And_Serious_Injuries,3,0.496423368193292,3,train
3213,7,0.004257460993032329,87.08,46.6271649954421,9,46713.1308762299,76.1187214611872,Significant_Damage_And_Serious_Injuries,6,0.453509556437072,3,train
5791,7,0.0026681802404638104,80.55,74.3391066545123,14,28855.418666474303,24.8401826484018,Highly_Fatal_And_Damaging,22,0.300606563288856,1,train
11548,3,0.147509964610866,81.18,48.5870556061987,15,29784.7464710627,33.698630136986296,Minor_Damage_And_Injuries,13,0.40771078254597903,2,train
12129,7,0.00307677052811736,81.49,64.8131267092069,11,33111.5733657375,70.3196347031963,Significant_Damage_And_Fatalities,11,0.32116191849982,1,train
2172,2,0.225648056800934,85.88,64.4940747493163,15,17006.4611648321,43.2420091324201,Minor_Damage_And_Injuries,0,0.265265777136675,1,train
9679,3,0.22782938917797302,79.32,88.24065633546041,15,46043.985810050595,20.958904109589,Highly_Fatal_And_Damaging,9,0.226679408582762,1,train
124,5,0.0251101485805745,78.47,80.08204193254329,6,36295.1033532213,62.7853881278539,Significant_Damage_And_Serious_Injuries,4,0.305294626758024,2,train
12182,2,0.5710304139516049,76.64,53.2360984503191,22,42152.5021440486,30.0,Highly_Fatal_And_Damaging,2,0.385352326000721,2,train
11744,4,0.0895323319881988,78.09,52.7803099361896,18,48814.08678091231,46.6666666666667,Significant_Damage_And_Fatalities,0,0.46757374684457303,2,train
5556,4,0.0662403467628042,79.66,56.7456700091158,15,36223.3118951033,20.365296803653,Significant_Damage_And_Fatalities,1,0.710992426974395,4,train
2820,4,0.0637233304662383,79.08,74.52142206016408,8,34971.7377869548,45.15981735159821,Highly_Fatal_And_Damaging,1,0.339192931842769,3,train
11984,2,0.27577871914119106,83.42,55.6973564266181,8,20482.4787022466,70.0,Highly_Fatal_And_Damaging,1,0.546910205553552,3,train
666,4,0.0702223823810804,80.67,70.4193254329991,13,38426.2043855865,38.8127853881278,Significant_Damage_And_Serious_Injuries,8,0.205402812838081,1,train
5106,2,0.325277767406605,86.52,38.149498632634504,7,24285.8919300678,60.1826484018265,Minor_Damage_And_Injuries,28,0.759315542733501,3,train
9876,7,0.0043835591564751,82.14,68.1403828623519,13,56326.3502441608,52.739726027397204,Minor_Damage_And_Injuries,0,0.276084385142445,2,train
11891,1,0.998432424921525,76.13,68.5050136736554,11,27179.8728762575,45.7077625570776,Significant_Damage_And_Serious_Injuries,9,0.41744752975117205,2,train
4674,5,0.025793731905657,79.3,63.947128532361,12,38068.070405300095,55.5707762557078,Minor_Damage_And_Injuries,14,0.448100252434187,1,train
4264,7,0.0031758860473211,76.58,53.1905195989061,14,36010.8964759583,24.8858447488584,Significant_Damage_And_Fatalities,17,0.479474215650919,2,train