Accident_ID,Accident_Type_Code,Adverse_Weather_Metric,Cabin_Temperature,Control_Metric,Days_Since_Inspection,Max_Elevation,Safety_Score,Severity,Total_Safety_Complaints,Turbulence_In_gforces,Violations,source
12288,7,0.00303519281585387,79.17,61.2579762989973,17,32516.6697365042,15.068493150684901,Highly_Fatal_And_Damaging,10,0.24290732059141698,2,train
12245,7,0.00387399716209289,83.19,86.2351868732908,9,42910.638015723904,64.1552511415525,Minor_Damage_And_Injuries,9,0.35109340064911604,1,train
3295,7,0.0044289702451501,79.49,70.510483135825,16,51368.4599354622,18.7214611872146,Highly_Fatal_And_Damaging,7,0.27969058781103495,4,train
8869,7,0.00314344715318344,83.01,64.7219690063811,20,33327.068892036405,4.7945205479452095,Highly_Fatal_And_Damaging,13,0.41961125135232596,1,train
6007,3,0.0540905537896018,78.43,58.6144029170465,11,11360.597917622701,45.296803652967995,Significant_Damage_And_Serious_Injuries,2,0.256610890732059,2,train
2089,6,0.00520288981336876,81.89,55.788514129443904,11,21422.786802028,45.5251141552511,Minor_Damage_And_Injuries,35,0.438002884962135,4,train
3681,4,0.0707649496204491,79.71,80.6289881494986,10,38579.0666059346,37.9452054794521,Highly_Fatal_And_Damaging,1,0.233531193653083,2,train
5996,6,0.0149350181100928,79.98,80.4466727438469,18,55177.525841171504,23.6529680365297,Significant_Damage_And_Serious_Injuries,7,0.31358889289578,1,train
7144,4,0.0845834601765373,81.29,84.2752962625342,17,46609.6705605493,16.1643835616438,Highly_Fatal_And_Damaging,12,0.306737107825459,1,train
2234,4,0.0878167347391541,77.35,58.158614402917,15,48525.1107104034,45.9360730593607,Minor_Damage_And_Injuries,0,0.41420194734944105,1,train
4075,7,0.00288440827898333,80.13,51.549680948040105,12,28392.914803608197,55.662100456621,Highly_Fatal_And_Damaging,4,0.38030364226469504,3,train
7742,6,0.00994702906462167,76.09,62.7620783956244,11,38068.070405300095,71.2785388127854,Significant_Damage_And_Fatalities,17,0.47190119004688,1,train
12450,6,0.007984976908716841,81.9,72.2880583409298,11,31828.8037465756,45.7534246575342,Significant_Damage_And_Serious_Injuries,24,0.316473855030653,2,train
5450,6,0.007783435263071359,79.05,59.3892433910666,19,31549.4473445581,15.753424657534199,Significant_Damage_And_Serious_Injuries,23,0.300606563288856,1,train
4526,2,0.374260049523089,79.46,63.90154968094811,15,27448.2763828229,33.3333333333333,Significant_Damage_And_Serious_Injuries,2,0.502553912729895,1,train
11445,4,0.0934916459227156,77.42,62.8988149498633,16,52319.1662876134,18.1278538812785,Highly_Fatal_And_Damaging,5,0.49137468445726595,2,train
11635,6,0.00799498513404794,79.39,63.90154968094811,15,32275.9088048593,33.2420091324201,Significant_Damage_And_Serious_Injuries,2,0.377418680129823,1,train
3572,3,0.19784172757466897,83.38,89.9726526891523,12,39455.0809877443,41.1415525114155,Significant_Damage_And_Serious_Injuries,3,0.300606563288856,4,train
10745,2,0.339886381510903,83.75,79.03372835004559,14,25265.936551665,47.0319634703196,Minor_Damage_And_Injuries,31,0.44882149296790397,1,train
10874,4,0.0884973764056748,77.38,70.6927985414767,13,48080.1177543947,30.3196347031963,Highly_Fatal_And_Damaging,10,0.302409664623152,2,train
5196,7,0.00112346443655095,80.29,60.75660893345489,16,14736.032975157901,55.433789954337904,Significant_Damage_And_Fatalities,33,0.448460872701046,3,train
1844,5,0.0275787066326595,81.82,29.443938012762104,19,41252.482521394304,20.958904109589,Minor_Damage_And_Injuries,30,0.7715766318067071,3,train
6687,3,0.1464108501454,84.51,65.9981768459435,14,29492.566397426002,23.7899543378995,Highly_Fatal_And_Damaging,13,0.236776776054814,3,train
12130,7,0.0036173616998907295,79.22,32.4521422060164,13,37852.9381954139,27.579908675799103,Significant_Damage_And_Fatalities,2,0.584775333573747,1,train
3296,2,0.7414782931591322,80.13,57.0191431175934,15,55535.5164400847,19.4063926940639,Significant_Damage_And_Fatalities,10,0.37345185719437396,1,train
5237,7,0.00302333820384763,76.28,63.90154968094811,6,33080.0431427359,76.62100456620999,Minor_Damage_And_Injuries,0,0.29736098088712604,4,train
5338,5,0.0245030952312339,81.09,62.351868732907896,15,35559.4849713687,34.429223744292194,Significant_Damage_And_Serious_Injuries,1,0.382467363865849,3,train
5153,3,0.20670322897955604,79.8,63.90154968094811,15,41851.1444604899,33.2420091324201,Significant_Damage_And_Serious_Injuries,2,0.417808150018031,3,train
7555,2,0.529397252616345,80.96,67.4111212397448,17,38934.8959159034,39.3607305936073,Minor_Damage_And_Injuries,4,0.37489433826181,2,train
10378,4,0.0488280924393362,77.57,74.7948951686418,13,27009.595368617098,27.1232876712329,Highly_Fatal_And_Damaging,2,0.45134583483591795,1,train
10498,7,0.00271660416896328,82.11,72.24247948951691,9,28566.6330064354,64.5662100456621,Minor_Damage_And_Injuries,11,0.368403173458348,1,train
8500,4,0.0631021341380053,81.05,56.19872379216039,15,34458.296716550496,32.648401826484,Minor_Damage_And_Injuries,0,0.34568409664623106,4,train
10888,3,0.129039751153255,79.66,59.161349134001796,16,26116.1340059494,16.3013698630137,Highly_Fatal_And_Damaging,17,0.298803461954562,3,train
8227,3,0.101597940187577,77.08,54.7402005469462,9,20375.8154327724,52.511415525114096,Minor_Damage_And_Injuries,14,0.43619978362784007,1,train
10056,3,0.20952488990761897,82.19,73.0173199635369,6,42230.9202409014,62.511415525114096,Significant_Damage_And_Serious_Injuries,5,0.34171727371078203,0,train
235,6,0.0092353588658826,80.23,66.2716499544212,8,37378.440261456,55.342465753424705,Significant_Damage_And_Serious_Injuries,10,0.346405337179949,0,train
11262,4,0.0482410618460628,87.11,60.027347310847794,20,26492.389254308502,4.65753424657534,Highly_Fatal_And_Damaging,0,0.28149368914533,2,train
10961,2,0.545562193337738,77.22,85.0957155879672,13,40311.896520282,52.511415525114096,Minor_Damage_And_Injuries,7,0.26021709340064897,2,train
90,3,0.147077299443035,76.8,86.9644484958979,16,29575.3516590254,31.0958904109589,Significant_Damage_And_Serious_Injuries,1,0.240382978723404,3,train
1778,6,0.007972713793777321,83.6,53.6463081130356,9,31187.3406270671,54.5205479452055,Minor_Damage_And_Injuries,4,0.23425243418680103,0,train
7788,3,0.0751392310460593,79.09,61.6226071103008,15,14274.0590139556,56.1187214611872,Significant_Damage_And_Fatalities,4,0.656538766678687,2,train
5689,1,1.32920921097437,83.44,48.222424794895204,11,36463.5453790652,37.5799086757991,Significant_Damage_And_Fatalities,2,0.695485755499459,1,train
10761,6,0.007698561249103279,77.3,86.78213309024609,15,33027.7395917952,43.9269406392694,Minor_Damage_And_Injuries,0,0.28654237288135603,1,train
2146,4,0.0645364140643536,84.15,63.9927073837739,14,35260.135365189904,24.7945205479452,Highly_Fatal_And_Damaging,1,0.26274143526866195,1,train
4328,2,0.5158514319144729,77.44,60.027347310847794,19,38033.854208112,18.7214611872146,Significant_Damage_And_Serious_Injuries,12,0.40771078254597903,3,train
1761,1,0.6516237432438571,80.59,48.6326344576117,15,17712.9698025224,32.557077625570805,Minor_Damage_And_Injuries,1,0.40771078254597903,2,train
11868,1,0.957561433696264,79.88,78.669097538742,9,26150.179721422202,75.2054794520548,Significant_Damage_And_Fatalities,4,0.24579228272628895,1,train
8752,7,0.00145523988109246,79.17,70.9206927985415,14,16360.9637668824,24.748858447488605,Highly_Fatal_And_Damaging,10,0.347126577713667,3,train
8984,3,0.165002363929807,80.53,62.2607110300821,13,33101.085724826,28.8584474885845,Highly_Fatal_And_Damaging,12,0.375615578795528,2,train
2128,1,0.8125532011588609,82.07,68.7784867821331,14,22087.486013663598,26.3470319634703,Highly_Fatal_And_Damaging,2,0.41348070681572296,3,train
8425,3,0.149511410661996,80.43,76.9826800364631,12,30105.4742768141,42.8767123287671,Significant_Damage_And_Serious_Injuries,3,0.336668589974756,3,train
4939,4,0.0537163727417456,77.29,67.7757520510483,17,29368.5496527533,13.789954337899498,Highly_Fatal_And_Damaging,5,0.2061240533718,2,train
5147,4,0.0692261856242846,88.62,64.4029170464904,10,38007.5339374526,72.1461187214612,Significant_Damage_And_Fatalities,2,0.32080129823296005,3,train
10128,4,0.0660394623674445,78.13,50.6381039197812,17,35901.480370180696,14.4748858447489,Significant_Damage_And_Fatalities,1,0.47911359538406,5,train
7592,6,0.00566656035545686,77.55,60.6198723792161,6,22574.0033588352,52.4200913242009,Significant_Damage_And_Serious_Injuries,4,0.5483526866209879,3,train
8196,1,1.3231242855511298,77.63,89.6080218778487,18,36409.5677758811,11.598173515981697,Highly_Fatal_And_Damaging,3,0.219827623512441,1,train
11831,6,0.0063751423047172205,81.1,88.4685505925251,9,24101.1426632183,53.74429223744289,Significant_Damage_And_Serious_Injuries,17,0.304573386224305,4,train
4221,2,0.42760965194734,76.78,58.38650865998179,15,31569.345624792,43.3333333333333,Minor_Damage_And_Injuries,2,0.42465993508835204,0,train
3538,2,0.39207035760883296,77.17,62.1239744758432,9,28985.2581153397,63.3333333333333,Minor_Damage_And_Injuries,5,0.38210674359899,3,train
4632,4,0.0659869669203887,78.46,57.520510483135794,11,36519.0777277767,34.3835616438356,Highly_Fatal_And_Damaging,7,0.328734944103858,2,train
8625,1,1.37940962208732,79.09,59.6171376481313,18,37225.9862790392,24.1552511415525,Significant_Damage_And_Serious_Injuries,5,0.47190119004688,0,train
2249,3,0.159696995800694,78.54,63.90154968094811,11,32094.804180156403,46.1187214611872,Significant_Damage_And_Serious_Injuries,15,0.24579228272628895,3,train
5287,6,0.00855903849696709,81.34,66.6362807657247,14,36191.032215045496,37.077625570776206,Significant_Damage_And_Serious_Injuries,6,0.24651352326000697,2,train
2631,4,0.0452453456509353,82.12,74.24794895168641,16,24820.167369746297,19.2237442922374,Highly_Fatal_And_Damaging,0,0.428626758023801,1,train
8465,6,0.0105252032379729,79.26,73.0173199635369,8,44143.735304861795,57.1232876712329,Significant_Damage_And_Serious_Injuries,19,0.34171727371078203,0,train
2521,7,0.0036288382038850205,82.64,49.6353691886965,5,37386.7912712908,87.48858447488578,Significant_Damage_And_Serious_Injuries,1,0.5436646231518211,3,train
1823,2,0.43131917970805295,82.15,65.2689152233364,13,31967.8246223586,50.5936073059361,Minor_Damage_And_Injuries,13,0.438002884962135,2,train
12421,6,0.00914632811267066,81.0,62.07839562443029,15,33651.5805229688,32.0547945205479,Significant_Damage_And_Serious_Injuries,3,0.368763793725207,2,train
2571,4,0.0640529720617364,88.74,77.4384685505925,13,34859.8063971959,27.7168949771689,Highly_Fatal_And_Damaging,13,0.4145625676163,0,train
7020,2,0.542094435555297,76.98,69.4621695533273,15,40116.9830129984,44.337899543379,Minor_Damage_And_Injuries,19,0.440887847097007,2,train
4668,1,1.43817383028133,81.85,71.2397447584321,14,39396.116621502,36.6666666666667,Significant_Damage_And_Serious_Injuries,22,0.38571294626758,3,train
12261,3,0.0653943422597568,81.92,58.7055606198724,13,13949.2541692102,38.310502283105,Significant_Damage_And_Serious_Injuries,2,0.312507032095204,1,train
9416,6,0.00832357668308559,81.76,64.94986326344579,16,34255.7043624546,29.0867579908676,Significant_Damage_And_Serious_Injuries,3,0.43908474576271206,1,train
10579,1,1.2251347174755098,78.42,61.485870556062004,12,33302.6143992798,33.7442922374429,Highly_Fatal_And_Damaging,14,0.46937684817886705,3,train
11084,4,0.0707077552095908,80.23,68.5050136736554,14,38271.1876810546,25.616438356164398,Highly_Fatal_And_Damaging,15,0.38823728813559294,0,train
575,4,0.0755380401037781,81.62,55.87967183226979,16,40894.8662671731,40.821917808219204,Highly_Fatal_And_Damaging,4,0.28690299314821505,2,train
2855,2,0.5542278320310611,80.13,47.2196900638104,13,41045.6940016465,38.6301369863014,Minor_Damage_And_Injuries,1,0.416005048683736,2,train
2947,3,0.162966110820739,79.93,72.5615314494075,11,32803.751703339396,44.9315068493151,Significant_Damage_And_Serious_Injuries,6,0.42213559322033894,1,train
9278,5,0.017715210491538,86.43,71.05742935278029,13,24211.3595104184,50.50228310502279,Minor_Damage_And_Injuries,13,0.29700036062026697,3,train
9402,6,0.00929279544814513,81.43,62.07839562443029,13,42190.154354331,38.584474885844706,Significant_Damage_And_Serious_Injuries,11,0.43944536602957107,3,train
1277,4,0.0522542716629988,86.57,74.3391066545123,13,28432.1696978827,29.2694063926941,Highly_Fatal_And_Damaging,4,0.215500180310133,1,train
3339,5,0.0259554503953166,81.71,60.5287146763902,15,38518.2859294847,43.3333333333333,Minor_Damage_And_Injuries,15,0.516978723404255,4,train
11736,7,0.00469611599491054,79.22,32.4521422060164,12,49288.6355066503,30.1369863013699,Significant_Damage_And_Fatalities,2,0.584054093040028,1,train
9233,2,0.39231983502980605,75.7,58.6144029170465,10,28904.6970099578,60.136986301369895,Minor_Damage_And_Injuries,6,0.37092751532636103,1,train
7560,4,0.0568993839144786,87.08,59.799453053783104,9,31228.509317742402,42.8310502283105,Highly_Fatal_And_Damaging,1,0.366960692390912,3,train
1053,6,0.00668708180660719,79.32,62.7164995442115,11,27915.092001309502,45.5707762557078,Significant_Damage_And_Serious_Injuries,1,0.425020555355211,1,train
1396,2,0.401586606844553,82.72,62.2607110300821,11,29839.6300435405,36.986301369863,Highly_Fatal_And_Damaging,9,0.4372816444284171,2,train
2714,4,0.037029030621957004,79.51,81.7228805834093,9,20238.6378843825,42.328767123287705,Highly_Fatal_And_Damaging,3,0.29555787955283,2,train
2759,2,0.49978537476430296,80.55,87.693710118505,10,36962.1315429362,61.461187214611904,Minor_Damage_And_Injuries,1,0.17366822935449,2,train
6495,7,0.0029187717985160603,78.97,60.2552415679125,12,28153.6835624095,67.1232876712329,Significant_Damage_And_Fatalities,3,0.30637648755860103,2,train
10226,7,0.00280722767312088,79.29,58.6144029170465,11,29646.1499330135,45.296803652967995,Significant_Damage_And_Serious_Injuries,2,0.46829498737829,1,train
6457,1,1.04840753620722,79.83,89.6080218778487,11,28568.162518976602,33.7899543378995,Highly_Fatal_And_Damaging,0,0.27031446087270106,1,train
6117,5,0.0108072656643546,81.26,67.0920692798541,13,15436.0409904283,28.7671232876712,Highly_Fatal_And_Damaging,2,0.306015867291742,2,train
5572,6,0.00677907589075401,82.01,65.8614402917047,14,26880.342186243302,35.7077625570776,Significant_Damage_And_Serious_Injuries,5,0.24759538406058398,2,train
5880,2,0.58586663876643,82.46,67.6845943482224,16,43094.6610782697,43.01369863013699,Minor_Damage_And_Injuries,9,0.344602235845654,3,train
10177,2,0.637297326574672,82.56,62.2151321786691,13,46608.2720139824,51.2785388127854,Minor_Damage_And_Injuries,13,0.34352037504507804,2,train
10127,2,0.427712027840683,76.28,75.38742023701,8,31396.950082081497,69.36073059360729,Minor_Damage_And_Injuries,4,0.354699603317706,2,train
4734,4,0.0356172029643824,81.18,62.07839562443029,16,19618.548566256002,17.9908675799087,Highly_Fatal_And_Damaging,7,0.494980887125856,3,train
621,6,0.0111252879892656,79.25,72.0145852324522,11,44036.814661343094,45.7534246575342,Significant_Damage_And_Serious_Injuries,29,0.31863757663180603,2,train
10701,4,0.0645538417877223,77.95,50.1823154056518,10,35110.9406963034,39.726027397260296,Significant_Damage_And_Fatalities,6,0.48380165885322796,3,train
2143,4,0.0375914964961934,84.42,55.2871467639016,11,20793.4139066819,34.337899543379,Significant_Damage_And_Fatalities,0,0.47154056978002207,4,train
12021,4,0.0503793565096615,78.65,74.1567912488605,10,27093.0972739741,38.0821917808219,Highly_Fatal_And_Damaging,4,0.40013775694194004,2,train
1926,1,0.8658741951428309,78.49,86.78213309024609,13,23796.4711374361,26.9406392694064,Highly_Fatal_And_Damaging,5,0.317916336098088,3,train
8281,7,0.00349390200818882,81.35,83.9106654512306,11,39378.283889151804,57.671232876712295,Minor_Damage_And_Injuries,11,0.29447601875225393,2,train
1539,7,0.00329233679584091,87.62,79.17046490428442,14,36269.6801583076,35.4794520547945,Significant_Damage_And_Serious_Injuries,0,0.275723764875586,1,train
4989,1,1.03274750346758,78.29,55.6061987237922,13,28411.223198046002,27.077625570776302,Highly_Fatal_And_Damaging,1,0.506520735665344,1,train
4860,2,0.32153784227771903,80.24,84.0018231540565,7,23758.0297826798,70.5022831050228,Minor_Damage_And_Injuries,3,0.18809304002885,4,train
2251,6,0.0064098498207914,86.74,65.95259799453049,12,24421.6576824513,41.1415525114155,Significant_Damage_And_Serious_Injuries,0,0.42393869455463395,1,train
2265,1,1.56365104590688,79.05,70.6472196900638,13,42821.5144490704,63.8356164383562,Significant_Damage_And_Fatalities,0,0.453509556437072,3,train
9685,4,0.0684797739185114,79.45,85.5970829535096,12,37558.9268302818,32.100456621004604,Highly_Fatal_And_Damaging,14,0.255529029931482,1,train
5793,6,0.00784573077331035,75.98,53.919781221513205,10,32942.2109489692,49.726027397260296,Minor_Damage_And_Injuries,1,0.43223296069239103,3,train
9826,2,0.519476795282433,81.63,49.4986326344576,11,38406.931881458,58.1278538812785,Highly_Fatal_And_Damaging,5,0.4567551388388029,2,train
11901,3,0.147082418871215,77.08,54.7402005469462,9,29542.2935498954,52.739726027397204,Minor_Damage_And_Injuries,14,0.474786152181753,1,train
9056,7,0.00260608261095233,79.26,64.9954421148587,8,30933.8277395381,57.4885844748858,Significant_Damage_And_Serious_Injuries,19,0.334865488640461,2,train
7311,2,0.581725542959453,78.64,84.8678213309025,10,42961.728774049,72.00913242009129,Significant_Damage_And_Fatalities,3,0.298442841687703,1,train
12425,2,0.46117465015293396,78.74,69.4165907019143,17,34207.9443786107,39.634703196347,Minor_Damage_And_Injuries,4,0.29447601875225393,3,train
8279,6,0.0119400602625915,77.35,65.587967183227,15,45290.8914732731,32.8767123287671,Significant_Damage_And_Serious_Injuries,8,0.362272628921745,0,train
4183,6,0.00874011372860149,75.71,74.567000911577,15,33861.5536967773,32.100456621004604,Significant_Damage_And_Serious_Injuries,4,0.275723764875586,3,train
3144,4,0.0528451340525014,76.99,53.783044667274396,9,29538.27364245,40.7305936073059,Significant_Damage_And_Fatalities,6,0.476589253516048,2,train
7292,1,0.569124611333397,78.52,71.05742935278029,14,15487.6701714345,23.9269406392694,Highly_Fatal_And_Damaging,6,0.276084385142445,1,train
8669,1,1.04371906696974,76.93,68.3226982680037,15,28202.759653544,34.3835616438356,Significant_Damage_And_Serious_Injuries,2,0.258774612333213,1,train
7620,7,0.0018765320632729997,83.56,80.9024612579763,15,20238.6378843825,44.566210045662096,Minor_Damage_And_Injuries,5,0.312507032095204,0,train
8448,7,0.00356776833668411,77.82,53.00820419325439,18,40580.037740715,12.283105022830998,Significant_Damage_And_Fatalities,1,0.6385077533357371,3,train
825,3,0.188494927474794,82.02,57.4293527803099,12,37921.073992065,43.01369863013699,Significant_Damage_And_Serious_Injuries,0,0.465410025243419,2,train
5790,1,0.932882500163015,78.1,57.338195077483995,11,25274.8444652899,69.5433789954338,Significant_Damage_And_Fatalities,13,0.46613126577713604,2,train
9886,2,0.168418281925373,82.2,41.5223336371923,17,11503.388560834199,27.762557077625605,Minor_Damage_And_Injuries,13,0.694764514965741,3,train
1824,1,1.0575373128741101,83.5,68.64175022789429,15,28817.1039612992,45.205479452054796,Minor_Damage_And_Injuries,1,0.38679480706815705,2,train
1070,4,0.0594585122059251,83.73,62.7164995442115,7,31974.0624100752,49.726027397260296,Highly_Fatal_And_Damaging,6,0.35614208438514205,2,train
9115,4,0.0503896935162612,78.49,78.7602552415679,13,27318.358428249103,27.305936073059396,Highly_Fatal_And_Damaging,3,0.338471691309052,3,train
6557,3,0.20736129067751602,77.77,65.2689152233364,14,41646.5245489458,47.4885844748858,Minor_Damage_And_Injuries,0,0.34568409664623106,5,train
10079,4,0.0263158471738954,78.29,79.9453053783045,15,15175.1319946798,20.3196347031963,Highly_Fatal_And_Damaging,26,0.42213559322033894,1,train
6901,5,0.0128700652295364,77.65,73.6554238833182,11,18505.6168776094,34.3835616438356,Highly_Fatal_And_Damaging,8,0.404104579877389,1,train
605,1,1.4435309546179598,80.96,67.4111212397448,10,39269.0539266116,36.7579908675799,Highly_Fatal_And_Damaging,10,0.219827623512441,3,train
1851,3,0.13194498672956598,86.57,61.0300820419326,16,26492.389254308502,19.589041095890398,Highly_Fatal_And_Damaging,21,0.26815073927154703,2,train
8821,4,0.0652770328532724,80.25,44.3938012762078,13,35769.9337769873,50.50228310502279,Highly_Fatal_And_Damaging,4,0.70233754056978,0,train
11111,2,0.439042374653745,80.26,84.68550592525071,9,32397.802856372597,64.337899543379,Minor_Damage_And_Injuries,1,0.264183916336098,1,train
7014,4,0.06960315579659199,78.54,73.70100273473109,14,37949.724386183996,23.7899543378995,Highly_Fatal_And_Damaging,14,0.36948503425892504,2,train
5470,3,0.155972033378461,77.5,64.6763901549681,13,31193.4661135602,38.767123287671204,Significant_Damage_And_Serious_Injuries,5,0.37092751532636103,0,train
2022,5,0.0108072656643546,80.98,61.6226071103008,15,15703.560562148201,58.1278538812785,Significant_Damage_And_Fatalities,4,0.491735304724126,2,train
7352,6,0.0129833111717393,78.56,69.27985414767551,13,53323.6708564959,39.8173515981735,Significant_Damage_And_Serious_Injuries,15,0.440887847097007,1,train
3162,4,0.0811200932683146,79.47,66.4995442114859,14,45120.223697942405,23.7899543378995,Highly_Fatal_And_Damaging,0,0.304573386224305,0,train
5861,3,0.0970591864698041,85.1,74.52142206016408,13,19446.333912103,41.8264840182648,Significant_Damage_And_Serious_Injuries,4,0.58729967544176,1,train
10606,1,0.804372516793261,78.75,66.4995442114859,17,21865.1119571099,39.2237442922374,Minor_Damage_And_Injuries,5,0.41672628921745397,2,train
2941,7,0.00555060260851531,76.21,71.55879671832271,9,47797.8467413316,55.1141552511415,Significant_Damage_And_Serious_Injuries,21,0.388958528669311,2,train
6169,1,1.49336645053839,77.75,61.5314494074749,17,40593.9088572889,15.9817351598174,Highly_Fatal_And_Damaging,13,0.476589253516048,2,train
7152,7,0.00405282678592106,79.22,52.415679124886104,14,44372.3689299579,59.8173515981735,Significant_Damage_And_Serious_Injuries,0,0.29231229715109996,3,train
358,1,1.1874920793334398,78.56,73.4731084776664,9,32195.2158587431,43.287671232876704,Highly_Fatal_And_Damaging,1,0.4185293905517489,3,train
134,5,0.0125595820749567,84.4,74.52142206016408,13,18800.883866256798,50.50228310502279,Minor_Damage_And_Injuries,5,0.207205914172377,2,train
2949,2,0.5598621197280079,77.04,80.4010938924339,7,41494.368499835,73.42465753424659,Minor_Damage_And_Injuries,10,0.33702921024161503,2,train
10509,7,0.00269354190281644,83.5,68.003646308113,15,30457.891756663998,44.566210045662096,Minor_Damage_And_Injuries,3,0.338471691309052,2,train
9613,2,0.387182416712817,76.04,64.35733819507749,13,28612.869593143598,40.821917808219204,Significant_Damage_And_Serious_Injuries,1,0.30313090515687,2,train
7139,2,0.48771365612333,82.28,77.3473108477666,14,35967.375523048395,48.2191780821918,Minor_Damage_And_Injuries,2,0.243989181391994,1,train
7453,2,0.542719185044541,83.5,69.8723792160438,15,40116.9830129984,46.4383561643836,Minor_Damage_And_Injuries,4,0.33883231157591,2,train
5683,4,0.0750429331718821,82.45,72.0145852324522,17,40808.477420646,15.9817351598174,Highly_Fatal_And_Damaging,5,0.398695275874504,1,train
7777,3,0.20047717765955703,79.96,63.90154968094811,15,40724.08357913,33.3333333333333,Significant_Damage_And_Serious_Injuries,3,0.28762423368193296,2,train
8986,3,0.114860898932605,79.3,74.52142206016408,8,22921.0773301534,79.5433789954338,Significant_Damage_And_Fatalities,1,0.47839235485034204,2,train
1714,1,1.0371979078718199,78.0,79.489516864175,14,28364.6114565323,48.3561643835616,Minor_Damage_And_Injuries,4,0.32152253876667897,2,train
4822,5,0.0331635429635031,78.42,65.0865998176846,14,49250.693890035094,47.4885844748858,Minor_Damage_And_Injuries,2,0.354699603317706,3,train
1959,6,0.00482966112605034,75.61,88.4685505925251,7,17927.3384159879,59.315068493150704,Significant_Damage_And_Serious_Injuries,9,0.271756941940137,2,train
779,3,0.115148815425775,79.01,62.351868732907896,9,22999.9480219285,39.8173515981735,Highly_Fatal_And_Damaging,18,0.247234763793725,0,train
10769,7,0.0035315808394034702,77.16,62.944393801276206,10,37608.9061537303,71.7808219178082,Significant_Damage_And_Fatalities,9,0.639589614136314,3,train
1216,3,0.0983522686654718,78.21,68.04922515952599,14,20061.5449045476,37.671232876712295,Significant_Damage_And_Serious_Injuries,0,0.24002235845654502,2,train
6369,1,0.936484556293277,77.26,79.535095715588,12,25556.9388061089,29.1780821917808,Highly_Fatal_And_Damaging,1,0.281854309412189,2,train
1387,4,0.0636819837649643,80.71,66.5907019143118,12,35111.5284262414,32.511415525114195,Highly_Fatal_And_Damaging,7,0.35433898305084705,2,train
5195,7,0.0021044502931397897,81.81,49.2251595259799,10,24079.424360651603,75.4337899543379,Significant_Damage_And_Serious_Injuries,3,0.662308690948431,2,train
4231,2,0.41479169884689004,76.27,48.040109389243405,15,30701.4903580148,44.5205479452055,Highly_Fatal_And_Damaging,2,0.585857194374324,1,train
3569,6,0.006788015161854379,80.52,72.4247948951687,20,26501.394552042002,18.3561643835616,Significant_Damage_And_Serious_Injuries,12,0.350011539848539,2,train
6715,1,1.56365104590688,83.72,45.8067456700091,11,42207.8989235388,36.2557077625571,Significant_Damage_And_Fatalities,2,0.586939055174901,2,train
3285,3,0.182900974770969,81.93,60.9845031905196,21,36844.868269955696,0.9132420091324208,Highly_Fatal_And_Damaging,3,0.39508907320591397,1,train
11586,5,0.0199263679642517,81.52,77.073837739289,13,29216.4159909021,40.0456621004566,Significant_Damage_And_Serious_Injuries,1,0.24218608005769898,1,train
5437,7,0.00246153031373213,85.22,54.649042844120295,21,25720.916407571804,1.14155251141552,Highly_Fatal_And_Damaging,4,0.3352261089073211,2,train
3412,4,0.0610987818830487,77.42,67.50227894257071,7,33242.4580333152,47.899543378995396,Highly_Fatal_And_Damaging,1,0.26706887847097,1,train
11386,2,0.35528294208327504,88.11,64.7219690063811,20,26266.1389809758,4.65753424657534,Highly_Fatal_And_Damaging,13,0.40843202307969706,1,train
8360,1,1.0902659809403001,78.75,77.7575205104832,18,29232.006844660296,24.703196347031998,Significant_Damage_And_Serious_Injuries,1,0.39761341507392695,1,train
5832,2,0.613499622606416,81.26,67.0920692798541,16,45020.554349611506,19.1780821917808,Highly_Fatal_And_Damaging,20,0.35109340064911604,2,train
5682,3,0.0627235617216595,81.02,62.2607110300821,14,11809.795062478,25.616438356164398,Highly_Fatal_And_Damaging,3,0.461803822574828,3,train
9764,7,0.00284071646275224,79.64,56.8368277119417,8,30197.0499678191,82.7853881278539,Significant_Damage_And_Fatalities,4,0.331980526505589,2,train
9676,3,0.177465946816613,78.55,69.8268003646308,13,35704.4771368743,39.726027397260296,Significant_Damage_And_Serious_Injuries,7,0.39400721240533704,1,train
10868,1,1.3895795978568999,76.35,51.276207839562396,11,37726.6341340949,35.1141552511415,Significant_Damage_And_Fatalities,14,0.280411828344753,2,train
6069,2,0.178843572386274,77.82,70.464904284412,8,14453.967974121699,68.7671232876712,Minor_Damage_And_Injuries,1,0.272838802740714,1,train
3521,2,0.31726463837149105,78.38,64.9954421148587,8,23317.669902061698,57.077625570776206,Significant_Damage_And_Serious_Injuries,21,0.36083014785430895,2,train
10044,1,1.10323463410754,79.73,72.3792160437557,16,29978.3820723515,29.1324200913242,Significant_Damage_And_Serious_Injuries,14,0.324046880634692,3,train
4710,5,0.0308486982813762,77.36,80.08204193254329,14,45934.133475443894,47.945205479452,Minor_Damage_And_Injuries,8,0.23425243418680103,3,train