Accident_ID,Accident_Type_Code,Adverse_Weather_Metric,Cabin_Temperature,Control_Metric,Days_Since_Inspection,Max_Elevation,Safety_Score,Severity,Total_Safety_Complaints,Turbulence_In_gforces,Violations,source
1768,7,0.00507361124995632,88.39,57.520510483135794,17,47592.316643138,25.251141552511395,Significant_Damage_And_Serious_Injuries,16,0.375615578795528,4,train
5835,3,0.135850462114308,77.75,60.1640838650866,21,27487.688802433197,17.7168949771689,Minor_Damage_And_Injuries,9,0.438363505228994,3,train
12439,2,0.12212240073769,76.14,70.3281677301732,10,6695.81475147089,61.7351598173516,Minor_Damage_And_Injuries,0,0.279329967544176,1,train
9110,2,0.501428821012912,80.54,81.22151321786691,6,36962.1315429362,95.2511415525114,Significant_Damage_And_Fatalities,17,0.23425243418680103,2,train
7075,3,0.15998293847651698,81.57,63.3546034639927,9,32094.804180156403,52.3744292237443,Highly_Fatal_And_Damaging,4,0.22595816804904398,2,train
1769,4,0.0480482439830435,78.38,62.944393801276206,12,25989.3630647294,32.3744292237443,Highly_Fatal_And_Damaging,11,0.312507032095204,1,train
9483,4,0.0726437651961764,81.15,60.9845031905196,21,39706.9339824623,2.7397260273972597,Highly_Fatal_And_Damaging,8,0.303852145690588,4,train
8378,1,1.01750757171657,78.94,65.8158614402917,15,27910.317545627997,45.6164383561644,Minor_Damage_And_Injuries,1,0.375615578795528,3,train
3143,6,0.0112415293720467,76.1,67.8213309024613,19,46027.181407644806,30.7305936073059,Minor_Damage_And_Injuries,1,0.38607356653443897,2,train
10371,7,0.00289124066348457,83.23,70.1002734731085,14,30864.81098715,60.5479452054795,Significant_Damage_And_Fatalities,25,0.384631085467003,4,train
8332,6,0.00701671348954173,75.64,80.4466727438469,7,26194.6862921461,60.22831050228311,Significant_Damage_And_Serious_Injuries,11,0.305294626758024,2,train
1888,2,0.545990855856288,79.42,59.9361896080219,12,40360.6120851516,56.9406392694064,Minor_Damage_And_Injuries,0,0.38715542733501596,2,train
12012,1,0.88583863584684,78.15,78.2588878760255,16,24605.471319082997,30.365296803653003,Significant_Damage_And_Serious_Injuries,9,0.427544897223224,3,train
9065,4,0.0865963416873615,82.01,80.8568824065634,15,47583.7459251384,55.0228310502283,Significant_Damage_And_Fatalities,2,0.28870609448251,2,train
7065,5,0.0241013125866483,80.34,80.4010938924339,12,37038.541445276496,55.0684931506849,Minor_Damage_And_Injuries,1,0.23425243418680103,2,train
493,2,0.44294859208894,76.56,66.0893345487694,10,32800.8368678312,60.5479452054795,Minor_Damage_And_Injuries,10,0.300967183555716,2,train
12372,2,0.36552924828075295,78.6,56.8368277119417,18,26930.376234739502,36.027397260274,Minor_Damage_And_Injuries,10,0.264183916336098,4,train
7166,2,0.46655214119750604,78.46,56.8824065633546,12,34473.7994438458,41.9178082191781,Minor_Damage_And_Injuries,0,0.522748647673999,2,train
10860,7,0.0032011061219487,78.84,72.4247948951687,17,36662.2802611695,15.4337899543379,Highly_Fatal_And_Damaging,17,0.306737107825459,4,train
2535,2,0.7730096114867209,81.56,73.4275296262534,13,59108.8771655082,50.0913242009132,Minor_Damage_And_Injuries,1,0.421053732419762,3,train
354,2,0.141934384599612,75.94,49.9544211485871,7,12502.181754700901,60.5479452054795,Minor_Damage_And_Injuries,21,0.357223945185719,1,train
10103,7,0.00315889699272442,77.98,54.69462169553329,8,36219.5213082148,79.7260273972603,Significant_Damage_And_Serious_Injuries,35,0.30854020915975394,1,train
4567,3,0.21005240992898103,78.83,79.3527803099362,8,42230.9202409014,57.4885844748858,Significant_Damage_And_Serious_Injuries,4,0.413120086548864,2,train
9743,4,0.100005416841789,79.06,67.6845943482224,15,54914.7987552472,21.2785388127854,Highly_Fatal_And_Damaging,7,0.505078254597908,1,train
8722,6,0.00594858504052171,80.65,95.4876937101185,15,24292.3426083081,32.8767123287671,Significant_Damage_And_Serious_Injuries,5,0.245071042192571,3,train
11525,2,0.5644650854823821,80.43,80.9480401093892,18,41697.1749234405,35.753424657534204,Minor_Damage_And_Injuries,8,0.298803461954562,4,train
2611,6,0.00443320081094456,80.03,68.3682771194166,13,17731.5542769187,50.136986301369895,Minor_Damage_And_Injuries,8,0.339553552109629,1,train
3173,1,1.5782905409573897,84.8,57.4293527803099,12,42866.579179189,42.328767123287705,Significant_Damage_And_Serious_Injuries,1,0.46649188604399605,1,train
1663,6,0.00832899694803638,77.78,63.3546034639927,14,34120.059024156,36.392694063926896,Significant_Damage_And_Serious_Injuries,13,0.460000721240533,3,train
9839,7,0.0037170874293526203,78.36,76.4813126709207,20,39152.7700279413,29.634703196346997,Minor_Damage_And_Injuries,4,0.26490515686981597,1,train
5796,7,0.00394519026872028,82.64,46.6271649954421,10,47232.0210882522,76.1187214611872,Significant_Damage_And_Serious_Injuries,6,0.539697800216372,1,train
2067,4,0.0914887092870471,76.86,58.6144029170465,18,49350.3336170917,35.7077625570776,Minor_Damage_And_Injuries,10,0.448100252434187,2,train
4569,4,0.0776846904276515,78.73,64.9954421148587,20,42476.368666169,4.29223744292237,Highly_Fatal_And_Damaging,10,0.457115759105661,2,train
9003,5,0.026949466655397998,80.29,61.6681859617138,16,39759.0225919132,42.4657534246575,Minor_Damage_And_Injuries,5,0.5122906599350879,3,train
4082,2,0.335642631444626,81.82,78.07657247037379,11,24926.7672088726,36.0730593607306,Highly_Fatal_And_Damaging,1,0.24110421925712197,2,train
5410,2,0.409147604414216,76.78,74.24794895168641,16,30384.1142456733,18.1735159817352,Highly_Fatal_And_Damaging,1,0.222351965380454,2,train
6102,3,0.214762760356308,79.22,68.3682771194166,11,43704.6859749562,48.401826484018294,Significant_Damage_And_Serious_Injuries,4,0.39797403534078596,0,train
5654,4,0.0193619574602432,86.57,69.5989061075661,13,11036.828202466499,28.949771689497698,Highly_Fatal_And_Damaging,8,0.350011539848539,2,train
2827,6,0.00707625704504583,75.2,79.39835916134909,14,28801.5388967117,37.7625570776256,Significant_Damage_And_Serious_Injuries,4,0.315752614496934,3,train
6628,5,0.0309501756806459,77.34,65.9981768459435,10,46371.5275238705,38.0821917808219,Highly_Fatal_And_Damaging,1,0.40590768121168397,0,train
7983,2,0.600082621498808,81.9,80.2643573381951,11,44163.048115641905,56.9406392694064,Minor_Damage_And_Injuries,39,0.318276956364948,2,train
1500,2,0.5861452517990551,79.42,57.520510483135794,12,43412.8879047271,54.109589041095894,Minor_Damage_And_Injuries,6,0.37092751532636103,2,train
2673,7,0.00411119172288155,84.01,60.57429352780311,10,42647.0633080233,73.607305936073,Significant_Damage_And_Fatalities,13,0.385352326000721,4,train
5436,1,1.2628155404651598,79.6,62.5341841385597,15,34328.0192022345,58.1278538812785,Significant_Damage_And_Fatalities,5,0.30745834835917796,0,train
5569,2,0.249372543587197,78.12,73.4731084776664,13,17636.0304067748,50.0,Minor_Damage_And_Injuries,2,0.463246303642264,2,train
11216,7,0.00171823991731958,77.51,57.520510483135794,14,22087.596284025,58.9954337899543,Significant_Damage_And_Fatalities,7,0.470819329246303,5,train
8632,6,0.00832792685338213,80.13,57.474931631722896,12,36617.7244387796,55.662100456621,Minor_Damage_And_Injuries,4,0.37092751532636103,3,train
3787,3,0.19201166810753603,80.12,32.7256153144941,6,38888.753009181804,91.2328767123288,Significant_Damage_And_Serious_Injuries,3,0.5642199783627839,1,train
6577,6,0.0035981058834733295,77.19,75.432999088423,19,15487.532267365701,20.410958904109602,Significant_Damage_And_Serious_Injuries,3,0.335586729174179,1,train
11367,2,0.444553307539715,79.23,66.4995442114859,17,32739.2459757613,38.4474885844749,Minor_Damage_And_Injuries,9,0.41672628921745397,2,train
11761,3,0.0920649095425722,76.2,76.66362807657251,13,17927.3384159879,40.6392694063927,Significant_Damage_And_Serious_Injuries,1,0.272117562206996,2,train
1455,7,0.00313031016237267,80.88,73.3819507748405,8,36493.1943544014,80.5936073059361,Significant_Damage_And_Fatalities,11,0.21441831950955603,2,train
3316,7,0.0024008732129236396,76.92,71.0118505013674,14,24523.027144472202,48.538812785388096,Minor_Damage_And_Injuries,2,0.52238802740714,1,train
4637,6,0.00645292114033313,77.83,74.4758432087512,13,26355.2077380812,39.4520547945205,Significant_Damage_And_Serious_Injuries,2,0.321883159033537,2,train
732,1,1.02676320216031,79.99,56.8824065633546,10,27752.8670889775,36.7579908675799,Significant_Damage_And_Fatalities,5,0.48308041831950893,1,train
3782,2,0.640473588799548,80.47,57.247037374658206,10,47324.952775232996,61.41552511415521,Minor_Damage_And_Injuries,1,0.421053732419762,2,train
3327,3,0.0587975074186055,83.37,79.6718322698268,10,12231.5253318163,48.538812785388096,Significant_Damage_And_Serious_Injuries,1,0.24002235845654502,4,train
4,7,0.00388714884711794,76.74,87.0556061987238,8,45783.5276614128,44.20091324200911,Highly_Fatal_And_Damaging,20,0.24543166245943,2,train
9459,6,0.0047923018675796,77.01,68.91522333637201,19,18000.505628973602,8.0365296803653,Highly_Fatal_And_Damaging,0,0.27139632167327804,2,train
2339,2,0.37605712426733395,80.83,77.1649954421149,13,27941.9368909525,50.365296803653,Minor_Damage_And_Injuries,11,0.243989181391994,2,train
9241,4,0.0594585122059251,79.39,59.799453053783104,5,31988.1959886504,75.296803652968,Minor_Damage_And_Injuries,8,0.6341803101334289,1,train
11403,1,1.1418573845188,82.31,66.2716499544212,20,30966.1598251022,29.634703196346997,Minor_Damage_And_Injuries,4,0.368403173458348,3,train
5086,2,0.653900333012144,81.09,63.90154968094811,17,49106.3559589155,36.7579908675799,Minor_Damage_And_Injuries,3,0.401580238009376,2,train
1817,7,0.00426087484941131,77.98,53.783044667274396,5,44372.3689299579,77.6712328767123,Minor_Damage_And_Injuries,3,0.317916336098088,0,train
548,5,0.0210757990183275,80.26,84.68550592525071,9,30107.346641430602,63.972602739726,Minor_Damage_And_Injuries,2,0.24831662459430198,1,train
10349,4,0.0594145703785473,79.7,82.4521422060164,14,32222.0358753946,26.2100456621005,Highly_Fatal_And_Damaging,0,0.17438946988820703,1,train
8723,4,0.0771509846485153,78.61,69.37101185050139,7,42414.403832472795,47.9908675799087,Highly_Fatal_And_Damaging,18,0.474425531914894,1,train
5841,4,0.0736990760111261,79.16,74.06563354603459,16,40072.976624729,19.954337899543397,Highly_Fatal_And_Damaging,0,0.23821925712225,1,train
5706,6,0.00831329091991792,78.94,52.415679124886104,14,36969.1983790329,61.41552511415521,Highly_Fatal_And_Damaging,4,0.476589253516048,2,train
5726,4,0.055322645707744006,78.15,85.5515041020967,15,30415.652244997997,20.1826484018265,Highly_Fatal_And_Damaging,0,0.28005120807789396,3,train
5192,4,0.0629806082659153,79.94,68.3682771194166,8,34302.7258502924,43.6529680365297,Highly_Fatal_And_Damaging,1,0.27752686620988104,1,train
2173,7,0.00412999471383646,78.04,71.55879671832271,14,43511.628969812205,48.8584474885845,Minor_Damage_And_Injuries,23,0.339914172376487,2,train
12268,7,0.00255080018652134,79.21,55.6061987237922,17,28162.0204173235,27.8538812785388,Significant_Damage_And_Serious_Injuries,1,0.547270825820411,2,train
5918,3,0.17874729903316897,81.92,58.5232452142206,13,35800.955661762404,40.86757990867579,Significant_Damage_And_Serious_Injuries,0,0.312507032095204,2,train
11215,3,0.160373891897123,76.67,61.212397447584294,11,32114.7155845654,46.62100456620999,Significant_Damage_And_Serious_Injuries,1,0.43042985935809597,2,train
1376,3,0.170645148830517,81.82,74.74931631722879,18,34305.0853441854,23.6986301369863,Significant_Damage_And_Serious_Injuries,15,0.532124774612333,0,train
11703,7,0.00265908783298855,79.81,75.38742023701,19,31856.303382075897,43.2420091324201,Significant_Damage_And_Fatalities,12,0.33306238730616605,2,train
5051,2,0.35522411724213504,84.82,59.6627164995442,15,26158.0508321166,46.1187214611872,Minor_Damage_And_Injuries,13,0.40807140281283794,2,train
10842,3,0.11181320478679901,85.3,78.4867821330902,15,22592.550262073797,33.2420091324201,Significant_Damage_And_Serious_Injuries,0,0.38607356653443897,2,train
749,1,1.4555457078975702,85.26,48.268003646308095,11,39723.5631584225,35.2511415525114,Significant_Damage_And_Fatalities,4,0.438002884962135,1,train
11489,7,0.00288591349627339,78.35,74.61257976299,13,28201.7353365839,63.1963470319635,Significant_Damage_And_Fatalities,5,0.24110421925712197,2,train
9481,4,0.0717190222705393,75.71,71.0118505013674,15,38935.4545879021,22.648401826483997,Highly_Fatal_And_Damaging,3,0.267790119004688,4,train
635,7,0.00306731378906429,78.09,62.07839562443029,14,34128.1254562718,34.6118721461187,Significant_Damage_And_Serious_Injuries,6,0.35217526144969297,2,train
1791,6,0.00652784933163401,77.39,49.179580674567006,14,26744.8667985702,25.8904109589041,Significant_Damage_And_Fatalities,2,0.40266209880995296,2,train
10169,6,0.00043630082173007996,77.17,79.535095715588,12,11622.0104423322,44.1552511415525,Significant_Damage_And_Serious_Injuries,3,0.320440677966102,3,train
4800,4,0.0290802124759881,80.14,92.9808568824066,15,16233.8332153718,20.4566210045662,Highly_Fatal_And_Damaging,8,0.15924341868013,2,train
7749,7,0.0021852795760138,81.15,67.4111212397448,15,26424.9508350846,56.712328767123296,Significant_Damage_And_Fatalities,6,0.352535881716553,2,train
5817,5,0.0268038442368048,79.99,64.4940747493163,11,39242.1984983224,57.077625570776206,Highly_Fatal_And_Damaging,22,0.27788748647674,2,train
3284,3,0.122543644144534,83.08,58.2953509571559,16,24455.0250063736,28.8584474885845,Significant_Damage_And_Serious_Injuries,11,0.317555715831229,1,train
7791,6,0.0113685931153539,80.98,88.6508659981769,10,46306.1920701527,49.5890410958904,Significant_Damage_And_Serious_Injuries,3,0.17330760908763,3,train
12238,2,0.305041894227416,81.1,64.2661804922516,12,22730.4709071459,32.557077625570805,Highly_Fatal_And_Damaging,5,0.20900901550667103,1,train
10502,2,0.27248602472930106,80.42,66.0893345487694,10,20083.325393226598,61.0502283105023,Minor_Damage_And_Injuries,15,0.41744752975117205,2,train
8110,2,0.6221652043678599,78.22,69.5533272561531,13,45878.87959122151,50.5936073059361,Minor_Damage_And_Injuries,5,0.351454020915975,1,train
5617,2,0.47876329269109,83.6,82.1786690975388,13,35377.2441941688,52.4657534246575,Minor_Damage_And_Injuries,1,0.318276956364948,3,train
10856,2,0.512288112606264,76.13,64.35733819507749,14,37854.0579003469,49.4520547945205,Minor_Damage_And_Injuries,6,0.406268301478543,3,train
1046,7,0.00440429373420935,79.6,49.589790337283496,11,48569.5562852462,59.178082191780796,Significant_Damage_And_Serious_Injuries,10,0.44413342949873796,3,train
2277,4,0.0824277038157889,79.03,41.5223336371923,17,44419.3376204782,12.694063926940599,Significant_Damage_And_Fatalities,3,0.556286332491886,2,train
7378,7,0.0035784413481083103,80.19,57.520510483135794,15,39152.9933728058,56.712328767123296,Significant_Damage_And_Fatalities,12,0.727941579516768,3,train
2894,2,0.45324629318165505,83.9,52.3245214220602,18,33591.98082476,12.694063926940599,Significant_Damage_And_Fatalities,6,0.438002884962135,2,train
11207,6,0.00566677045077366,82.43,53.281677301731996,13,23192.1558746436,40.86757990867579,Minor_Damage_And_Injuries,0,0.310703930760908,2,train
10426,3,0.171753655949522,79.78,80.1731996353692,14,34176.1227163592,37.5799086757991,Significant_Damage_And_Serious_Injuries,1,0.36083014785430895,1,train
6941,7,0.0033269313762775,78.23,65.587967183227,14,34971.7377869548,25.8904109589041,Highly_Fatal_And_Damaging,1,0.36984565452578405,2,train
6123,7,0.00303558007367732,80.8,45.897903372834996,13,33999.249757659905,50.86757990867579,Highly_Fatal_And_Damaging,10,0.668078615218175,2,train
12267,1,1.11090302185844,78.13,56.8824065633546,15,30282.7718455263,30.776255707762605,Minor_Damage_And_Injuries,14,0.491735304724126,0,train
2655,2,0.349996580988271,78.97,68.64175022789429,15,25854.9503626354,45.0684931506849,Minor_Damage_And_Injuries,3,0.40482582041110704,4,train
3717,4,0.0304735173357446,82.49,71.2397447584321,13,15658.684870885701,27.579908675799103,Highly_Fatal_And_Damaging,28,0.329095564370718,2,train
2700,3,0.121754699866092,79.09,73.1540565177758,14,24487.7919532445,37.7625570776256,Significant_Damage_And_Serious_Injuries,0,0.22343382618103103,3,train
2818,2,0.5851560495518521,84.41,62.07839562443029,7,43489.020781232204,60.9132420091324,Highly_Fatal_And_Damaging,6,0.29700036062026697,1,train
10705,1,0.7864157598875471,79.72,57.8851412944394,15,21202.4057836347,35.0228310502283,Significant_Damage_And_Serious_Injuries,8,0.350372160115398,1,train
8258,7,0.0037170874293526203,75.96,88.4685505925251,4,40762.813278056805,77.3059360730594,Significant_Damage_And_Serious_Injuries,2,0.28509989181392,4,train
10721,2,0.41108465023628704,79.22,63.719234275296294,11,30194.805567351203,57.0319634703196,Minor_Damage_And_Injuries,5,0.22523692751532604,3,train
819,4,0.0618975217848126,77.3,55.5150410209663,11,33896.511689160696,45.0684931506849,Minor_Damage_And_Injuries,2,0.578644789037144,2,train
10018,7,0.00248377555471595,77.65,62.8988149498633,16,25175.008694098102,18.1735159817352,Highly_Fatal_And_Damaging,3,0.36948503425892504,1,train
8259,4,0.0729306439109475,78.46,62.944393801276206,19,39698.855046421,20.5022831050228,Significant_Damage_And_Serious_Injuries,0,0.509405697800216,2,train
3658,5,0.0306965840601816,81.82,65.1777575205105,17,44701.648582514805,26.621004566210004,Significant_Damage_And_Serious_Injuries,0,0.36984565452578405,2,train
9395,4,0.0865139983925863,86.58,72.3792160437557,9,46938.709331052196,41.0958904109589,Highly_Fatal_And_Damaging,1,0.516978723404255,3,train
3157,7,0.0024057624320687303,79.78,51.8231540565178,4,25644.4684192504,77.3059360730594,Significant_Damage_And_Serious_Injuries,2,0.509045077533357,1,train
4154,3,0.225104799742964,79.1,55.9252506836828,13,45002.0079321222,41.5068493150685,Minor_Damage_And_Injuries,2,0.46901622791200803,2,train
5978,3,0.17089911377233,79.17,66.7730173199635,12,34480.663199033,44.0639269406393,Significant_Damage_And_Serious_Injuries,14,0.319719437432383,1,train
12299,7,0.00148033397409175,80.43,81.7228805834093,11,13945.5728661169,35.205479452054796,Highly_Fatal_And_Damaging,0,0.29555787955283,1,train
1571,2,0.39227281167258293,80.05,85.278030993619,13,28885.5732444725,52.1917808219178,Minor_Damage_And_Injuries,3,0.232088712585647,1,train
8774,4,0.0712119379602541,78.75,73.6554238833182,8,39274.9908549468,46.3470319634703,Highly_Fatal_And_Damaging,3,0.388958528669311,1,train
3140,6,0.0073704311184556405,76.89,79.2160437556974,13,29311.5725785883,28.0365296803653,Highly_Fatal_And_Damaging,10,0.36119076812116796,3,train
1101,7,0.00370085096690646,78.5,41.2944393801276,17,39222.4051184905,51.41552511415521,Significant_Damage_And_Serious_Injuries,11,0.7142380093761259,3,train
11469,1,0.502479778109646,76.89,68.91522333637201,8,13938.951027036299,44.703196347032005,Highly_Fatal_And_Damaging,0,0.25084096646231496,1,train
10385,2,0.47352544002111396,77.6,50.6836827711942,12,35070.3331931138,53.7899543378995,Highly_Fatal_And_Damaging,17,0.495341507392715,2,train
3868,3,0.15378800083089,80.65,78.9881494986326,8,31143.0404321038,57.1232876712329,Significant_Damage_And_Serious_Injuries,11,0.41420194734944105,2,train
12108,7,0.00307977328659493,75.8,52.82588878760261,11,33573.269939903505,70.5022831050228,Significant_Damage_And_Serious_Injuries,1,0.377058059862964,3,train
5328,3,0.199585420560171,78.29,53.7374658158614,12,39901.7557524519,43.1963470319635,Minor_Damage_And_Injuries,3,0.461803822574828,3,train
7565,2,0.32022960837060305,80.91,67.0464904284412,14,23787.7963047131,49.2237442922374,Minor_Damage_And_Injuries,22,0.276084385142445,2,train
2153,2,0.277200205655643,84.42,49.6809480401094,8,20482.4787022466,68.1278538812785,Highly_Fatal_And_Damaging,8,0.4372816444284171,1,train
2672,4,0.0888961552082543,76.3,85.18687329079309,8,48820.2733551817,44.0639269406393,Highly_Fatal_And_Damaging,6,0.212254597908403,1,train
1813,4,0.0798112391732618,84.3,69.64448495897899,13,43635.754690978596,30.0,Highly_Fatal_And_Damaging,11,0.351454020915975,2,train
4792,4,0.106775559667783,80.79,91.79580674566999,14,53915.3329941275,25.8904109589041,Highly_Fatal_And_Damaging,0,0.22379444644789004,1,train
7142,1,1.6827248753265402,81.05,54.32999088422971,16,45027.3857299155,18.310502283105,Significant_Damage_And_Fatalities,0,0.527797331410025,2,train
6821,4,0.0454494695366295,80.82,67.6845943482224,18,24814.5695668771,35.2511415525114,Minor_Damage_And_Injuries,3,0.340996033177064,0,train
3656,4,0.0742913315746002,82.02,65.587967183227,13,40231.6795447782,27.305936073059396,Highly_Fatal_And_Damaging,0,0.414923187883159,3,train
8687,5,0.0213563557462063,78.15,48.31358249772101,13,31846.9183744288,52.648401826484005,Minor_Damage_And_Injuries,5,0.42898737829066,3,train
11682,4,0.0375914964961934,75.8,76.9371011850502,11,20761.9844156144,59.634703196347,Minor_Damage_And_Injuries,6,0.426823656689506,3,train
12177,6,0.00618362691761325,79.88,62.0328167730173,21,25720.916407571804,0.9132420091324208,Highly_Fatal_And_Damaging,1,0.42538117562207,0,train
12394,4,0.0664512614802825,80.12,49.2707383773929,14,36256.6780282692,25.570776255707802,Significant_Damage_And_Fatalities,0,0.5822509917057329,1,train
116,7,0.0032737912486277302,78.83,64.8587055606199,10,35320.9454536098,73.5159817351598,Significant_Damage_And_Fatalities,4,0.365518211323476,2,train
8040,2,0.39343991378378207,83.56,97.9945305378305,11,29255.426646695,57.899543378995396,Minor_Damage_And_Injuries,1,0.30349152542372904,3,train
2652,3,0.15409292483065698,76.09,75.8432087511395,11,31091.676652706697,45.15981735159821,Significant_Damage_And_Serious_Injuries,2,0.3849917057338621,2,train
6824,6,0.008126749115812,78.11,72.8350045578852,16,32746.1554861564,54.109589041095894,Significant_Damage_And_Fatalities,7,0.364796970789758,1,train
120,3,0.0772169276038119,79.79,56.8824065633546,12,15484.3550813391,42.191780821917796,Minor_Damage_And_Injuries,0,0.47190119004688,2,train
5801,6,0.00649134340495729,86.42,45.62443026435739,12,26633.963633313397,54.2922374429224,Significant_Damage_And_Serious_Injuries,1,0.414923187883159,2,train
5493,3,0.144784763505103,80.98,76.5268915223336,16,29033.7904189909,27.4885844748858,Significant_Damage_And_Serious_Injuries,0,0.22884313018391603,1,train
4247,6,0.0109591638752286,78.99,71.3764813126709,18,43767.580522752,13.37899543379,Highly_Fatal_And_Damaging,17,0.254447169130905,2,train
11210,2,0.590221750336164,77.65,62.7620783956244,16,43812.8657268761,42.4657534246575,Minor_Damage_And_Injuries,0,0.47190119004688,3,train
3064,2,0.321668685211402,78.84,56.8368277119417,20,23734.784719260497,28.949771689497698,Highly_Fatal_And_Damaging,8,0.30349152542372904,2,train
6045,7,0.00295124691136514,79.23,67.4111212397448,17,34641.5118628154,38.4474885844749,Minor_Damage_And_Injuries,9,0.24543166245943,4,train
9413,7,0.00365418246901781,81.78,76.207839562443,7,40526.0175006294,51.7351598173516,Highly_Fatal_And_Damaging,6,0.3352261089073211,3,train
10667,1,1.41050359096262,76.42,79.5806745670009,18,38318.5677725656,9.08675799086758,Highly_Fatal_And_Damaging,19,0.26815073927154703,1,train
603,3,0.114141494579157,80.9,35.824977210574296,18,22888.0824961257,22.8767123287671,Minor_Damage_And_Injuries,2,0.869304724125496,3,train
5177,7,0.0024765215834295397,80.83,82.3609845031905,9,25796.9485308804,42.9680365296804,Highly_Fatal_And_Damaging,24,0.395810313739632,0,train
3801,1,1.04600375319121,78.06,54.649042844120295,16,28193.962254837003,31.0958904109589,Minor_Damage_And_Injuries,1,0.442330328164443,1,train
9029,4,0.0665314538675571,80.55,59.89061075660889,15,36059.2215837245,20.5022831050228,Highly_Fatal_And_Damaging,9,0.267429498737829,2,train
8065,2,0.650803040016768,85.61,55.241567912488605,14,48162.872289348205,36.8493150684931,Minor_Damage_And_Injuries,13,0.541140281283808,4,train
3996,6,0.00692026563628655,79.92,49.9544211485871,7,27551.103527028703,59.04109589041099,Minor_Damage_And_Injuries,5,0.5436646231518211,2,train
9523,7,0.0016141149806429599,83.29,75.75205104831359,13,17099.5183995257,63.1963470319635,Significant_Damage_And_Fatalities,12,0.388597908402452,5,train
2630,2,0.450817704051099,78.8,89.42570647219691,14,33395.5017361782,47.0319634703196,Minor_Damage_And_Injuries,2,0.21766390191128698,2,train
4893,2,0.537889903702334,81.36,63.90154968094811,17,39760.7683448495,15.4337899543379,Highly_Fatal_And_Damaging,4,0.28762423368193296,4,train
3675,1,1.0902659809403001,79.74,48.222424794895204,11,29433.300719752202,36.2557077625571,Significant_Damage_And_Fatalities,5,0.6803397042913809,1,train
5641,4,0.0409263541820256,79.09,62.07839562443029,14,22429.337175223198,34.7488584474886,Significant_Damage_And_Serious_Injuries,5,0.40807140281283794,2,train
11987,4,0.0776846904276515,78.86,79.8997265268915,7,42329.0179287936,49.2694063926941,Highly_Fatal_And_Damaging,0,0.24579228272628895,3,train
4362,2,0.209602822932632,76.11,80.35551504102101,15,16149.317703506398,34.2922374429224,Significant_Damage_And_Serious_Injuries,0,0.19638730616660602,2,train
634,4,0.0502229972557038,78.71,65.587967183227,12,27140.4145321285,33.2420091324201,Highly_Fatal_And_Damaging,9,0.19350234403173397,3,train
6140,2,0.572514343273642,76.28,65.9070191431176,6,42303.4059989138,76.6666666666667,Minor_Damage_And_Injuries,12,0.338471691309052,3,train
6292,3,0.20988934904073603,82.23,61.5770282588879,13,41940.409465723,29.7260273972603,Highly_Fatal_And_Damaging,0,0.36732131265777096,1,train
1621,2,0.668862532692016,80.0,76.9826800364631,14,49881.270365448094,47.0319634703196,Minor_Damage_And_Injuries,13,0.324768121168409,2,train
3671,5,0.0123379841602936,78.14,66.1349134001823,11,14532.7383864601,47.1232876712329,Significant_Damage_And_Serious_Injuries,9,0.337750450775333,2,train
7330,2,0.394277173347948,75.99,71.285323609845,14,29143.7545487936,48.8584474885845,Minor_Damage_And_Injuries,23,0.190617381896862,3,train
5419,4,0.0667215904701951,80.07,65.67912488605289,17,36350.8751542663,14.4748858447489,Highly_Fatal_And_Damaging,2,0.5209455463397039,1,train
5358,4,0.08203656049267301,82.23,61.5770282588879,13,44952.516880075,29.7716894977169,Highly_Fatal_And_Damaging,10,0.37597619906238705,3,train
4092,5,0.0204097469183588,76.75,60.9845031905196,15,30122.3193576333,46.4840182648402,Minor_Damage_And_Injuries,7,0.27969058781103495,2,train
9833,5,0.026629536451197002,77.25,40.838650865998204,16,39496.160018679104,53.1963470319635,Highly_Fatal_And_Damaging,3,0.45603389830508395,3,train
324,3,0.19665478666366898,81.38,85.6882406563355,8,39455.0809877443,55.342465753424705,Significant_Damage_And_Serious_Injuries,3,0.27752686620988104,2,train
10887,4,0.0555626545336938,80.37,57.8395624430264,10,30242.206687052203,37.3059360730594,Highly_Fatal_And_Damaging,2,0.333423007573026,1,train
1302,2,0.34943843269916,80.98,63.3546034639927,15,25874.965752170097,46.027397260274,Minor_Damage_And_Injuries,3,0.453509556437072,1,train
2228,1,1.07538543423334,84.82,55.2871467639016,18,29321.831726875098,24.6118721461187,Minor_Damage_And_Injuries,4,0.37128813559322,0,train
7170,6,0.0063751423047172205,80.2,84.1841385597083,14,25111.174904879503,24.383561643835602,Highly_Fatal_And_Damaging,2,0.301327803822575,2,train
62,4,0.06960315579659199,79.54,80.8568824065634,15,37935.8016532287,44.566210045662096,Minor_Damage_And_Injuries,0,0.358305805986296,3,train
4798,1,1.4947197458645503,77.04,56.19872379216039,15,40226.4770095902,32.2831050228311,Minor_Damage_And_Injuries,0,0.547270825820411,0,train
10192,5,0.0297081807839066,80.96,61.3947128532361,13,45084.5487151254,28.3561643835616,Highly_Fatal_And_Damaging,8,0.26851135953840605,2,train
4492,6,0.00947138341406335,79.99,59.799453053783104,14,39818.7823826373,24.9771689497717,Highly_Fatal_And_Damaging,9,0.38282798413270797,2,train