Accident_ID,Accident_Type_Code,Adverse_Weather_Metric,Cabin_Temperature,Control_Metric,Days_Since_Inspection,Max_Elevation,Safety_Score,Severity,Total_Safety_Complaints,Turbulence_In_gforces,Violations,source
8338,6,0.0105196245590474,79.03,38.149498632634504,18,44048.3653944557,12.694063926940599,Significant_Damage_And_Fatalities,6,0.7546274792643342,3,train
7936,4,0.062953935151325,78.04,69.18869644484961,16,34283.774615736096,17.077625570776302,Highly_Fatal_And_Damaging,19,0.325849981968986,1,train
9046,4,0.0845834601765373,80.27,66.2716499544212,13,46371.5275238705,26.9406392694064,Highly_Fatal_And_Damaging,1,0.42285683375405697,2,train
8876,6,0.0063759772329392795,84.48,91.20328167730172,14,25377.6648055458,36.8493150684931,Significant_Damage_And_Serious_Injuries,11,0.27139632167327804,2,train
9829,6,0.00926439171560809,76.58,62.1695533272562,14,36736.6428204931,36.0730593607306,Significant_Damage_And_Serious_Injuries,4,0.496423368193292,0,train
8822,3,0.0968805392839517,81.83,69.00638103919779,13,19018.7051126649,39.2694063926941,Significant_Damage_And_Serious_Injuries,3,0.253725928597187,4,train
7103,4,0.0528505428278382,76.89,79.3527803099362,11,29572.3317315177,36.392694063926896,Highly_Fatal_And_Damaging,2,0.199632888568337,3,train
1535,5,0.00868877979364907,81.11,70.8751139471286,11,12666.7712047322,36.2557077625571,Highly_Fatal_And_Damaging,2,0.339914172376487,0,train
2295,6,0.00559553599617865,79.37,65.6335460346399,20,23081.839828003198,18.3561643835616,Significant_Damage_And_Serious_Injuries,3,0.282575549945907,1,train
7108,1,0.569124611333397,79.19,73.0173199635369,6,16229.7283441618,62.3744292237443,Significant_Damage_And_Serious_Injuries,1,0.279329967544176,2,train
11619,1,0.7410000858734129,79.32,74.61257976299,16,20313.4761672518,19.1324200913242,Highly_Fatal_And_Damaging,6,0.23894049765596803,2,train
2012,1,1.2684727108881002,79.15,34.8678213309025,8,34325.6150767811,42.5570776255708,Significant_Damage_And_Fatalities,12,0.499308330328164,3,train
7998,3,0.14794422081512001,77.6,74.88605287146758,11,29664.8117944913,45.7534246575342,Significant_Damage_And_Serious_Injuries,4,0.233531193653083,0,train
12379,4,0.0595803417965499,78.28,76.3445761166819,4,32690.625773518397,58.4474885844749,Highly_Fatal_And_Damaging,20,0.292672917417959,2,train
7976,5,0.0244045214906998,79.28,69.1431175934367,14,35553.1857893287,37.3972602739726,Significant_Damage_And_Serious_Injuries,1,0.304573386224305,2,train
5379,1,1.43817383028133,78.37,56.426618049225205,10,39396.116621502,36.4383561643836,Significant_Damage_And_Fatalities,5,0.48632600072124,1,train
11929,3,0.16396237774710998,84.53,72.151321786691,16,32811.5825060404,18.7671232876712,Highly_Fatal_And_Damaging,7,0.27969058781103495,3,train
9337,3,0.192253394616584,84.51,72.4247948951687,13,38521.3038909916,38.767123287671204,Significant_Damage_And_Serious_Injuries,0,0.38679480706815705,2,train
5521,1,1.1584993148904599,77.04,59.252506836827706,18,31491.27635949,12.4657534246575,Highly_Fatal_And_Damaging,3,0.392204111071042,3,train
12180,3,0.18705950079338501,77.8,82.0875113947128,9,37541.6763730355,52.9223744292237,Significant_Damage_And_Serious_Injuries,0,0.271756941940137,4,train
572,6,0.00707802165652397,79.56,63.3546034639927,13,30660.2752933007,38.584474885844706,Significant_Damage_And_Serious_Injuries,11,0.298442841687703,2,train
4897,2,0.4244823581168529,75.15,89.88149498632629,19,31250.1583662827,6.347031963470321,Highly_Fatal_And_Damaging,6,0.219827623512441,3,train
2044,3,0.174775775733067,76.12,39.8814949863264,4,35044.208837477796,77.3059360730594,Significant_Damage_And_Serious_Injuries,2,0.40662892174540205,2,train
9645,1,0.9772734859342791,80.5,62.1695533272562,15,26397.203120675098,21.2328767123288,Highly_Fatal_And_Damaging,2,0.337750450775333,3,train
9671,3,0.0540905537896018,84.03,67.4567000911577,7,11265.917788590301,60.136986301369895,Significant_Damage_And_Serious_Injuries,20,0.409513883880274,3,train
8403,2,0.5201902304072461,79.69,69.7812215132179,10,38384.4318243461,51.1872146118721,Significant_Damage_And_Serious_Injuries,7,0.350372160115398,1,train
2437,3,0.0751392310460593,77.91,54.056517775752106,9,14353.584663068501,40.5479452054794,Significant_Damage_And_Fatalities,4,0.38030364226469504,3,train
6504,6,0.00597945010552193,80.45,74.0200546946217,15,24784.663871210498,54.885844748858396,Significant_Damage_And_Fatalities,2,0.237498016588532,1,train
5364,3,0.15193198627823,81.13,61.71376481312671,19,30406.022230075097,31.552511415525103,Minor_Damage_And_Injuries,7,0.311425171294627,3,train
448,4,0.067847155870399,77.04,47.9033728350046,17,36683.459920566296,16.1187214611872,Significant_Damage_And_Fatalities,0,0.49389902632527904,1,train
11545,1,0.619400816440287,82.81,60.4375569735643,11,17786.0713596076,47.44292237442921,Significant_Damage_And_Serious_Injuries,0,0.5036357735304721,3,train
4044,7,0.00310121839325321,78.23,76.02552415679129,14,33945.4313005177,25.707762557077604,Highly_Fatal_And_Damaging,0,0.386434186801298,1,train
8555,4,0.0454494695366295,79.34,60.665451230628996,8,24865.1960841046,44.0182648401826,Highly_Fatal_And_Damaging,1,0.476228633249188,2,train
756,4,0.0513502290422108,80.23,62.57976298997271,13,28542.004184011003,41.5525114155251,Significant_Damage_And_Serious_Injuries,8,0.4372816444284171,0,train
3310,3,0.134611369951369,82.97,68.3226982680037,15,26859.1915363265,33.972602739726,Significant_Damage_And_Serious_Injuries,2,0.134,4,train
10090,2,0.572514343273642,78.49,66.4995442114859,10,42059.5289116091,62.0091324200913,Minor_Damage_And_Injuries,1,0.40013775694194004,0,train
11675,5,0.0195516826413514,83.51,86.78213309024609,15,30619.787367647,44.4748858447489,Minor_Damage_And_Injuries,0,0.240382978723404,0,train
533,5,0.0237738830758447,79.61,57.474931631722896,16,34887.2172055117,42.283105022831,Minor_Damage_And_Injuries,7,0.662308690948431,2,train
3241,6,0.0116993176601363,81.04,74.0200546946217,17,45934.133475443894,50.0456621004566,Significant_Damage_And_Fatalities,18,0.25084096646231496,2,train
9479,4,0.0867404728643644,77.21,54.056517775752106,9,47156.9384261401,40.5479452054794,Significant_Damage_And_Fatalities,7,0.592348359177785,2,train
11917,3,0.214244804931175,83.41,58.933454876937105,7,43564.0944400642,82.7853881278539,Significant_Damage_And_Fatalities,21,0.397252794807068,2,train
9794,3,0.21702404758172897,85.22,54.649042844120295,21,43590.4452092247,0.9132420091324208,Highly_Fatal_And_Damaging,1,0.333423007573026,2,train
7995,7,0.0036732736102859796,79.52,82.04193254329991,14,37519.0138460733,23.607305936073104,Highly_Fatal_And_Damaging,7,0.355060223584565,1,train
7740,1,1.5556538287658601,76.75,76.9371011850502,17,42453.4527180898,25.251141552511395,Significant_Damage_And_Serious_Injuries,3,0.355060223584565,1,train
9910,3,0.16754135401837303,82.14,67.5934366453965,16,33951.338673945,30.9132420091324,Significant_Damage_And_Serious_Injuries,1,0.251922827262892,3,train
3536,7,0.00282719073422966,81.1,84.8678213309025,11,28435.803708752403,71.6438356164383,Significant_Damage_And_Fatalities,17,0.168980165885323,3,train
11663,4,0.0595803417965499,79.39,66.4539653600729,10,32677.2060754324,38.2648401826484,Highly_Fatal_And_Damaging,2,0.474064911648034,2,train
4523,4,0.0802287917843594,82.3,66.9097538742024,12,43852.845351907796,29.7716894977169,Highly_Fatal_And_Damaging,3,0.35542084385142403,2,train
7585,7,0.0010359524358996301,77.07,69.18869644484961,19,14342.690654811202,42.0547945205479,Significant_Damage_And_Fatalities,9,0.38030364226469504,3,train
5843,1,0.9388623453591322,76.67,58.5232452142206,14,25614.2995298067,24.8858447488584,Highly_Fatal_And_Damaging,19,0.508323836999639,3,train
2857,7,0.0025342470403040603,80.41,61.212397447584294,10,26727.9540994319,74.2009132420091,Significant_Damage_And_Fatalities,0,0.272478182473855,3,train
1490,4,0.0363976969306029,79.77,72.97174111212401,13,19708.0688070303,63.1963470319635,Significant_Damage_And_Fatalities,1,0.364796970789758,0,train
3050,4,0.0575081967404916,78.5,89.51686417502279,15,30792.6950346444,45.342465753424705,Minor_Damage_And_Injuries,5,0.17330760908763,4,train
7690,1,1.56620755459219,79.33,46.03463992707379,14,42902.3849751326,47.6255707762557,Highly_Fatal_And_Damaging,1,0.40482582041110704,3,train
6825,1,0.647130362493558,76.95,59.9817684594348,15,17590.8270501035,46.1187214611872,Minor_Damage_And_Injuries,0,0.517339343671114,3,train
10266,3,0.12396161478991599,79.23,59.2980856882407,13,24865.1960841046,37.9908675799087,Significant_Damage_And_Serious_Injuries,0,0.492095924990984,2,train
12154,3,0.189029307357235,85.58,46.080218778486795,9,37882.5272097875,41.0045662100457,Significant_Damage_And_Fatalities,10,0.5458283447529749,2,train
8503,4,0.0760172273487276,76.89,79.8997265268915,11,41401.7229807727,36.164383561643795,Highly_Fatal_And_Damaging,0,0.355060223584565,2,train
4319,3,0.187016357171913,79.46,69.1431175934367,12,37571.9051001859,42.100456621004604,Significant_Damage_And_Serious_Injuries,2,0.38030364226469504,3,train
1563,1,1.38171570133232,77.6,64.0382862351869,12,37533.1751075407,30.7305936073059,Highly_Fatal_And_Damaging,1,0.514093761269383,0,train
10163,7,0.0036254721411716397,81.97,75.6608933454877,18,40231.6795447782,10.867579908675802,Highly_Fatal_And_Damaging,1,0.38823728813559294,4,train
10940,6,0.00847670132384697,79.43,61.303555150410205,14,34715.2361473509,36.5753424657534,Significant_Damage_And_Serious_Injuries,7,0.344241615578795,2,train
5300,6,0.00500979728337652,78.54,78.7602552415679,17,21680.6165955373,26.2557077625571,Significant_Damage_And_Serious_Injuries,4,0.39833465560764497,2,train
11364,3,0.173410918167831,76.35,52.9626253418414,11,34748.4877263288,36.2557077625571,Significant_Damage_And_Fatalities,5,0.286181752614497,2,train
4013,6,0.008917266769996341,80.76,64.5396536007293,19,35557.6780853689,18.949771689497698,Significant_Damage_And_Serious_Injuries,0,0.42429931482149297,2,train
1200,6,0.00532697752793188,79.17,75.47857793983592,13,21680.6165955373,39.4520547945205,Significant_Damage_And_Serious_Injuries,5,0.426823656689506,2,train
9768,1,1.06635953548775,83.53,56.107566089334604,13,29033.294247319103,53.2420091324201,Highly_Fatal_And_Damaging,13,0.366960692390912,2,train
8325,1,1.54692480033966,79.64,60.1640838650866,11,41729.040724099905,45.15981735159821,Significant_Damage_And_Serious_Injuries,4,0.6330984493328521,0,train
8208,4,0.0445660106164211,80.65,69.5989061075661,10,24386.649921265,49.5890410958904,Significant_Damage_And_Serious_Injuries,38,0.215860800576992,2,train
3471,5,0.0290220099112873,77.82,71.0118505013674,8,45351.5663157796,69.77168949771689,Minor_Damage_And_Injuries,2,0.23389181391994196,3,train
11316,2,0.44445203903850605,87.0,51.276207839562396,13,32847.0379561099,27.8538812785388,Significant_Damage_And_Fatalities,3,0.42249621348719796,2,train
5675,1,0.894409699247168,77.83,57.155879671832295,12,24135.4433661131,32.557077625570805,Significant_Damage_And_Fatalities,3,0.48993220338983,1,train
6025,6,0.00892252524172122,84.72,72.151321786691,16,36877.7475481149,30.8219178082192,Significant_Damage_And_Serious_Injuries,0,0.41348070681572296,3,train
11121,4,0.0552675261246095,78.06,52.68915223336371,6,30190.765314686498,63.6529680365297,Minor_Damage_And_Injuries,7,0.317916336098088,2,train
8528,3,0.15210902545666,81.08,79.85414767547859,15,30317.4037657127,33.7442922374429,Significant_Damage_And_Serious_Injuries,6,0.31358889289578,1,train
7301,2,0.3911825356711121,78.64,60.2552415679125,11,28904.6970099578,34.8401826484018,Highly_Fatal_And_Damaging,19,0.36732131265777096,1,train
11022,1,1.1897385093264299,81.82,66.8641750227894,15,32555.643829496203,46.027397260274,Minor_Damage_And_Injuries,9,0.272117562206996,2,train
2380,7,0.00355323475577511,79.81,71.8778486782133,17,40703.0696321804,48.8584474885845,Significant_Damage_And_Fatalities,5,0.23894049765596803,2,train
5318,3,0.192732679814333,78.8,76.02552415679129,15,38883.491454726296,32.3744292237443,Significant_Damage_And_Serious_Injuries,1,0.286181752614497,3,train
4979,3,0.0832574867262534,75.68,82.3154056517776,14,16837.0598386233,35.7077625570776,Significant_Damage_And_Serious_Injuries,2,0.221270104579877,1,train
1744,1,1.74851946088815,76.49,55.19598906107571,15,47507.7168742865,21.8721461187215,Significant_Damage_And_Fatalities,0,0.240743598990263,2,train
12352,1,0.7905536062755699,77.5,65.7247037374658,10,21489.4750236165,39.3607305936073,Highly_Fatal_And_Damaging,11,0.449903353768481,1,train
8526,4,0.0650374206705968,78.47,54.056517775752106,10,35695.9901661657,38.0365296803653,Significant_Damage_And_Fatalities,1,0.38427046520014396,1,train
11976,1,1.29384557291003,77.56,64.94986326344579,13,35104.5670299863,29.1780821917808,Highly_Fatal_And_Damaging,1,0.34568409664623106,2,train
4611,3,0.15070771210342498,83.01,70.1458523245214,12,30428.3031280998,42.8767123287671,Significant_Damage_And_Serious_Injuries,14,0.326931842769563,3,train
8166,7,0.0042971745609235,78.85,58.933454876937105,14,42912.5244287391,37.260273972602704,Significant_Damage_And_Serious_Injuries,2,0.44485467003245505,1,train
7045,1,1.06635953548775,84.1,59.9361896080219,17,29033.294247319103,39.4520547945205,Minor_Damage_And_Injuries,2,0.3492902993148211,3,train
9244,3,0.122797458811414,78.5,66.1349134001823,11,24548.432188067203,47.1232876712329,Significant_Damage_And_Serious_Injuries,9,0.337750450775333,0,train
2544,1,1.16290206831625,76.27,74.74931631722879,12,31531.7961960508,31.2328767123288,Highly_Fatal_And_Damaging,2,0.20179661016949102,1,train
3819,1,0.6648704538602429,78.83,76.6180492251596,18,17085.519518908503,36.0730593607306,Minor_Damage_And_Injuries,2,0.346405337179949,2,train
8854,4,0.0496227386047458,84.48,76.4357338195078,9,27206.7774652661,40.958904109589,Highly_Fatal_And_Damaging,4,0.281854309412189,3,train
8087,7,0.00290877946932873,81.55,46.03463992707379,18,30664.9684488475,47.899543378995396,Significant_Damage_And_Serious_Injuries,2,0.495702127659574,3,train
1489,1,1.4077552684157402,82.08,47.17411121239739,9,38407.9547138139,41.3698630136986,Significant_Damage_And_Fatalities,0,0.4567551388388029,2,train
12014,4,0.0609113242530921,82.8,80.6289881494986,9,33680.0996768755,42.328767123287705,Highly_Fatal_And_Damaging,8,0.33161990623873,1,train
2116,1,1.00658436939197,83.38,80.9024612579763,9,27249.288201108502,41.1415525114155,Highly_Fatal_And_Damaging,5,0.29159105661738105,3,train
7302,4,0.0685210393095788,78.7,76.5268915223336,17,37623.173029289,27.397260273972602,Significant_Damage_And_Serious_Injuries,0,0.202157230436351,3,train
228,2,0.610441182645266,79.23,72.7438468550593,10,45300.0270165971,61.232876712328796,Minor_Damage_And_Injuries,15,0.427905517490083,3,train
10411,1,1.11764943565971,81.57,54.32999088422971,16,30380.8615154131,28.8127853881279,Minor_Damage_And_Injuries,1,0.375254958528669,2,train
10430,3,0.19253211227734598,76.99,60.4375569735643,8,38732.7086974327,56.301369863013704,Significant_Damage_And_Serious_Injuries,1,0.5126512802019471,1,train
8007,2,0.503141110685375,83.9,57.4293527803099,12,37121.9154719923,43.3333333333333,Significant_Damage_And_Serious_Injuries,1,0.442690948431302,3,train
9737,6,0.0084067327022918,80.49,74.24794895168641,11,37066.9622418898,34.7945205479452,Highly_Fatal_And_Damaging,0,0.19819040750090197,1,train
9455,6,0.00831707573304156,83.48,62.07839562443029,18,36405.033044569,24.703196347031998,Significant_Damage_And_Serious_Injuries,3,0.518421204471691,1,train
11089,4,0.0453050042984426,77.48,58.4320875113947,15,25242.7895510956,20.4566210045662,Highly_Fatal_And_Damaging,26,0.46757374684457303,1,train
3392,3,0.10693906368161801,76.74,68.5961713764813,20,21890.5709145531,18.3561643835616,Significant_Damage_And_Serious_Injuries,9,0.30854020915975394,3,train
11613,4,0.0678905095124799,81.42,50.7292616226071,11,36601.5952977368,35.1141552511415,Significant_Damage_And_Fatalities,10,0.527076090876307,3,train
3970,7,0.00321236301491286,79.21,59.115770282588905,11,35154.727264940804,68.49315068493149,Significant_Damage_And_Fatalities,3,0.365878831590335,2,train
4147,3,0.105168517981374,82.41,62.6709206927985,12,21402.760113738503,41.8264840182648,Significant_Damage_And_Serious_Injuries,0,0.317555715831229,2,train
11153,7,0.00365445166324481,77.17,59.024612579763,8,39867.4739975014,56.7579908675799,Significant_Damage_And_Serious_Injuries,10,0.36263324918860396,1,train
6001,1,0.859867417828303,80.96,63.90154968094811,13,23362.5382988508,26.7123287671233,Highly_Fatal_And_Damaging,25,0.264183916336098,2,train
2289,7,0.00394519026872028,78.7,93.1631722880583,8,44434.087148771796,78.58447488584471,Significant_Damage_And_Fatalities,1,0.26165957446808497,3,train
7371,1,1.7819138386816697,79.06,45.1686417502279,15,48583.5486330922,21.2785388127854,Significant_Damage_And_Fatalities,5,0.699813198701766,2,train
11166,4,0.0438556546147655,80.2,37.283500455788605,9,24079.424360651603,66.57534246575341,Significant_Damage_And_Serious_Injuries,2,0.5945120807789399,1,train
6552,3,0.16875836276271,79.71,56.608933454877004,18,33783.7823562274,9.08675799086758,Highly_Fatal_And_Damaging,4,0.365878831590335,0,train
9604,7,0.00214351929204433,78.67,45.3965360072927,9,25644.4684192504,72.00913242009129,Significant_Damage_And_Serious_Injuries,2,0.5209455463397039,0,train
3416,1,0.887893341795068,78.3,66.0893345487694,14,24554.5855122477,46.894977168949794,Minor_Damage_And_Injuries,6,0.30998269022719105,2,train
7204,2,0.579515445156363,79.89,71.0118505013674,14,42622.3715192289,47.7625570776256,Minor_Damage_And_Injuries,1,0.52238802740714,3,train
10801,2,0.214957084741899,83.08,69.64448495897899,13,16200.336430059098,50.273972602739704,Minor_Damage_And_Injuries,11,0.460361341507393,2,train
12049,5,0.0217919427663462,78.0,57.8395624430264,16,31647.884323696002,18.1278538812785,Highly_Fatal_And_Damaging,5,0.330538045438154,3,train
5121,2,0.482865676422502,78.3,69.37101185050139,14,35553.1857893287,27.077625570776302,Highly_Fatal_And_Damaging,1,0.311425171294627,3,train
3872,2,0.5323831645572229,79.76,72.0145852324522,8,39338.0906903955,46.3470319634703,Highly_Fatal_And_Damaging,2,0.302770284890011,1,train
5704,6,0.00784444465721868,79.21,57.520510483135794,10,32656.9970926707,48.310502283105,Significant_Damage_And_Serious_Injuries,4,0.526354850342589,2,train
2117,3,0.0728513382155746,81.17,41.841385597083004,14,14274.0590139556,47.899543378995396,Highly_Fatal_And_Damaging,3,0.7459725928597181,3,train
10891,2,0.315570346061336,82.53,76.7092069279854,15,23412.7822849923,44.2922374429224,Minor_Damage_And_Injuries,9,0.281854309412189,2,train
2595,7,0.00310121839325321,76.58,57.247037374658206,17,32243.5526097867,27.945205479452,Significant_Damage_And_Serious_Injuries,1,0.441609087630725,2,train
3535,1,1.11357000206576,82.26,74.52142206016408,8,30270.7936697433,79.4063926940639,Significant_Damage_And_Fatalities,1,0.47839235485034204,0,train
1063,3,0.145497843024578,78.3,72.1969006381039,13,29135.867142979703,39.4977168949772,Significant_Damage_And_Serious_Injuries,0,0.41672628921745397,4,train
7700,2,0.16749854389415697,87.11,46.353691886964505,18,11344.0221880675,34.0182648401826,Highly_Fatal_And_Damaging,0,0.663029931482149,2,train
6388,2,0.499470695720181,83.45,68.91522333637201,11,36790.500809401696,58.0365296803653,Minor_Damage_And_Injuries,6,0.254086548864046,3,train
6659,2,0.5505381337684561,80.61,77.1649954421149,13,40666.4707114104,50.365296803653,Minor_Damage_And_Injuries,11,0.23461305445365999,2,train
11606,7,0.00364068615017295,78.11,82.9535095715588,16,37253.905366837,52.1461187214612,Significant_Damage_And_Fatalities,0,0.27139632167327804,1,train
7308,1,0.8016363012165201,79.89,52.142206016408394,12,21595.6871451792,43.2420091324201,Minor_Damage_And_Injuries,10,0.522748647673999,1,train
10098,6,0.00829563861629398,79.05,61.89608021877849,14,33355.8640395299,37.5799086757991,Significant_Damage_And_Serious_Injuries,9,0.275723764875586,1,train
2111,4,0.0453407640350258,81.09,62.07839562443029,14,24892.556125965697,24.6118721461187,Highly_Fatal_And_Damaging,2,0.45278831590335294,1,train
6244,1,0.41675474434655607,78.56,78.07657247037379,9,9759.36233674942,52.2374429223744,Highly_Fatal_And_Damaging,14,0.17943815362423302,3,train
7230,6,0.00687215599404899,79.18,79.5806745670009,12,27724.256013730497,42.5114155251142,Significant_Damage_And_Serious_Injuries,13,0.222351965380454,2,train
6602,2,0.315638700388621,88.57,73.0173199635369,15,23513.7633170546,22.7853881278539,Highly_Fatal_And_Damaging,13,0.33306238730616605,2,train
9668,3,0.19399576228932,81.1,68.7784867821331,10,38968.236520877996,49.49771689497721,Significant_Damage_And_Serious_Injuries,5,0.27067508113956,3,train
9927,1,1.34784952706186,79.58,70.5560619872379,15,36818.9843862443,20.958904109589,Highly_Fatal_And_Damaging,9,0.308900829426614,3,train
10172,4,0.049008374205047,78.99,65.8158614402917,15,27035.8387936996,20.1826484018265,Highly_Fatal_And_Damaging,3,0.19350234403173397,2,train
1223,6,0.0100253470599817,79.89,40.0638103919782,12,39871.186072916404,42.283105022831,Minor_Damage_And_Injuries,11,0.51878182473855,1,train
3473,3,0.135825197385825,77.3,52.68915223336371,9,27243.1511537835,41.3698630136986,Significant_Damage_And_Fatalities,7,0.328374323837,2,train
8303,6,0.00043630082173007996,76.92,53.555150410209706,16,8585.99810381528,30.593607305936104,Minor_Damage_And_Injuries,4,0.310703930760908,1,train
872,2,0.637636244705519,81.04,80.8568824065634,12,47106.1353795642,55.662100456621,Minor_Damage_And_Injuries,2,0.219467003245582,1,train
8380,7,0.004076262717295089,75.35,54.056517775752106,9,44574.062723115196,65.4337899543379,Significant_Damage_And_Serious_Injuries,37,0.43656040389469897,3,train
3822,3,0.167321669948203,79.13,18.4594348222425,7,33579.7049880148,72.5570776255708,Highly_Fatal_And_Damaging,8,0.774822214208438,2,train
1496,1,1.29734642507529,79.64,45.62443026435739,13,35305.1741362138,63.698630136986296,Significant_Damage_And_Serious_Injuries,0,0.49678398846015104,0,train
7910,4,0.0775283006898538,80.53,62.807657247037405,10,42489.0677436993,38.9954337899543,Highly_Fatal_And_Damaging,2,0.328734944103858,1,train
12257,4,0.049008374205047,81.06,68.04922515952599,12,26755.007941369702,42.5114155251142,Significant_Damage_And_Serious_Injuries,6,0.311064551027768,2,train
10261,4,0.0557625104986608,80.06,62.2607110300821,8,30372.7583025121,44.4292237442922,Highly_Fatal_And_Damaging,4,0.409513883880274,4,train
5912,3,0.187522601295637,75.97,54.2844120328168,13,37599.7096257826,51.324200913241995,Highly_Fatal_And_Damaging,0,0.46721312657771297,3,train
1593,3,0.14223250604765397,76.71,66.362807657247,13,28354.1216769969,63.1963470319635,Significant_Damage_And_Fatalities,12,0.572514244500541,1,train
6947,4,0.0412718889170117,83.27,42.5706472196901,16,22647.260904156097,29.0867579908676,Minor_Damage_And_Injuries,0,0.44737901190046897,3,train
6883,4,0.0620699590838415,79.51,78.0309936189608,17,33822.1986231116,15.159817351598198,Highly_Fatal_And_Damaging,0,0.247234763793725,3,train
5774,3,0.168586748894355,86.31,69.27985414767551,11,33523.702338797404,46.1643835616438,Significant_Damage_And_Serious_Injuries,3,0.30637648755860103,2,train
1232,3,0.0966196448634178,78.74,57.0191431175934,16,18917.972732299,30.3196347031963,Minor_Damage_And_Injuries,9,0.284739271547061,1,train
2811,4,0.0546421866657251,87.0,51.276207839562396,13,29784.7464710627,28.8584474885845,Significant_Damage_And_Fatalities,6,0.42249621348719796,1,train
5413,3,0.166023869314956,79.28,80.08204193254329,6,33346.7855725603,62.7853881278539,Significant_Damage_And_Serious_Injuries,4,0.5029145329967539,3,train
8256,2,0.678555591591014,81.26,72.8350045578852,15,49881.270365448094,45.342465753424705,Minor_Damage_And_Injuries,1,0.329456184637577,2,train
11370,1,1.30484074303551,80.96,67.5478577939836,11,35322.6759778569,35.9817351598173,Highly_Fatal_And_Damaging,7,0.344602235845654,3,train
7606,3,0.18250220288498104,75.68,65.95259799453049,13,36742.9903189402,38.0821917808219,Significant_Damage_And_Serious_Injuries,3,0.33883231157591,1,train
3054,4,0.0673084209630457,82.81,55.3783044667274,18,36830.544529353996,12.694063926940599,Significant_Damage_And_Fatalities,6,0.30998269022719105,3,train
6574,2,0.40879598372177295,77.63,88.2862351868733,18,30094.089236148102,11.5068493150685,Highly_Fatal_And_Damaging,1,0.17943815362423302,2,train
186,7,0.00221747457417748,79.03,51.4585232452142,8,24122.8234182072,77.76255707762559,Significant_Damage_And_Serious_Injuries,0,0.640310854670032,3,train
1855,4,0.0527454649500691,78.23,70.6927985414767,13,28800.0058613255,40.365296803653,Significant_Damage_And_Serious_Injuries,5,0.37236999639379703,2,train
11124,4,0.060013008820757,81.48,68.3682771194166,13,32874.4118594201,28.9041095890411,Highly_Fatal_And_Damaging,2,0.398695275874504,2,train
8598,6,0.00919704057079272,79.31,59.9817684594348,12,36365.817710587005,54.9771689497717,Minor_Damage_And_Injuries,4,0.37489433826181,2,train
3926,6,0.0042800625074455294,80.35,62.07839562443029,14,18816.7236153139,34.9315068493151,Significant_Damage_And_Serious_Injuries,13,0.45603389830508395,1,train
5446,7,0.00365445166324481,80.32,51.777575205104796,12,38896.1729120633,44.4292237442922,Minor_Damage_And_Injuries,14,0.549795167688424,2,train
5755,2,0.41211713113219395,81.08,84.1385597082954,16,30336.181484703702,41.5525114155251,Minor_Damage_And_Injuries,6,0.280411828344753,1,train
3122,7,0.00290241121216763,77.56,49.863263445761206,19,27972.920650647997,9.31506849315068,Significant_Damage_And_Fatalities,10,0.354699603317706,1,train
11768,3,0.114395822423754,81.53,82.2242479489517,13,23126.2919667346,39.908675799086794,Significant_Damage_And_Serious_Injuries,4,0.318276956364948,1,train
3217,5,0.0303417057566337,79.1,57.4293527803099,6,43400.0276095646,62.3744292237443,Significant_Damage_And_Serious_Injuries,2,0.46649188604399605,3,train
8851,4,0.0458304234541713,89.13,67.7301731996354,13,25170.3306255207,27.1689497716895,Highly_Fatal_And_Damaging,4,0.25264406779661,0,train
5322,3,0.18958368107891396,76.4,73.33637192342749,13,37862.9199927159,40.7762557077626,Significant_Damage_And_Serious_Injuries,17,0.458197619906239,3,train
4091,2,0.545562193337738,79.6,53.919781221513205,11,40360.6120851516,47.4885844748858,Minor_Damage_And_Injuries,0,0.43223296069239103,2,train
11872,2,0.549198026049296,87.79,83.8650865998177,14,40622.7292936029,46.8493150684931,Minor_Damage_And_Injuries,9,0.289427335016228,3,train
1952,2,0.300683552375606,81.7,85.5970829535096,10,22068.2222270981,38.4474885844749,Highly_Fatal_And_Damaging,7,0.263823296069239,2,train
10387,3,0.19811580238305104,81.42,46.03463992707379,11,39473.0950351313,46.1187214611872,Significant_Damage_And_Serious_Injuries,0,0.602445726649838,0,train
6325,2,0.38168284657664897,82.49,64.767547857794,2,28213.4276195929,77.6712328767123,Minor_Damage_And_Injuries,14,0.37128813559322,3,train
3211,2,0.488682348438616,83.57,61.5770282588879,15,36109.012871701096,31.9634703196347,Significant_Damage_And_Serious_Injuries,0,0.48380165885322796,2,train
7579,2,0.399359325657671,77.92,47.7210574293528,13,29368.1675507863,50.50228310502279,Highly_Fatal_And_Damaging,9,0.351454020915975,2,train
3274,2,0.33562780893799105,87.0,54.922515952598,13,24744.1584157867,29.6803652968037,Significant_Damage_And_Fatalities,15,0.430790479624955,1,train