Accident_ID,Accident_Type_Code,Adverse_Weather_Metric,Cabin_Temperature,Control_Metric,Days_Since_Inspection,Max_Elevation,Safety_Score,Severity,Total_Safety_Complaints,Turbulence_In_gforces,Violations,source
11342,5,0.0253444907773519,85.26,62.853236098450296,16,36656.5473460937,29.4977168949772,Significant_Damage_And_Serious_Injuries,2,0.32152253876667897,3,train
10399,6,0.0067000798171221,77.74,56.0619872379216,12,27903.5708666369,56.027397260274,Highly_Fatal_And_Damaging,18,0.38823728813559294,1,train
3880,7,0.00139529357099632,77.75,54.69462169553329,19,14240.572631078501,20.045662100456603,Significant_Damage_And_Serious_Injuries,8,0.46721312657771297,3,train
6337,2,0.266623438582304,79.89,50.5925250683683,11,20134.1452289941,47.4885844748858,Minor_Damage_And_Injuries,0,0.523469888207717,2,train
9532,4,0.0503896935162612,80.98,67.5934366453965,11,27412.2647189097,36.164383561643795,Highly_Fatal_And_Damaging,1,0.257332131265777,1,train
3565,6,0.00630093883464786,88.62,66.7274384685506,9,23998.3048588661,52.9680365296804,Significant_Damage_And_Serious_Injuries,3,0.31178579156148495,3,train
1113,4,0.0628086341822525,78.13,54.4667274384686,18,34345.363421422,10.867579908675802,Significant_Damage_And_Fatalities,2,0.48416227912008597,4,train
6138,2,0.44294859208894,80.63,64.8131267092069,11,32702.1479935482,58.401826484018294,Minor_Damage_And_Injuries,5,0.45891886043995594,1,train
2925,6,0.0047746180532177605,80.55,62.1239744758432,12,17869.2712881728,30.1826484018265,Highly_Fatal_And_Damaging,6,0.427905517490083,2,train
2017,7,0.0022016488687736603,76.48,48.9516864175023,16,22951.8359276977,50.0,Significant_Damage_And_Serious_Injuries,19,0.431872340425532,3,train
11513,3,0.14794422081512001,78.23,70.1914311759344,13,29683.2963574721,40.7762557077626,Significant_Damage_And_Serious_Injuries,0,0.5461889650198339,4,train
11448,3,0.107173257715093,79.57,44.3938012762078,19,21741.0794070774,30.776255707762605,Highly_Fatal_And_Damaging,2,0.339192931842769,2,train
5193,6,0.007526270122906459,78.43,80.4010938924339,6,28627.913808827,62.6940639269406,Significant_Damage_And_Serious_Injuries,5,0.30854020915975394,1,train
5994,2,0.217882733481642,76.3,49.6809480401094,9,15521.185500598602,64.9315068493151,Highly_Fatal_And_Damaging,15,0.34748719798052696,1,train
1054,1,1.6059823083827098,79.58,72.8350045578852,14,44088.64525621809,36.7579908675799,Significant_Damage_And_Serious_Injuries,10,0.237858636855391,0,train
7303,5,0.0297081807839066,77.9,50.1823154056518,12,44244.629182437806,55.433789954337904,Highly_Fatal_And_Damaging,1,0.5642199783627839,2,train
10207,4,0.0665789502615001,77.97,59.89061075660889,19,35901.480370180696,19.3607305936073,Significant_Damage_And_Serious_Injuries,0,0.523469888207717,1,train
7028,6,0.0116993176601363,80.98,88.6508659981769,10,46306.1920701527,49.5890410958904,Significant_Damage_And_Serious_Injuries,3,0.17330760908763,2,train
4996,6,0.00559553599617865,79.37,44.348222424794905,18,22727.3215190547,48.7214611872146,Significant_Damage_And_Serious_Injuries,19,0.621919221060224,2,train
7031,3,0.12133221349238699,78.68,45.8523245214221,11,24518.0124669493,46.4840182648402,Minor_Damage_And_Injuries,13,0.35578146411828293,4,train
11756,5,0.014990810229226001,83.54,76.4813126709207,20,23270.133087707403,27.945205479452,Minor_Damage_And_Injuries,6,0.26490515686981597,3,train
9431,3,0.165002363929807,78.15,85.5515041020967,15,33146.070029033304,20.1826484018265,Highly_Fatal_And_Damaging,0,0.263823296069239,1,train
1954,6,0.0115170923405015,81.15,48.222424794895204,13,45332.3027606441,39.4520547945205,Minor_Damage_And_Injuries,0,0.49389902632527904,4,train
5384,7,0.00308618231767189,79.39,61.3947128532361,16,32666.809391351202,29.9543378995434,Significant_Damage_And_Serious_Injuries,12,0.44305156869816104,3,train
12135,4,0.0827923767001147,77.2,80.35551504102101,6,45606.553612457996,50.50228310502279,Highly_Fatal_And_Damaging,3,0.293394157951677,3,train
1867,4,0.114134651826475,78.46,64.1294439380128,16,55982.2927170896,19.9086757990868,Highly_Fatal_And_Damaging,0,0.368763793725207,2,train
3505,2,0.5086179913455711,79.85,74.7948951686418,13,37435.5727950293,27.7168949771689,Highly_Fatal_And_Damaging,2,0.36119076812116796,1,train
3184,1,1.2490580969436,84.4,73.60984503190521,11,33963.8106036965,33.8356164383562,Highly_Fatal_And_Damaging,1,0.412398846015146,1,train
3713,2,0.40693396192835896,81.46,73.746581586144,12,29887.8059671659,68.2648401826484,Significant_Damage_And_Fatalities,1,0.351454020915975,0,train
7614,3,0.165002363929807,81.13,74.88605287146758,11,33067.6244116376,47.899543378995396,Significant_Damage_And_Serious_Injuries,0,0.306015867291742,2,train
11071,7,0.0017688824201790802,81.38,79.9453053783045,7,21640.5346612075,81.4611872146119,Significant_Damage_And_Fatalities,3,0.235334294987378,3,train
8924,2,0.209602822932632,76.09,69.91795806745671,13,16200.336430059098,50.136986301369895,Minor_Damage_And_Injuries,12,0.46432816444284203,3,train
4270,1,1.1140409183654498,79.92,43.1631722880583,13,30233.1910796089,27.534246575342497,Significant_Damage_And_Fatalities,1,0.48596538045438104,2,train
11243,4,0.0398611264038201,77.25,59.6171376481313,14,21403.6699174049,25.9817351598173,Highly_Fatal_And_Damaging,3,0.426823656689506,3,train
11075,4,0.0645381425247153,78.06,58.7967183226983,11,34804.2208097873,36.11872146118721,Highly_Fatal_And_Damaging,7,0.41816877028489,3,train
4257,4,0.0486066327281578,81.18,62.07839562443029,16,26227.6377360108,18.538812785388103,Highly_Fatal_And_Damaging,7,0.42538117562207,3,train
5394,2,0.415749786415761,83.34,93.66453965360078,15,30619.787367647,44.337899543379,Minor_Damage_And_Injuries,4,0.22920375045077498,2,train
9998,2,0.27472799847221696,79.84,75.432999088423,18,20313.4761672518,12.191780821917801,Highly_Fatal_And_Damaging,5,0.290509195816805,2,train
7436,2,0.468290903150115,78.02,83.9106654512306,15,34553.5335145431,45.205479452054796,Minor_Damage_And_Injuries,1,0.23136747205192898,1,train
9983,7,0.0031164589957626,77.55,64.17502278942571,7,33393.2531864311,83.6529680365297,Significant_Damage_And_Fatalities,1,0.273199423007573,4,train
8024,5,0.0240574874578318,76.3,56.426618049225205,17,36324.9430018409,51.5525114155251,Significant_Damage_And_Fatalities,1,0.324768121168409,3,train
7320,6,0.0144743650411241,84.33,82.2242479489517,19,56224.4463125981,18.7214611872146,Significant_Damage_And_Serious_Injuries,9,0.371648755860079,2,train
5815,3,0.0639965250235573,78.59,67.2743846855059,15,13375.354862521399,33.7899543378995,Significant_Damage_And_Serious_Injuries,2,0.38751604760187497,2,train
138,7,0.00192218331023255,78.84,56.8368277119417,21,21723.6549068887,25.662100456620998,Highly_Fatal_And_Damaging,10,0.30781896862603697,2,train
7645,3,0.15796767996914401,76.69,72.60711030082041,9,31688.288371221002,52.9680365296804,Significant_Damage_And_Serious_Injuries,1,0.42177497295348,2,train
2564,1,0.8016363012165201,80.02,53.919781221513205,10,21865.1119571099,39.406392694063896,Significant_Damage_And_Fatalities,8,0.5515982690227189,3,train
4440,3,0.155972033378461,77.92,70.7383773928897,17,31286.096848677298,13.7442922374429,Highly_Fatal_And_Damaging,5,0.324046880634692,3,train
10352,3,0.21971121245500502,77.93,48.723792160437604,12,44516.6297345178,55.2511415525114,Highly_Fatal_And_Damaging,8,0.508684457266498,1,train
5432,3,0.209340192839862,79.75,48.1312670920693,5,42042.617934552996,66.57534246575341,Significant_Damage_And_Serious_Injuries,14,0.625164803461954,2,train
11129,5,0.0210757990183275,80.96,70.1458523245214,17,31310.5467247019,38.4474885844749,Minor_Damage_And_Injuries,3,0.37092751532636103,2,train
12185,6,0.00446187925089134,85.9,60.1640838650866,17,16878.4843087957,15.662100456621001,Highly_Fatal_And_Damaging,3,0.28149368914533,2,train
4789,2,0.337996374568915,76.09,75.47857793983592,9,25019.9299511302,53.8356164383562,Significant_Damage_And_Serious_Injuries,3,0.37092751532636103,1,train
9514,4,0.0536168001945233,82.88,77.6663628076573,8,29115.931734689,55.79908675799089,Significant_Damage_And_Serious_Injuries,12,0.334865488640461,3,train
10532,6,0.00709274081165025,76.85,74.7948951686418,16,29135.867142979703,29.634703196346997,Significant_Damage_And_Serious_Injuries,0,0.384631085467003,2,train
7793,1,0.8265755756018192,78.67,73.9744758432088,11,22336.4072040184,57.671232876712295,Minor_Damage_And_Injuries,4,0.23280995311936498,2,train
10804,3,0.10473844248183198,79.17,67.9124886052872,12,20822.309435099898,43.6529680365297,Significant_Damage_And_Serious_Injuries,10,0.309261449693473,2,train
12124,7,0.00469611599491054,82.15,77.3473108477666,8,51867.8412800447,45.15981735159821,Highly_Fatal_And_Damaging,20,0.24579228272628895,3,train
9422,1,0.518572471316774,81.26,71.0118505013674,15,13658.8165000358,22.1917808219178,Highly_Fatal_And_Damaging,4,0.334865488640461,2,train
11459,3,0.149678160752922,79.88,88.4685505925251,11,30107.346641430602,68.63013698630141,Significant_Damage_And_Fatalities,4,0.18520807789397797,2,train
4404,2,0.39343991378378207,78.18,76.9371011850502,11,29288.448104915497,59.4063926940639,Minor_Damage_And_Injuries,16,0.428266137756942,1,train
9806,7,0.00142941827528228,79.23,80.35551504102101,15,5513.586528008571,55.79908675799089,Significant_Damage_And_Fatalities,5,0.24651352326000697,3,train
10620,2,0.503944598786528,83.74,69.3254329990884,15,37349.2494569828,45.0684931506849,Minor_Damage_And_Injuries,0,0.298803461954562,3,train
94,4,0.0640529720617364,79.79,73.0173199635369,6,34982.9927274348,62.1917808219178,Significant_Damage_And_Serious_Injuries,1,0.35217526144969297,2,train
5799,2,0.37781960523515,79.46,47.2196900638104,15,27716.3461658188,22.8310502283105,Significant_Damage_And_Fatalities,2,0.438724125495853,1,train
7819,3,0.0984961040817364,81.02,73.9744758432088,13,19754.5812375961,41.689497716895,Significant_Damage_And_Serious_Injuries,2,0.4145625676163,3,train
9037,6,0.00847670132384697,78.08,79.2160437556974,14,34929.7404234047,37.3059360730594,Significant_Damage_And_Serious_Injuries,7,0.224876307248467,2,train
7187,3,0.219973373513227,79.07,69.4165907019143,13,44552.868826659294,39.4520547945205,Significant_Damage_And_Serious_Injuries,21,0.462885683375405,4,train
7343,1,1.09257988690076,81.62,80.6745670009116,9,29328.145781901298,53.7899543378995,Highly_Fatal_And_Damaging,2,0.219827623512441,3,train
8910,3,0.17531953312287804,76.16,74.3391066545123,16,35317.9119389435,29.3150684931507,Significant_Damage_And_Serious_Injuries,5,0.23280995311936498,3,train
1065,2,0.5561581623382199,82.31,66.1804922515953,18,41053.1448653431,35.388127853881294,Minor_Damage_And_Injuries,1,0.43042985935809597,1,train
7047,6,0.00525582108950875,79.72,58.1130355515041,16,20387.356197873898,31.506849315068497,Significant_Damage_And_Serious_Injuries,5,0.330538045438154,4,train
5164,5,0.0257192489346566,82.14,61.3947128532361,11,39675.1874961908,47.1232876712329,Significant_Damage_And_Serious_Injuries,7,0.330898665705012,2,train
10574,2,0.37287291532882705,77.69,48.0856882406563,14,27506.848931160697,48.4474885844749,Highly_Fatal_And_Damaging,3,0.44196970789758294,3,train
500,4,0.0666840699604456,82.81,60.665451230628996,10,36221.8583930304,39.3607305936073,Highly_Fatal_And_Damaging,1,0.39508907320591397,2,train
6200,2,0.169198630884806,77.1,65.1321786690975,6,10487.611301737299,76.1187214611872,Minor_Damage_And_Injuries,11,0.35614208438514205,3,train
2899,7,0.00405282678592106,78.87,45.3965360072927,8,42042.617934552996,79.6803652968037,Significant_Damage_And_Serious_Injuries,22,0.7178442120447159,3,train
10367,1,1.1722142956384698,79.99,46.9462169553327,12,31864.0881889396,66.25570776255711,Significant_Damage_And_Serious_Injuries,14,0.566023079697079,3,train
7961,1,1.29520155662408,81.73,85.18687329079309,9,35115.528480131805,42.6940639269406,Highly_Fatal_And_Damaging,10,0.281854309412189,3,train
2392,1,1.2581610297204,88.01,38.9243391066545,19,33952.9192761142,19.5433789954338,Minor_Damage_And_Injuries,0,0.612543094121889,2,train
8474,4,0.0577073115841411,83.01,54.557885141294406,18,31450.5945994523,45.5707762557078,Significant_Damage_And_Fatalities,0,0.36948503425892504,2,train
12298,3,0.15464832621369598,79.2,54.1932543299909,18,31061.946662743598,33.7442922374429,Minor_Damage_And_Injuries,6,0.592348359177785,4,train
6748,4,0.0504060151108843,81.32,54.4667274384686,15,27318.358428249103,22.7397260273973,Significant_Damage_And_Fatalities,2,0.35758456545257894,3,train
8813,4,0.0556296473123615,76.92,72.3792160437557,14,30163.1094343542,35.5251141552511,Significant_Damage_And_Serious_Injuries,8,0.363715109989181,2,train
5976,4,0.0476631666833656,79.09,48.31358249772101,15,26548.8926588994,20.1826484018265,Significant_Damage_And_Fatalities,3,0.460000721240533,1,train
11255,2,0.5125290058178561,82.99,58.4776663628077,14,37854.0579003469,48.9954337899543,Minor_Damage_And_Injuries,3,0.387876667868734,2,train
9011,2,0.44081507457891206,79.54,82.1786690975388,13,32572.073153178702,52.55707762557079,Minor_Damage_And_Injuries,2,0.268871979805265,2,train
2598,5,0.0257876732003757,81.66,56.7000911577028,18,38272.3004557261,33.607305936073104,Highly_Fatal_And_Damaging,12,0.605691309051569,2,train
3693,4,0.0548654683705585,81.91,73.0173199635369,15,29660.963488358902,22.7397260273973,Highly_Fatal_And_Damaging,7,0.265987017670393,1,train
4973,7,0.00332582050992828,88.11,67.31996353691889,14,34480.663199033,49.4520547945205,Minor_Damage_And_Injuries,14,0.192059862964299,2,train
1743,7,0.00248377555471595,77.27,69.5077484047402,13,27295.816524348,61.872146118721396,Significant_Damage_And_Fatalities,13,0.246874143526866,3,train
10096,1,1.30792861200427,78.72,59.161349134001796,16,35522.814116210895,16.5296803652968,Highly_Fatal_And_Damaging,4,0.38282798413270797,4,train
9312,4,0.0563295397232032,77.48,52.643573381950794,9,30820.2088729057,39.5433789954338,Significant_Damage_And_Fatalities,2,0.45603389830508395,4,train
4424,4,0.0667669966668297,79.62,69.5989061075661,13,36389.9128217396,50.136986301369895,Minor_Damage_And_Injuries,12,0.303852145690588,1,train
10668,4,0.0412718889170117,88.18,38.331814038286204,9,22647.260904156097,39.5433789954338,Significant_Damage_And_Fatalities,1,0.671324197619906,1,train
6902,5,0.0242272154503316,80.13,67.7301731996354,9,36375.775497974304,63.6529680365297,Minor_Damage_And_Injuries,12,0.374533717994951,2,train
7880,1,0.691708668521294,76.93,53.5095715587967,14,18799.489572745802,23.4703196347032,Significant_Damage_And_Fatalities,6,0.264544536602957,2,train
8992,4,0.0383477654432181,76.07,62.0328167730173,14,21212.0283049257,24.8401826484018,Highly_Fatal_And_Damaging,21,0.527797331410025,3,train
11785,7,0.00135806999799443,79.17,64.4484958979034,13,16545.0718234845,61.7808219178082,Significant_Damage_And_Fatalities,13,0.32080129823296005,3,train
8068,6,0.00592959349399768,76.56,63.2634457611668,15,24411.8291325658,32.3744292237443,Significant_Damage_And_Serious_Injuries,6,0.448460872701046,2,train
6108,7,0.00321479368160568,77.61,60.1640838650866,13,35509.2285154196,64.4292237442922,Significant_Damage_And_Fatalities,10,0.5425827623512439,2,train
259,3,0.155473833405764,78.05,77.4384685505925,8,31378.0428279788,57.1232876712329,Significant_Damage_And_Serious_Injuries,10,0.41420194734944105,2,train
2464,2,0.309756512735612,78.29,65.9070191431176,13,23123.3779300365,40.6392694063927,Significant_Damage_And_Serious_Injuries,8,0.30998269022719105,0,train
8488,4,0.0556587239915045,83.94,53.6918869644485,16,30195.7392180597,53.74429223744289,Significant_Damage_And_Fatalities,4,0.5515982690227189,1,train
6937,4,0.0811200932683146,82.97,82.1786690975388,16,45084.691639685305,16.4840182648402,Highly_Fatal_And_Damaging,1,0.14481860800577,3,train
4437,3,0.257153813877754,82.69,56.7000911577028,18,52378.4156155552,33.515981735159805,Highly_Fatal_And_Damaging,12,0.605691309051569,3,train
12008,1,1.6291705654114101,79.63,73.1084776663628,12,43611.8162404295,32.739726027397296,Highly_Fatal_And_Damaging,16,0.29014857554994605,0,train
747,2,0.558462255265561,83.12,59.161349134001796,12,41368.5261033648,54.109589041095894,Minor_Damage_And_Injuries,1,0.355060223584565,3,train
6926,3,0.101502669686354,80.71,58.20419325433001,5,20292.7058221986,66.57534246575341,Significant_Damage_And_Serious_Injuries,4,0.30745834835917796,1,train
6465,2,0.674011436218172,77.25,39.8359161349134,12,49762.797061373894,56.52968036529679,Highly_Fatal_And_Damaging,0,0.48632600072124,1,train
4396,6,0.0073302481648599,81.85,70.1458523245214,15,28793.168694031498,33.7442922374429,Significant_Damage_And_Serious_Injuries,16,0.29988532275513896,3,train
5012,6,0.00576194429255706,82.75,77.93983591613491,14,22637.524668244903,37.077625570776206,Significant_Damage_And_Serious_Injuries,16,0.298082221420844,1,train
4412,4,0.0338942196143558,88.39,56.563354603464,20,18640.0725275241,28.721461187214604,Highly_Fatal_And_Damaging,5,0.35109340064911604,2,train
5897,4,0.0261055313866679,77.75,49.8176845943483,15,14515.7951542876,43.6529680365297,Highly_Fatal_And_Damaging,7,0.40843202307969706,2,train
43,1,1.00658436939197,83.01,85.5970829535096,12,27037.416414391002,31.1415525114155,Highly_Fatal_And_Damaging,5,0.296639740353408,4,train
5574,4,0.0665314538675571,77.74,50.6836827711942,13,36010.8964759583,28.9041095890411,Significant_Damage_And_Fatalities,6,0.481277316985214,3,train
3999,3,0.16754135401837303,78.28,64.6308113035552,6,33773.403138581496,64.2465753424657,Significant_Damage_And_Serious_Injuries,4,0.35686332491885997,3,train
7787,4,0.0682294487333802,75.9,54.056517775752106,9,37524.2542206559,40.6392694063927,Significant_Damage_And_Fatalities,6,0.5519588892895779,2,train
2084,3,0.0841518390163713,77.52,69.5533272561531,15,16902.3486971747,33.698630136986296,Significant_Damage_And_Serious_Injuries,6,0.309261449693473,1,train
3223,4,0.036900366110634006,78.92,79.9453053783045,15,20146.9172518634,22.0547945205479,Highly_Fatal_And_Damaging,19,0.26815073927154703,2,train
471,5,0.0252195650776522,80.14,71.6955332725615,17,37047.5511597612,38.1735159817352,Minor_Damage_And_Injuries,0,0.36768193292463,2,train
12395,6,0.007077647836384609,77.29,74.9316317228806,12,30077.4161879637,30.410958904109602,Highly_Fatal_And_Damaging,6,0.22740064911648,2,train
9982,6,0.00715823864903642,84.19,64.0838650865998,9,30147.9054384671,51.41552511415521,Significant_Damage_And_Serious_Injuries,16,0.445215290299315,3,train
8501,6,0.00914221605107202,83.38,76.0711030082042,12,34032.0959991224,42.5114155251142,Significant_Damage_And_Serious_Injuries,4,0.293033537684818,1,train
12038,3,0.11925273727862598,88.11,63.90154968094811,21,24144.0115271371,0.0,Highly_Fatal_And_Damaging,14,0.322604399567255,2,train
6626,7,0.00230766799205518,83.43,52.82588878760261,17,24506.969736081202,38.4474885844749,Highly_Fatal_And_Damaging,23,0.24795600432744297,1,train
5009,3,0.125490502216026,80.9,64.9954421148587,14,25272.1248912302,35.296803652968,Significant_Damage_And_Serious_Injuries,2,0.50796321673278,0,train
10516,1,0.7905536062755699,77.3,56.79124886052871,12,21723.6549068887,53.7899543378995,Highly_Fatal_And_Damaging,10,0.27969058781103495,3,train
312,7,0.000763558904105058,80.45,74.7948951686418,15,16008.613269874399,57.1689497716895,Significant_Damage_And_Fatalities,2,0.224876307248467,3,train
4581,4,0.0602230539580057,77.67,50.86599817684589,11,32749.9779320715,34.0182648401826,Significant_Damage_And_Fatalities,1,0.481277316985214,0,train
933,3,0.161857417023106,82.52,61.6226071103008,9,32509.9312590937,51.7808219178082,Significant_Damage_And_Serious_Injuries,11,0.37128813559322,1,train
9406,6,0.00492049195200934,79.86,69.91795806745671,11,19100.8703857173,47.1232876712329,Significant_Damage_And_Serious_Injuries,7,0.316834475297511,3,train
12316,5,0.0330801193794526,77.62,50.820419325432994,17,49350.3336170917,35.4337899543379,Highly_Fatal_And_Damaging,8,0.438002884962135,1,train
7440,2,0.494990146588943,79.97,51.0938924339107,14,36091.5527721269,36.2100456621005,Minor_Damage_And_Injuries,3,0.377418680129823,1,train
9458,5,0.0331635429635031,83.82,90.154968094804,12,48141.3485544039,43.3333333333333,Significant_Damage_And_Serious_Injuries,1,0.298803461954562,1,train
7680,2,0.27763754271505103,84.96,72.0145852324522,13,20228.1228705605,50.4109589041096,Minor_Damage_And_Injuries,1,0.334865488640461,1,train
5959,3,0.0898133583444885,81.37,70.1002734731085,13,18673.766897687,38.0821917808219,Significant_Damage_And_Serious_Injuries,13,0.354699603317706,2,train
8445,1,1.0008814089997902,81.72,66.9097538742024,13,27087.6233599448,29.223744292237395,Highly_Fatal_And_Damaging,11,0.35542084385142403,2,train
12475,2,0.292872788776625,78.76,81.0391978122151,16,22102.038543134102,42.0091324200913,Minor_Damage_And_Injuries,13,0.23425243418680103,3,train
8245,7,0.0030450705351902398,78.37,39.8814949863264,4,32364.3522171259,77.3059360730594,Significant_Damage_And_Serious_Injuries,1,0.5029145329967539,3,train
7357,4,0.0502229972557038,81.76,66.22607110300821,12,27511.8404672498,32.2374429223744,Highly_Fatal_And_Damaging,4,0.463967544175982,3,train
1438,3,0.145447149829291,81.04,80.4466727438469,9,29216.4159909021,52.9223744292237,Significant_Damage_And_Serious_Injuries,0,0.262380815001803,1,train
5150,3,0.186096296078123,79.89,68.4138559708295,8,37489.8125581997,56.894977168949794,Significant_Damage_And_Serious_Injuries,10,0.39797403534078596,0,train
6871,4,0.0356172029643824,78.61,45.442114858705594,8,19721.1573415103,68.310502283105,Minor_Damage_And_Injuries,12,0.584054093040028,3,train
345,4,0.0497094031861019,78.31,55.6061987237922,13,27139.3034261052,27.671232876712303,Highly_Fatal_And_Damaging,1,0.47911359538406,2,train
9331,6,0.0112156858335881,89.19,73.6554238833182,15,48169.6410596784,23.013698630137,Highly_Fatal_And_Damaging,15,0.388958528669311,2,train
1395,2,0.48844605168649396,81.72,49.863263445761206,16,36091.5527721269,27.762557077625605,Minor_Damage_And_Injuries,3,0.36046952758745,1,train
12451,4,0.0579346201443487,84.51,37.8304466727438,15,30889.1456903206,34.2465753424658,Minor_Damage_And_Injuries,5,0.605691309051569,2,train
7422,2,0.633815557320407,77.83,57.520510483135794,12,47090.2569775878,31.1415525114155,Highly_Fatal_And_Damaging,8,0.47839235485034204,1,train
6191,1,1.24852838980663,78.47,80.0364630811304,12,34183.351199220895,67.53424657534251,Significant_Damage_And_Fatalities,8,0.34965091958168,3,train
9628,7,0.00224682397687893,83.58,56.7000911577028,8,27551.103527028703,68.2191780821918,Significant_Damage_And_Serious_Injuries,2,0.46937684817886705,2,train
1930,7,0.0042445268454015,80.17,51.276207839562396,12,42768.509481535,65.4337899543379,Significant_Damage_And_Serious_Injuries,1,0.5981182834475289,0,train
12175,1,1.0588500687495601,79.99,72.4247948951687,14,28770.8750092367,37.5799086757991,Significant_Damage_And_Serious_Injuries,6,0.29483663901911306,3,train
7825,1,0.8156888820568229,87.11,59.3892433910666,20,21997.4295032142,4.93150684931507,Highly_Fatal_And_Damaging,2,0.267429498737829,0,train
385,3,0.11275407269800698,80.67,66.6362807657247,17,22804.7544864591,25.251141552511395,Significant_Damage_And_Serious_Injuries,9,0.36623945185719403,3,train
1014,2,0.488682348438616,82.59,82.2242479489517,16,36366.1530073838,29.0867579908676,Significant_Damage_And_Serious_Injuries,3,0.28762423368193296,1,train
1319,4,0.0583398233039638,76.99,54.2844120328168,12,31988.1959886504,32.4200913242009,Significant_Damage_And_Fatalities,8,0.59090587811035,0,train
7461,3,0.17142642739135902,76.77,75.25068368277121,16,34283.774615736096,17.077625570776302,Highly_Fatal_And_Damaging,6,0.330538045438154,1,train
455,4,0.0592496949826449,77.2,69.5533272561531,11,32150.910882931003,33.972602739726,Highly_Fatal_And_Damaging,4,0.324046880634692,2,train
3953,6,0.007365800583689859,80.76,61.2579762989973,17,30323.341797741698,27.579908675799103,Significant_Damage_And_Serious_Injuries,0,0.47117994951316206,2,train
6008,3,0.16814086887043497,83.51,67.4111212397448,8,33784.9537224768,46.027397260274,Highly_Fatal_And_Damaging,8,0.31034331049404995,3,train
1492,2,0.278446237781689,83.31,55.9708295350957,11,20574.5487150508,56.4383561643835,Highly_Fatal_And_Damaging,0,0.45639451857194396,1,train
6194,1,0.7547249211947241,81.86,63.947128532361,15,20584.3239850503,20.4566210045662,Highly_Fatal_And_Damaging,8,0.199632888568337,2,train
1762,2,0.40879598372177295,81.69,68.91522333637201,11,30479.980245267798,58.082191780821894,Minor_Damage_And_Injuries,5,0.199632888568337,2,train
1029,1,0.9051847038624209,88.47,74.88605287146758,11,24312.5763266109,57.899543378995396,Minor_Damage_And_Injuries,1,0.33450486837360305,0,train
1042,4,0.0684797739185114,77.91,52.5979945305378,8,37446.250967139,44.794520547945204,Significant_Damage_And_Fatalities,6,0.392564731337901,1,train
971,7,0.00469611599491054,74.86,79.2160437556974,11,48882.9969470896,35.1598173515982,Highly_Fatal_And_Damaging,2,0.317555715831229,4,train
10831,4,0.0673826594005745,81.3,63.3546034639927,5,36722.333573037096,53.7899543378995,Highly_Fatal_And_Damaging,5,0.30168842408943397,3,train
7799,3,0.192732679814333,84.62,73.3819507748405,7,38792.5776652525,82.23744292237441,Significant_Damage_And_Fatalities,3,0.29519725928597196,2,train
10462,2,0.40693396192835896,77.69,57.06472196900639,15,29894.4259492026,46.6666666666667,Highly_Fatal_And_Damaging,4,0.308900829426614,2,train
8802,3,0.20409022088832396,81.78,48.8149498632635,13,40797.9602108571,28.538812785388103,Significant_Damage_And_Fatalities,0,0.438002884962135,3,train
5939,1,0.306645190585444,77.3,62.57976298997271,8,8335.48049352774,44.703196347032005,Highly_Fatal_And_Damaging,0,0.409513883880274,3,train
143,7,0.00317375662311287,76.19,70.4193254329991,14,36343.4164886713,60.5479452054795,Significant_Damage_And_Fatalities,3,0.368042553191489,2,train
9379,3,0.176919345779094,82.46,72.69826800364629,14,35684.882769847594,36.027397260274,Significant_Damage_And_Serious_Injuries,25,0.233531193653083,1,train
8400,1,0.518572471316774,79.81,51.9143117593437,17,13860.578316269799,15.8904109589041,Significant_Damage_And_Fatalities,0,0.49353840605842003,2,train
1248,2,0.537374915697402,90.65,60.6198723792161,8,39765.5148626154,56.894977168949794,Significant_Damage_And_Serious_Injuries,21,0.371648755860079,1,train
9908,7,0.00400045874080407,84.4,72.6526891522334,8,41870.0262217125,66.57534246575341,Minor_Damage_And_Injuries,1,0.46721312657771297,3,train
4017,7,0.00387886876565629,80.54,70.0091157702826,23,47182.814607408094,31.735159817351605,Significant_Damage_And_Fatalities,17,0.19819040750090197,2,train
4200,7,0.0037845533395528,76.81,45.897903372834996,13,42042.617934552996,62.511415525114096,Significant_Damage_And_Serious_Injuries,22,0.804753696357736,4,train
9074,6,0.00309338983224626,80.53,82.1786690975388,13,14519.2418896442,40.7762557077626,Significant_Damage_And_Serious_Injuries,2,0.17655319148936105,3,train
8696,1,0.7733835045330658,80.35,72.6526891522334,13,21079.1691091078,64.6575342465753,Significant_Damage_And_Fatalities,19,0.388958528669311,2,train
11862,3,0.112198793945968,79.55,59.024612579763,9,22475.1258704004,54.0639269406393,Highly_Fatal_And_Damaging,1,0.34532347637937205,2,train
7912,4,0.0679782706767918,87.34,49.2251595259799,8,37436.7322135348,77.76255707762559,Significant_Damage_And_Serious_Injuries,1,0.541140281283808,4,train
8597,7,0.0024140516354806602,79.89,64.4484958979034,13,27787.3464350781,63.1963470319635,Significant_Damage_And_Fatalities,16,0.339192931842769,3,train