Accident_ID,Accident_Type_Code,Adverse_Weather_Metric,Cabin_Temperature,Control_Metric,Days_Since_Inspection,Max_Elevation,Safety_Score,Severity,Total_Safety_Complaints,Turbulence_In_gforces,Violations,source
12274,7,0.0028863577583363802,78.28,52.415679124886104,10,30305.5164786489,61.5525114155251,Significant_Damage_And_Serious_Injuries,2,0.47226181031373904,1,train
8340,2,0.519355070097568,77.92,48.9061075660894,14,38375.4374821499,47.8082191780822,Highly_Fatal_And_Damaging,1,0.556286332491886,3,train
5036,3,0.198958190239315,82.45,84.5487693710119,11,39961.8207622236,48.7214611872146,Significant_Damage_And_Serious_Injuries,1,0.20143598990263198,1,train
2725,2,0.34328652141065796,83.6,78.7602552415679,12,25265.936551665,55.1141552511415,Minor_Damage_And_Injuries,2,0.335586729174179,3,train
11600,4,0.0484619583526901,77.79,74.1567912488605,19,26198.215840415898,6.347031963470321,Highly_Fatal_And_Damaging,6,0.221270104579877,2,train
2244,6,0.00503019856519494,83.45,57.611668185961705,12,20265.0426177619,43.01369863013699,Significant_Damage_And_Serious_Injuries,0,0.4686556076451501,3,train
3506,6,0.0056956973289719205,78.7,73.70100273473109,11,21036.148726241398,37.1232876712329,Highly_Fatal_And_Damaging,0,0.29159105661738105,3,train
3804,4,0.0571970099697241,80.72,61.2579762989973,10,31639.1855021958,61.324200913241995,Minor_Damage_And_Injuries,1,0.395449693472773,3,train
11527,1,1.21102426293125,84.32,78.3044667274385,13,32806.2895663649,29.3607305936073,Highly_Fatal_And_Damaging,13,0.243989181391994,1,train
11325,2,0.394504816380126,81.78,81.3582497721058,10,29150.1821953109,60.0913242009132,Minor_Damage_And_Injuries,7,0.365157591056617,3,train
10007,2,0.45324629318165505,80.27,86.9644484958979,13,33570.2963672233,27.2602739726027,Highly_Fatal_And_Damaging,9,0.21441831950955603,3,train
2085,2,0.321668685211402,78.39,0.0,13,23758.6115451918,51.0502283105023,Highly_Fatal_And_Damaging,10,0.606412549585286,2,train
7628,2,0.8365817969425409,74.82,54.557885141294406,15,61815.498289526506,19.6803652968037,Highly_Fatal_And_Damaging,3,0.3352261089073211,0,train
10661,1,0.887893341795068,79.31,73.2907930720146,8,24609.0335512452,54.5205479452055,Significant_Damage_And_Serious_Injuries,5,0.244349801658853,3,train
12370,7,0.0041686620510037395,77.08,53.463992707383795,13,42110.1776481671,64.0182648401826,Significant_Damage_And_Serious_Injuries,2,0.392564731337901,4,train
7249,6,0.00303189200401893,83.7,95.4876937101185,15,14287.475458532701,32.8767123287671,Significant_Damage_And_Serious_Injuries,4,0.17294698882077197,2,train
6635,1,1.13694765500617,76.42,74.61257976299,12,30726.5644703725,30.9132420091324,Highly_Fatal_And_Damaging,3,0.20143598990263198,3,train
2231,4,0.0732355607136367,78.52,70.7839562443026,15,39792.6226383172,22.2831050228311,Highly_Fatal_And_Damaging,7,0.37958240173097707,4,train
7039,6,0.009724337338354521,82.75,75.2962625341842,14,41468.3975005761,34.474885844748805,Significant_Damage_And_Serious_Injuries,17,0.322604399567255,2,train
11716,4,0.0528451340525014,77.16,48.31358249772101,12,29502.763421053198,32.1461187214612,Significant_Damage_And_Fatalities,1,0.51156941940137,1,train
10274,1,1.1722142956384698,79.83,80.35551504102101,12,31922.100323079703,31.8264840182648,Highly_Fatal_And_Damaging,2,0.22920375045077498,2,train
4201,4,0.0580288359949266,80.44,53.8742023701003,11,31239.8537935055,36.2557077625571,Significant_Damage_And_Fatalities,10,0.41636566895059496,3,train
4051,2,0.59741302238325,76.27,70.464904284412,8,44265.543775561506,69.5433789954338,Minor_Damage_And_Injuries,2,0.330538045438154,0,train
10099,6,0.00526925718600814,77.1,62.2607110300821,13,20637.7837001384,41.324200913242,Significant_Damage_And_Serious_Injuries,6,0.4372816444284171,2,train
2425,1,0.859867417828303,80.35,67.9580674567001,5,23295.8406121284,55.8447488584475,Highly_Fatal_And_Damaging,7,0.399055896141363,2,train
8662,1,1.3901185803260703,80.71,67.0920692798541,13,38032.8138917158,27.4885844748858,Highly_Fatal_And_Damaging,0,0.58729967544176,1,train
11802,6,0.0035568774101538,81.45,45.1686417502279,15,12866.6100544267,22.328767123287697,Significant_Damage_And_Fatalities,4,0.47839235485034204,1,train
3939,1,1.1897385093264299,81.39,49.13400182315411,16,32337.3176953635,29.4977168949772,Minor_Damage_And_Injuries,2,0.431151099891814,1,train
2856,6,0.00427834417018891,81.23,80.4466727438469,18,19201.5021304644,23.6529680365297,Significant_Damage_And_Serious_Injuries,7,0.346765957446808,1,train
9438,2,0.431251474752445,80.14,53.00820419325439,16,32008.2193613858,39.726027397260296,Highly_Fatal_And_Damaging,7,0.311064551027768,2,train
6100,3,0.107908405084565,81.26,56.608933454877004,11,21723.6549068887,68.9954337899543,Highly_Fatal_And_Damaging,1,0.231728092318788,4,train
8521,2,0.395213777481635,77.36,52.9170464904284,8,29202.567728820897,44.5205479452055,Significant_Damage_And_Fatalities,3,0.410235124413992,3,train
7193,3,0.0594495856748826,85.77,69.5533272561531,16,11940.768481410601,17.442922374429198,Highly_Fatal_And_Damaging,4,0.247234763793725,2,train
5208,3,0.166023869314956,80.64,76.8003646308113,14,33358.804600930496,25.296803652968002,Highly_Fatal_And_Damaging,3,0.22956437071763397,1,train
11656,4,0.0845834601765373,76.63,67.50227894257071,17,46674.0869460328,15.4794520547945,Highly_Fatal_And_Damaging,4,0.23136747205192898,1,train
3267,6,0.00810038539197636,76.22,63.217866909753894,15,31721.4461489696,31.8721461187215,Significant_Damage_And_Serious_Injuries,6,0.448460872701046,1,train
7521,6,0.0114943524785138,77.9,51.777575205104796,12,47882.5666610854,44.4292237442922,Minor_Damage_And_Injuries,20,0.510848178867652,2,train
11871,5,0.0324373855024073,85.61,55.9708295350957,11,49270.6706051278,56.6666666666667,Highly_Fatal_And_Damaging,1,0.3352261089073211,3,train
8690,3,0.167165430554854,81.26,60.847766636280795,7,33640.8300414984,72.9680365296803,Minor_Damage_And_Injuries,0,0.46108258204110997,2,train
6437,7,0.00321479368160568,84.92,75.7976298997265,10,34239.8497938214,72.00913242009129,Significant_Damage_And_Fatalities,7,0.28726361341507395,3,train
3038,3,0.12433664971354302,80.55,79.8997265268915,11,24906.0402387375,47.899543378995396,Significant_Damage_And_Serious_Injuries,9,0.29555787955283,2,train
3653,7,0.00357842530993307,83.6,55.241567912488605,10,37713.772281611,49.5890410958904,Minor_Damage_And_Injuries,8,0.26490515686981597,2,train
11345,7,0.00318557811251554,78.15,48.31358249772101,13,33950.8827492174,52.739726027397204,Minor_Damage_And_Injuries,3,0.414923187883159,3,train
9942,6,0.0027925418240612302,78.85,64.8131267092069,16,10313.8777973577,55.0228310502283,Significant_Damage_And_Fatalities,34,0.5515982690227189,3,train
4297,4,0.0521361149070095,78.9,47.7666362807658,18,28451.0147010119,11.826484018264802,Significant_Damage_And_Fatalities,9,0.510126938333934,2,train
7001,4,0.0697843616372638,79.37,74.29352780309941,9,37862.9199927159,40.6392694063927,Highly_Fatal_And_Damaging,13,0.33883231157591,0,train
5138,7,0.00223621061938481,78.91,70.0091157702826,8,22921.0773301534,79.4063926940639,Significant_Damage_And_Fatalities,0,0.48163793725207393,1,train
8267,7,0.00232829982073789,83.32,63.3546034639927,15,25648.667608574702,45.9817351598173,Minor_Damage_And_Injuries,3,0.59415146051208,2,train
5407,3,0.12462921045016499,83.76,62.2607110300821,10,24973.6836872682,51.1872146118721,Significant_Damage_And_Serious_Injuries,0,0.525272989542012,3,train
2500,3,0.113705263493203,78.9,38.787602552415706,11,22727.3215190547,46.4383561643836,Minor_Damage_And_Injuries,13,0.635622791200865,2,train
11430,1,1.44569257769582,81.53,68.7329079307201,9,38968.236520877996,40.821917808219204,Highly_Fatal_And_Damaging,2,0.25084096646231496,2,train
12283,4,0.0444837660915728,78.99,51.0483135824977,14,24188.3948414421,25.570776255707802,Significant_Damage_And_Fatalities,2,0.6284103858636851,1,train
5844,7,0.00165483628932035,76.87,87.23792160437559,8,19262.1840059827,80.958904109589,Significant_Damage_And_Fatalities,12,0.264544536602957,3,train
7938,2,0.650803040016768,80.44,69.37101185050139,11,48088.2017203851,59.04109589041099,Minor_Damage_And_Injuries,2,0.29447601875225393,0,train
5060,7,0.00383708389771657,79.51,64.9954421148587,13,46371.5275238705,28.2191780821918,Highly_Fatal_And_Damaging,0,0.42285683375405697,2,train
10475,4,0.0560106003796652,78.36,66.5451230628988,15,30605.4321457317,22.9680365296804,Highly_Fatal_And_Damaging,0,0.306737107825459,2,train
8151,5,0.0173519118509636,82.86,48.9061075660894,9,25644.4684192504,72.46575342465749,Significant_Damage_And_Serious_Injuries,2,0.662308690948431,2,train
10459,2,0.273440189207303,83.71,55.5150410209663,12,20204.6489775497,55.662100456621,Highly_Fatal_And_Damaging,21,0.5681868012982328,0,train
6880,2,0.442575446115247,76.56,77.7575205104832,12,32690.625773518397,65.4337899543379,Minor_Damage_And_Injuries,12,0.308179588892896,1,train
1829,1,1.6059823083827098,84.29,62.2607110300821,18,43422.952324570295,33.7442922374429,Minor_Damage_And_Injuries,10,0.375254958528669,1,train
2573,3,0.202363110539689,78.75,66.04375569735639,15,40491.8862409923,33.698630136986296,Significant_Damage_And_Serious_Injuries,7,0.354699603317706,1,train
6585,1,1.10726459904649,81.39,52.461257976299,16,30063.405073106802,28.675799086757998,Minor_Damage_And_Injuries,11,0.32368626036783194,2,train
12056,1,1.1896234362753701,79.66,59.3892433910666,19,32337.3176953635,30.7305936073059,Minor_Damage_And_Injuries,2,0.42718427695636496,1,train
6903,3,0.16352633269592198,78.52,82.0875113947128,9,32746.1554861564,52.3744292237443,Significant_Damage_And_Serious_Injuries,19,0.462885683375405,1,train
8930,3,0.185836721640805,77.7,71.19416590701921,10,37477.5074617678,51.2785388127854,Significant_Damage_And_Serious_Injuries,9,0.42429931482149297,2,train
10708,6,0.00967149012379955,78.34,54.7402005469462,9,39274.1367282181,52.9223744292237,Minor_Damage_And_Injuries,5,0.5003901911287411,2,train
1643,4,0.0575081967404916,77.02,66.5451230628988,10,31387.7303250155,60.0913242009132,Minor_Damage_And_Injuries,5,0.41095636494771004,2,train
7502,4,0.0592112001916615,88.04,60.7110300820419,15,31864.7898725408,20.2739726027397,Highly_Fatal_And_Damaging,5,0.36083014785430895,2,train
11510,3,0.17415341436218398,83.34,73.0173199635369,11,35121.5544506946,47.9908675799087,Significant_Damage_And_Serious_Injuries,0,0.22343382618103103,3,train
7088,6,0.00623447084626441,84.82,56.9279854147676,17,24122.306625314,27.1232876712329,Minor_Damage_And_Injuries,3,0.35614208438514205,1,train
9754,7,0.0026681802404638104,78.25,55.0592525068368,6,31318.3160971791,91.2328767123288,Significant_Damage_And_Serious_Injuries,3,0.508684457266498,1,train
5695,2,0.384621350729976,78.37,59.480401093892496,11,28436.741416448,45.433789954337904,Significant_Damage_And_Serious_Injuries,3,0.514093761269383,0,train
1487,7,0.0027759536961866602,79.6,55.6061987237922,16,29538.27364245,40.684931506849296,Highly_Fatal_And_Damaging,9,0.43331482149296796,2,train
2884,3,0.12443500146802301,83.9,59.2980856882407,17,24897.4411607909,12.9680365296804,Highly_Fatal_And_Damaging,6,0.33811107104219196,0,train
2350,7,0.00311549295347341,83.94,76.5724703737466,17,32213.696003509904,27.8538812785388,Significant_Damage_And_Serious_Injuries,6,0.233531193653083,3,train
9009,2,0.41527188517091995,75.99,70.82953509571558,14,30684.6725583661,47.899543378995396,Minor_Damage_And_Injuries,29,0.339914172376487,2,train
2898,2,0.516512802350989,78.31,63.5824977210575,10,38165.4207238734,63.6529680365297,Minor_Damage_And_Injuries,1,0.482359177785791,1,train
6295,4,0.0652770328532724,75.95,63.3546034639927,11,35490.4760411693,35.4337899543379,Highly_Fatal_And_Damaging,6,0.32116191849982,2,train
278,2,0.413267080126156,78.31,72.24247948951691,15,30465.089991741603,45.205479452054796,Minor_Damage_And_Injuries,3,0.26815073927154703,1,train
1996,6,0.00691660370224402,79.09,65.0410209662717,18,27487.688802433197,24.9315068493151,Significant_Damage_And_Serious_Injuries,6,0.43908474576271206,3,train
6112,3,0.167893190363399,78.12,73.9744758432088,19,33896.0232636711,20.958904109589,Significant_Damage_And_Serious_Injuries,20,0.334865488640461,3,train
12122,5,0.00375549732045075,83.08,70.0091157702826,17,11025.734744313,49.4520547945205,Significant_Damage_And_Fatalities,5,0.34171727371078203,3,train
7202,2,0.653014214204056,75.76,80.4010938924339,7,48352.0147996316,73.3333333333333,Minor_Damage_And_Injuries,6,0.243628561125135,4,train
4165,6,0.00705230146184997,76.18,84.8678213309025,16,29311.5725785883,29.406392694063896,Significant_Damage_And_Serious_Injuries,19,0.421053732419762,3,train
4681,3,0.183405433181803,86.32,75.38742023701,6,36736.2901448529,63.698630136986296,Significant_Damage_And_Serious_Injuries,4,0.23894049765596803,3,train
12385,3,0.202521398591503,76.9,72.7438468550593,15,40239.880261881095,31.5981735159817,Significant_Damage_And_Serious_Injuries,8,0.18665055896141297,3,train
3279,3,0.147969484951643,76.93,68.3226982680037,15,29763.1841640457,34.429223744292194,Significant_Damage_And_Serious_Injuries,1,0.258774612333213,2,train
7604,1,1.39914903206619,79.56,57.474931631722896,10,37933.3990008527,48.310502283105,Significant_Damage_And_Serious_Injuries,5,0.39292535160476,0,train
2345,7,0.00353978635402655,82.59,67.7757520510483,13,37772.6897005185,52.8767123287671,Minor_Damage_And_Injuries,1,0.251922827262892,1,train
11170,1,1.32525896658218,77.26,79.535095715588,13,36048.4823583013,29.1780821917808,Highly_Fatal_And_Damaging,4,0.29483663901911306,2,train
3785,3,0.211728167404242,86.36,48.268003646308095,11,42615.8389199835,48.401826484018294,Minor_Damage_And_Injuries,2,0.42898737829066,4,train
8582,4,0.0637233304662383,78.2,83.40929808568829,10,35048.0265895625,36.6666666666667,Highly_Fatal_And_Damaging,11,0.289427335016228,2,train
7134,7,0.00189626987285492,79.81,66.1804922515953,17,20106.7303917632,48.7214611872146,Significant_Damage_And_Fatalities,3,0.37633681932924606,3,train
2839,1,1.01607221631166,78.7,73.2452142206017,16,27823.4561463994,19.041095890411,Highly_Fatal_And_Damaging,4,0.23894049765596803,1,train
3234,5,0.0330801193794526,81.66,51.0938924339107,19,48338.7786128591,32.739726027397296,Highly_Fatal_And_Damaging,7,0.63021348719798,2,train
2903,6,0.010108419161522,79.89,43.5278030993619,11,40442.728147577596,47.4885844748858,Minor_Damage_And_Injuries,13,0.4856047601875229,3,train
1391,6,0.00607740767699834,78.8,72.8350045578852,15,23536.900903883597,45.296803652967995,Minor_Damage_And_Injuries,1,0.27428128380815,2,train
12489,5,0.0164689122872173,76.18,88.6052871467639,12,24842.6498966652,56.027397260274,Minor_Damage_And_Injuries,2,0.28906671474936896,2,train
53,1,1.27665927889249,76.85,72.24247948951691,16,34544.1444583375,16.3470319634703,Highly_Fatal_And_Damaging,0,0.398695275874504,2,train
8357,6,0.00645951923367222,82.13,58.5232452142206,12,26640.109079398702,42.8767123287671,Significant_Damage_And_Serious_Injuries,14,0.416005048683736,2,train
12393,2,0.30011361651155,78.83,76.5724703737466,17,22106.5964598616,39.3607305936073,Minor_Damage_And_Injuries,0,0.3352261089073211,2,train
12123,4,0.0408770658166928,79.88,39.8814949863264,9,22065.883166724303,41.3698630136986,Significant_Damage_And_Fatalities,20,0.7351539848539491,3,train
3594,6,0.00716115285602777,79.3,79.2160437556974,16,30586.407239901,28.493150684931503,Significant_Damage_And_Serious_Injuries,9,0.26851135953840605,3,train
7671,1,1.3421932486929098,79.06,59.7082953509572,15,35966.247022064905,22.2831050228311,Highly_Fatal_And_Damaging,12,0.556646952758745,2,train
9575,3,0.252486007013691,78.51,41.2488605287147,13,51535.3662523604,28.9041095890411,Significant_Damage_And_Fatalities,3,0.757151821132347,1,train
7694,1,0.518572471316774,81.48,74.9772105742936,14,13658.8165000358,23.150684931506802,Highly_Fatal_And_Damaging,9,0.326571222502704,2,train
10977,5,0.0273168021552321,78.02,73.4275296262534,12,40674.112655783,55.0228310502283,Minor_Damage_And_Injuries,1,0.35614208438514205,1,train
9541,7,0.00338056527837996,81.97,58.5232452142206,9,39848.6893071312,41.643835616438295,Highly_Fatal_And_Damaging,1,0.333423007573026,2,train
376,3,0.159286052499828,80.26,66.6362807657247,14,31993.458888341,37.3059360730594,Significant_Damage_And_Serious_Injuries,7,0.37273061666065604,2,train
5301,5,0.026380928931565,82.43,68.1403828623519,13,38087.8441285087,52.739726027397204,Minor_Damage_And_Injuries,2,0.26165957446808497,2,train
7528,1,1.24631439155671,82.45,59.89061075660889,15,33771.0947870574,21.1872146118721,Highly_Fatal_And_Damaging,2,0.42429931482149297,1,train
4318,3,0.10639403449074698,78.09,75.8432087511395,11,21154.8577344722,45.0684931506849,Significant_Damage_And_Serious_Injuries,6,0.376697439596105,3,train
1700,3,0.163199733689906,77.11,69.4165907019143,13,32990.9149372376,41.0045662100457,Significant_Damage_And_Serious_Injuries,21,0.322604399567255,2,train
9652,3,0.128896401917114,80.74,53.7374658158614,17,26026.0289669448,12.9680365296804,Highly_Fatal_And_Damaging,0,0.273199423007573,1,train
3757,5,0.0130313613858333,79.63,85.278030993619,12,18965.2829541948,65.4337899543379,Minor_Damage_And_Injuries,7,0.325489361702128,2,train
724,2,0.47337143651023106,79.21,56.19872379216039,8,35004.0541195592,68.4018264840182,Highly_Fatal_And_Damaging,3,0.546910205553552,1,train
463,4,0.0263158471738954,79.63,71.3764813126709,17,15175.1319946798,13.37899543379,Highly_Fatal_And_Damaging,14,0.41961125135232596,2,train
6087,2,0.352349972573073,77.64,65.22333637192351,9,26020.7634174777,65.98173515981729,Minor_Damage_And_Injuries,15,0.254807789397764,1,train
5770,6,0.00736692430030834,82.3,56.9279854147676,14,29640.209434172404,37.3972602739726,Minor_Damage_And_Injuries,9,0.46721312657771297,1,train
11135,3,0.17562474822040197,81.23,69.1431175934367,12,35291.7978906572,42.100456621004604,Significant_Damage_And_Serious_Injuries,2,0.38030364226469504,1,train
4833,3,0.183405433181803,81.1,73.3819507748405,11,36882.331913338996,45.0684931506849,Significant_Damage_And_Serious_Injuries,6,0.238579877389109,2,train
4510,3,0.18181778195641604,77.99,54.69462169553329,15,36305.7929992729,31.1872146118721,Minor_Damage_And_Injuries,7,0.371648755860079,1,train
7973,4,0.0639321880002275,82.2,49.0884229717411,15,34985.7217148431,20.0913242009132,Significant_Damage_And_Fatalities,10,0.590545257843491,2,train
1856,2,0.35853550033464393,80.65,47.0373746581586,19,26816.7519798023,30.8675799086758,Minor_Damage_And_Injuries,6,0.675291020555355,2,train
6790,6,0.0127939398824036,80.03,71.3764813126709,9,52189.5365431102,51.689497716895,Significant_Damage_And_Serious_Injuries,4,0.322604399567255,3,train
86,4,0.0515663632026278,79.71,65.1777575205105,17,28036.275094829398,13.789954337899498,Highly_Fatal_And_Damaging,3,0.457115759105661,0,train
10742,4,0.0408770658166928,78.64,79.8997265268915,7,22331.875125169503,49.178082191780796,Highly_Fatal_And_Damaging,0,0.134,1,train
283,4,0.0949573213366051,79.48,69.0519598906108,15,50517.1199137983,21.2328767123288,Highly_Fatal_And_Damaging,4,0.325849981968986,3,train
3261,7,0.00316851867819873,80.44,63.90154968094811,4,36722.333573037096,100.0,Significant_Damage_And_Fatalities,0,0.24543166245943,4,train
7674,3,0.22523646069519798,80.55,82.9079307201459,10,45302.303706689694,61.41552511415521,Minor_Damage_And_Injuries,1,0.256610890732059,1,train
7547,6,0.00631949156737795,82.73,70.464904284412,16,24242.431985578998,30.776255707762605,Significant_Damage_And_Serious_Injuries,3,0.341356653443924,2,train
7017,3,0.14324175210881399,78.03,72.5615314494075,14,28770.8750092367,34.7945205479452,Significant_Damage_And_Serious_Injuries,0,0.31214641182834496,1,train
7657,4,0.0824157481424522,78.25,59.115770282588905,19,44292.0072613337,18.7214611872146,Significant_Damage_And_Serious_Injuries,3,0.47117994951316206,3,train
6384,1,1.57560922196678,76.79,65.9981768459435,20,42504.4422413966,16.986301369863,Significant_Damage_And_Serious_Injuries,15,0.38030364226469504,3,train
8373,4,0.0715707647756609,80.14,80.8568824065634,15,38973.1647547029,44.9315068493151,Minor_Damage_And_Injuries,0,0.358305805986296,2,train
9738,4,0.0736509209184376,81.07,68.64175022789429,12,40657.7633959541,30.5022831050228,Highly_Fatal_And_Damaging,0,0.41348070681572296,2,train
2637,2,0.440110495001411,75.68,80.08204193254329,14,32539.845101990497,23.424657534246602,Highly_Fatal_And_Damaging,0,0.2201882437793,1,train
6498,2,0.38484944539213106,75.58,70.0091157702826,9,28473.7861502813,64.5662100456621,Minor_Damage_And_Injuries,2,0.38174612333213104,2,train
4268,5,0.0251101485805745,83.81,68.5050136736554,10,37002.5192831597,50.0456621004566,Significant_Damage_And_Serious_Injuries,2,0.416005048683736,4,train
3283,4,0.0531635622842917,79.66,81.26709206927991,15,28994.8333817836,21.6438356164384,Highly_Fatal_And_Damaging,13,0.201075369635773,2,train
33,2,0.653900333012144,83.22,59.89061075660889,16,49106.3559589155,40.091324200913206,Minor_Damage_And_Injuries,4,0.38174612333213104,3,train
2788,6,0.00892827044876468,87.34,64.8131267092069,12,36468.4292231444,43.8356164383562,Significant_Damage_And_Serious_Injuries,2,0.389679769203029,3,train
4080,4,0.061124830982299,83.58,51.1850501367366,12,33673.5787819803,30.1826484018265,Significant_Damage_And_Fatalities,0,0.640671474936891,1,train
4387,3,0.136897973743858,83.64,67.228805834093,16,27506.1966528776,30.776255707762605,Significant_Damage_And_Serious_Injuries,18,0.409513883880274,2,train
9440,3,0.17916718862667602,77.92,54.968094804010896,13,36219.5213082148,40.365296803653,Minor_Damage_And_Injuries,9,0.30349152542372904,2,train
6305,3,0.15998293847651698,79.45,69.1431175934367,9,32266.136231482596,52.9223744292237,Significant_Damage_And_Serious_Injuries,5,0.396892174540209,2,train
12230,4,0.0648147786182977,83.44,45.897903372834996,13,35387.6700736684,50.7762557077626,Highly_Fatal_And_Damaging,8,0.6579812477461229,3,train
1317,2,0.351388022143726,79.17,61.9416590701914,12,26040.2990908391,54.0182648401826,Minor_Damage_And_Injuries,8,0.39148287053732395,2,train
5881,7,0.00401610269010273,78.68,79.03372835004559,13,43717.2844019346,40.7305936073059,Significant_Damage_And_Serious_Injuries,6,0.232088712585647,1,train
12213,1,0.7905536062755699,79.62,71.19416590701921,8,21782.8175480912,44.4748858447489,Highly_Fatal_And_Damaging,14,0.346765957446808,3,train
1171,1,0.987286044625869,81.82,88.24065633546041,8,26663.960835205402,44.84018264840179,Highly_Fatal_And_Damaging,2,0.17475009015506698,3,train
2563,2,0.5768310721770981,79.31,85.5970829535096,12,42885.390681345896,32.1917808219178,Highly_Fatal_And_Damaging,0,0.263823296069239,0,train
8466,2,0.559006907847623,79.88,84.2752962625342,17,41380.2006558883,16.1643835616438,Highly_Fatal_And_Damaging,12,0.21874576271186397,2,train
2058,4,0.0577524992640029,84.72,59.161349134001796,11,31228.509317742402,35.0228310502283,Highly_Fatal_And_Damaging,1,0.39076163000360603,2,train
10443,4,0.0758160751129294,78.86,78.94257064721971,7,41910.8098811917,49.6803652968036,Highly_Fatal_And_Damaging,1,0.207205914172377,3,train
4244,3,0.19654055778837398,81.43,56.973564266180496,16,39759.020002548,54.2922374429224,Significant_Damage_And_Serious_Injuries,24,0.438002884962135,2,train
11208,7,0.00387806385854065,80.63,57.8395624430264,8,44502.4966181395,44.337899543379,Highly_Fatal_And_Damaging,19,0.30313090515687,2,train
3513,1,1.31166391799607,81.2,66.4995442114859,12,35522.814116210895,31.2328767123288,Highly_Fatal_And_Damaging,13,0.405547060944825,2,train
5306,4,0.037029030621957004,78.97,65.3600729261623,9,20390.802486206598,39.8173515981735,Highly_Fatal_And_Damaging,2,0.272478182473855,3,train
6013,3,0.20989097427362,79.76,53.919781221513205,13,42065.3824301481,39.13242009132421,Significant_Damage_And_Serious_Injuries,0,0.61939487919221,3,train
1145,2,0.637457086688145,79.71,86.82771194165909,11,46540.2467885055,70.63926940639271,Significant_Damage_And_Fatalities,0,0.18845366029570798,3,train
755,6,0.00990625580190773,77.36,64.35733819507749,13,40487.0460768338,40.86757990867579,Significant_Damage_And_Serious_Injuries,1,0.301327803822575,4,train
12181,7,0.00291125090811163,76.69,73.4731084776664,9,28815.0595298404,75.2054794520548,Significant_Damage_And_Fatalities,1,0.368763793725207,2,train
6999,7,0.0020642750489768,81.83,82.9535095715588,16,22861.383659559,53.1963470319635,Significant_Damage_And_Fatalities,0,0.17943815362423302,2,train
8837,4,0.0525367024728564,80.07,49.4530537830446,11,29518.6129237704,37.5342465753425,Significant_Damage_And_Fatalities,3,0.5155362423368189,2,train
12440,4,0.0487621006652892,79.58,67.0464904284412,15,26744.8667985702,19.589041095890398,Highly_Fatal_And_Damaging,3,0.41636566895059496,1,train
10562,4,0.0350890825621048,79.65,51.1850501367366,16,18842.7886746802,28.630136986301398,Minor_Damage_And_Injuries,11,0.375615578795528,0,train
3995,5,0.00375549732045075,80.43,75.7976298997265,10,12666.7712047322,72.00913242009129,Significant_Damage_And_Fatalities,3,0.342077893977641,3,train
10363,3,0.18259955280678303,78.84,80.6745670009116,10,36748.2703672973,50.50228310502279,Significant_Damage_And_Serious_Injuries,0,0.24002235845654502,4,train
12109,6,0.0101249384175377,79.03,73.2907930720146,12,37541.6763730355,44.7488584474886,Significant_Damage_And_Serious_Injuries,1,0.25769275153263604,0,train
10108,3,0.124631110425203,84.87,35.9161349134002,14,25032.827702232902,36.3470319634703,Minor_Damage_And_Injuries,5,0.455673278038226,3,train
858,2,0.42252959991448297,82.73,64.4484958979034,11,31122.645847557702,56.9406392694064,Minor_Damage_And_Injuries,5,0.45387017670393,2,train
947,1,1.24933997725514,84.62,74.7948951686418,9,33963.8106036965,42.648401826484,Highly_Fatal_And_Damaging,0,0.338471691309052,3,train
11314,1,0.9772734859342791,77.03,62.0328167730173,14,26397.203120675098,24.7945205479452,Highly_Fatal_And_Damaging,16,0.357945185719437,1,train
10205,2,0.238677717027038,80.2,69.2342752962625,17,18466.4302483408,39.4520547945205,Minor_Damage_And_Injuries,2,0.34388099531193606,4,train
4608,4,0.0388307713777085,77.33,67.6390154968095,7,20822.309435099898,47.8082191780822,Highly_Fatal_And_Damaging,6,0.269232600072124,3,train
9559,2,0.37781960523515,81.48,68.64175022789429,12,27975.799439279,29.7260273972603,Highly_Fatal_And_Damaging,0,0.4120382257482871,1,train
6275,1,1.6164346520006698,79.67,63.30902461257979,17,44290.070229660996,13.652968036529698,Highly_Fatal_And_Damaging,12,0.306737107825459,2,train
8700,7,0.00222971733346745,79.69,75.7976298997265,19,23042.462103486,6.347031963470321,Highly_Fatal_And_Damaging,5,0.39436783267219605,2,train
8484,2,0.5323831645572229,80.59,64.35733819507749,15,39482.9418262533,32.0091324200913,Significant_Damage_And_Serious_Injuries,7,0.4145625676163,2,train
1291,2,0.5762014289405589,78.86,54.056517775752106,10,42365.0610556393,63.6529680365297,Highly_Fatal_And_Damaging,11,0.528518571943743,0,train
3736,3,0.141031133810539,78.18,50.6381039197812,4,28135.917314679198,65.4337899543379,Significant_Damage_And_Fatalities,2,0.479474215650919,4,train
6038,1,1.7395281798603202,83.03,70.8751139471286,14,47358.6935139444,36.894977168949794,Significant_Damage_And_Serious_Injuries,0,0.205402812838081,2,train
3322,7,0.00348072307499041,77.4,66.9553327256153,9,39189.4780352356,76.39269406392691,Significant_Damage_And_Fatalities,9,0.463246303642264,2,train
581,2,0.302231914191802,79.58,52.18778486782129,12,22671.8172128642,43.6529680365297,Significant_Damage_And_Serious_Injuries,8,0.5681868012982328,1,train