Accident_ID,Accident_Type_Code,Adverse_Weather_Metric,Cabin_Temperature,Control_Metric,Days_Since_Inspection,Max_Elevation,Safety_Score,Severity,Total_Safety_Complaints,Turbulence_In_gforces,Violations,source
10558,2,0.45369397511610404,81.15,74.74931631722879,15,33730.6363753111,21.2785388127854,Highly_Fatal_And_Damaging,17,0.412759466282005,1,train
5443,6,0.00899424219999056,78.63,66.1349134001823,11,37123.4671202188,69.9543378995434,Significant_Damage_And_Fatalities,3,0.296279120086549,2,train
1627,2,0.542971582342991,79.85,80.4010938924339,18,39903.4967278214,35.388127853881294,Minor_Damage_And_Injuries,4,0.33702921024161503,1,train
4185,6,0.00919704057079272,88.74,62.6709206927985,9,34501.86147776,52.283105022831,Significant_Damage_And_Serious_Injuries,4,0.461803822574828,2,train
5786,3,0.17306668059365998,78.93,88.24065633546041,8,34610.760612027,44.84018264840179,Highly_Fatal_And_Damaging,2,0.199632888568337,4,train
10115,4,0.0514949039430899,84.62,78.9881494986326,8,28364.6114565323,45.342465753424705,Highly_Fatal_And_Damaging,1,0.309622069960331,3,train
10189,3,0.18181778195641604,77.08,57.2926162260711,8,36411.9266798379,44.794520547945204,Highly_Fatal_And_Damaging,22,0.475868012982329,1,train
7129,5,0.0145494650084558,79.89,62.1695533272562,13,21612.7535707374,39.4520547945205,Significant_Damage_And_Serious_Injuries,4,0.496423368193292,1,train
976,5,0.00451160449111055,82.97,40.838650865998204,9,6543.68933703962,72.1004566210046,Significant_Damage_And_Serious_Injuries,7,0.40662892174540205,4,train
10277,3,0.1788416951388,77.27,55.1048313582498,16,35794.8363803313,41.0958904109589,Highly_Fatal_And_Damaging,5,0.30998269022719105,2,train
9466,1,1.7872888721267501,76.61,38.149498632634504,17,48855.489824051605,14.5205479452055,Significant_Damage_And_Fatalities,12,0.705583122971511,2,train
1707,5,0.0195220582116127,79.37,51.777575205104796,10,28875.5800147687,37.4885844748858,Significant_Damage_And_Fatalities,3,0.606412549585286,1,train
12291,1,0.819092324798317,79.27,69.0519598906108,9,22002.727826705697,40.273972602739704,Highly_Fatal_And_Damaging,6,0.40807140281283794,2,train
7417,3,0.151840046781855,82.02,55.6061987237922,4,30551.914471598397,70.0456621004566,Minor_Damage_And_Injuries,1,0.38030364226469504,2,train
5635,6,0.00930781326945242,77.22,59.7538742023701,20,40846.9168997547,40.5479452054794,Significant_Damage_And_Fatalities,6,0.334865488640461,4,train
8960,3,0.17923117292361698,97.51,74.29352780309941,9,35921.3147111583,52.9223744292237,Significant_Damage_And_Serious_Injuries,3,0.58729967544176,1,train
3386,2,0.587649264666186,75.41,65.0865998176846,6,43310.601476650496,76.6666666666667,Minor_Damage_And_Injuries,21,0.46108258204110997,4,train
9131,3,0.128711312514445,85.3,76.8003646308113,15,25735.8047537328,33.1050228310502,Significant_Damage_And_Serious_Injuries,2,0.38030364226469504,2,train
7219,2,0.34950274543965504,77.6,63.719234275296294,12,25730.220753821603,55.0684931506849,Minor_Damage_And_Injuries,1,0.482359177785791,2,train
11733,5,0.0147190422445625,82.5,74.1567912488605,18,21954.4716580689,12.4657534246575,Highly_Fatal_And_Damaging,2,0.22343382618103103,2,train
2763,2,0.32153784227771903,79.65,63.6736554238833,12,23570.7799761552,54.109589041095894,Minor_Damage_And_Injuries,4,0.22523692751532604,3,train
4928,2,0.347656319724328,78.72,78.94257064721971,11,25486.8254567764,58.675799086758005,Minor_Damage_And_Injuries,1,0.26815073927154703,1,train
4309,4,0.0317004518773675,80.26,73.746581586144,11,17735.214441938002,36.62100456621,Highly_Fatal_And_Damaging,4,0.29591849981969,3,train
7280,7,0.0028524364653323103,77.27,71.8778486782133,18,28356.813204319904,46.6666666666667,Significant_Damage_And_Fatalities,4,0.362272628921745,3,train
11304,6,0.00812807991710159,80.83,82.4977210574294,15,32585.484191749303,33.1050228310502,Significant_Damage_And_Serious_Injuries,12,0.211893977641543,3,train
10064,7,0.00348072307499041,77.27,66.1349134001823,10,40019.496871603,51.2785388127854,Significant_Damage_And_Serious_Injuries,13,0.28654237288135603,1,train
8666,5,0.0311311252022979,80.34,60.3463992707384,12,45881.8023814062,57.0319634703196,Minor_Damage_And_Injuries,33,0.265626397403534,2,train
11101,1,0.7905536062755699,79.98,92.9352780309936,16,21662.1727035104,17.442922374429198,Highly_Fatal_And_Damaging,4,0.18520807789397797,3,train
8295,6,0.00900117966949737,80.65,88.87876025524159,16,34481.225822636,42.283105022831,Minor_Damage_And_Injuries,7,0.346405337179949,1,train
9467,7,0.0027759536961866602,79.56,37.283500455788605,8,29654.872160627,69.9086757990868,Significant_Damage_And_Serious_Injuries,2,0.694764514965741,3,train
3829,7,0.0033245921784687397,77.56,76.02552415679129,20,35962.4219910256,2.7397260273972597,Highly_Fatal_And_Damaging,0,0.39436783267219605,1,train
8777,3,0.16817304288473597,84.14,59.9817684594348,12,33553.4782836866,33.6529680365297,Highly_Fatal_And_Damaging,9,0.358305805986296,0,train
8902,4,0.0284279690986392,77.75,54.69462169553329,12,15949.8073396295,31.5981735159817,Significant_Damage_And_Fatalities,3,0.47839235485034204,3,train
9801,4,0.0495634535588507,80.23,62.351868732907896,17,27508.984750849,14.0639269406393,Highly_Fatal_And_Damaging,13,0.477671114316625,2,train
10876,3,0.12044619210622698,81.15,60.6198723792161,5,24203.6895848125,53.8356164383562,Significant_Damage_And_Serious_Injuries,4,0.37489433826181,1,train
1544,4,0.0605695652954106,81.71,58.2953509571559,14,32979.4479058636,25.296803652968002,Highly_Fatal_And_Damaging,4,0.330538045438154,1,train
3732,5,0.0244045214906998,86.43,61.34913400182321,16,36626.3024878979,19.6803652968037,Highly_Fatal_And_Damaging,21,0.40518644067796605,1,train
10754,6,0.006833850552985589,75.61,65.3600729261623,10,27070.538031905096,60.136986301369895,Minor_Damage_And_Injuries,0,0.46108258204110997,1,train
11692,2,0.46763122450164796,75.76,82.5888787602553,12,34553.5335145431,53.8812785388128,Minor_Damage_And_Injuries,8,0.211893977641543,2,train
7466,1,1.57560922196678,81.14,31.5405651777575,18,42207.8989235388,10.867579908675802,Significant_Damage_And_Fatalities,2,0.683945906959971,1,train
7415,3,0.141411385811606,79.46,62.807657247037405,15,28742.1312654465,33.9269406392694,Significant_Damage_And_Serious_Injuries,0,0.392204111071042,2,train
996,2,0.44445203903850605,79.27,58.38650865998179,13,32765.992595361,50.365296803653,Minor_Damage_And_Injuries,0,0.303852145690588,0,train
8477,2,0.45640800565346296,78.03,39.7447584320875,6,33751.1121700652,63.972602739726,Minor_Damage_And_Injuries,0,0.6349015506671469,2,train
5490,3,0.23237659577897601,82.64,55.0592525068368,6,46296.737183495,76.62100456620999,Highly_Fatal_And_Damaging,10,0.528518571943743,2,train
7907,6,0.00957553756891347,79.18,80.4010938924339,19,37908.7765733728,42.0547945205479,Significant_Damage_And_Fatalities,17,0.24651352326000697,2,train
3347,7,0.00339558807343417,77.78,53.96536007292621,19,40075.9286978829,42.100456621004604,Significant_Damage_And_Serious_Injuries,2,0.476589253516048,3,train
9630,3,0.172818256004364,79.09,58.933454876937105,15,34587.8862136885,31.9178082191781,Significant_Damage_And_Serious_Injuries,3,0.6096581319870179,1,train
8742,7,0.00277618537959387,80.67,72.4247948951687,10,28187.9686431539,38.9041095890411,Highly_Fatal_And_Damaging,0,0.322604399567255,2,train
10239,6,0.00341451541179736,82.73,67.0920692798541,11,14632.5824363256,45.205479452054796,Significant_Damage_And_Serious_Injuries,5,0.413120086548864,2,train
2896,2,0.348220671345902,76.8,61.3947128532361,13,25806.0480465467,28.2191780821918,Highly_Fatal_And_Damaging,6,0.44413342949873796,2,train
10047,3,0.17151013393546302,81.42,45.8067456700091,11,34132.2412197546,36.2557077625571,Significant_Damage_And_Fatalities,4,0.6107399927875939,2,train
11233,7,0.00340300794355129,78.97,55.0592525068368,3,40987.109431310295,83.6986301369863,Highly_Fatal_And_Damaging,2,0.26165957446808497,1,train
8679,7,0.00454671815180665,78.67,74.52142206016408,9,52054.3002379775,54.657534246575295,Significant_Damage_And_Serious_Injuries,5,0.207205914172377,2,train
7706,4,0.0703800483391097,79.85,59.024612579763,18,38369.5925771444,12.374429223744302,Highly_Fatal_And_Damaging,0,0.284739271547061,2,train
11753,4,0.0619950696061957,81.8,58.7055606198724,9,33758.5844534383,42.648401826484,Highly_Fatal_And_Damaging,0,0.502553912729895,1,train
5998,6,0.0103007561471358,79.29,56.4721969006381,12,38671.1085004594,44.4748858447489,Minor_Damage_And_Injuries,2,0.46649188604399605,2,train
8499,6,0.00897565017253988,80.14,67.0920692798541,13,34289.0143128188,38.584474885844706,Significant_Damage_And_Serious_Injuries,0,0.38354922466642605,1,train
6408,7,0.00283482891951351,78.96,64.4029170464904,10,28153.6835624095,72.32876712328759,Significant_Damage_And_Fatalities,2,0.219827623512441,3,train
4528,4,0.0340977244601301,75.94,61.2579762989973,13,18673.766897687,37.9908675799087,Significant_Damage_And_Serious_Injuries,7,0.35578146411828293,3,train
10652,7,0.0038460374795458,83.28,55.469462169553296,15,45649.8132732537,55.9360730593607,Significant_Damage_And_Serious_Injuries,4,0.45639451857194396,2,train
8170,4,0.0633223123824082,81.29,72.0145852324522,14,34397.7574159421,26.3013698630137,Highly_Fatal_And_Damaging,13,0.237858636855391,0,train
10681,1,1.62375240575535,80.55,62.1239744758432,15,43148.0017161796,43.972602739726,Minor_Damage_And_Injuries,4,0.28870609448251,2,train
9087,4,0.0583819270530569,82.02,65.587967183227,12,31967.454951725696,32.9223744292237,Highly_Fatal_And_Damaging,14,0.329095564370718,0,train
10022,3,0.185748515118673,84.92,77.4384685505925,8,37378.440261456,55.342465753424705,Significant_Damage_And_Serious_Injuries,10,0.41420194734944105,3,train
11212,3,0.17922537652847503,84.19,61.485870556062004,8,36056.3247444592,55.1141552511415,Significant_Damage_And_Serious_Injuries,13,0.44305156869816104,2,train
9434,7,0.0039571065728607295,76.37,59.024612579763,6,45864.178042370404,53.01369863013699,Highly_Fatal_And_Damaging,1,0.438002884962135,3,train
5542,1,1.75661161113112,80.27,66.3172288058341,12,46755.5164453914,33.1963470319635,Highly_Fatal_And_Damaging,3,0.406989542012261,1,train
2474,3,0.0601940801560098,79.03,38.331814038286204,15,11809.795062478,43.6529680365297,Highly_Fatal_And_Damaging,2,0.635622791200865,2,train
2126,2,0.598166042993753,86.39,66.9553327256153,12,44377.591545762596,53.8812785388128,Minor_Damage_And_Injuries,34,0.420332491886044,2,train
7601,7,0.00301174000967889,82.64,51.00273473108479,9,33673.5787819803,78.2191780821918,Significant_Damage_And_Serious_Injuries,0,0.538976559682654,4,train
3958,3,0.0966196448634178,79.76,74.567000911577,10,19352.8761801669,49.36073059360729,Significant_Damage_And_Serious_Injuries,3,0.224515686981608,3,train
2273,3,0.115305351126024,78.71,62.944393801276206,13,22969.338276676,41.0502283105023,Significant_Damage_And_Serious_Injuries,0,0.32152253876667897,1,train
1030,7,0.0037165658789909,83.71,51.777575205104796,10,40277.3094684945,48.9954337899543,Minor_Damage_And_Injuries,19,0.480556076451497,1,train
5457,2,0.7515914847110421,82.23,72.6526891522334,12,59108.8771655082,44.9771689497717,Significant_Damage_And_Serious_Injuries,4,0.378139920663541,4,train
2027,6,0.00651342580152575,80.22,65.8614402917047,14,26880.342186243302,35.5251141552511,Significant_Damage_And_Serious_Injuries,5,0.24759538406058398,2,train
3696,6,0.0115992727931572,76.34,49.042844120328205,17,47156.9384261401,47.5342465753425,Significant_Damage_And_Serious_Injuries,12,0.687191489361702,4,train
1810,1,1.6683432072720101,77.49,75.25068368277121,12,45265.3882053258,32.557077625570805,Highly_Fatal_And_Damaging,33,0.405547060944825,3,train
611,2,0.368581314855344,80.8,67.7757520510483,16,27412.2647189097,43.01369863013699,Minor_Damage_And_Injuries,2,0.313228272628922,3,train
11220,1,1.4403372285879998,87.11,56.2443026435734,18,39289.2195249257,33.7899543378995,Highly_Fatal_And_Damaging,1,0.47911359538406,3,train
3677,4,0.0373628855614637,77.4,66.9097538742024,10,20637.7837001384,50.50228310502279,Significant_Damage_And_Serious_Injuries,7,0.417086909484313,1,train
4616,7,0.00239474352382663,79.64,73.0173199635369,14,25158.3121080831,60.5479452054795,Significant_Damage_And_Fatalities,11,0.29591849981969,4,train
767,7,0.00394519026872028,84.52,56.8368277119417,7,41242.3724679574,82.5114155251141,Significant_Damage_And_Fatalities,11,0.448460872701046,2,train
7858,7,0.0022803372822657103,83.72,56.973564266180496,9,26885.1576261271,54.84018264840179,Significant_Damage_And_Serious_Injuries,3,0.54402524341868,3,train
6253,2,0.178843572386274,78.99,56.973564266180496,16,14836.3056854253,41.643835616438295,Highly_Fatal_And_Damaging,1,0.786362062747926,2,train
5166,7,0.00262759331216413,81.27,66.5451230628988,12,30955.530849464503,65.662100456621,Significant_Damage_And_Fatalities,4,0.312507032095204,3,train
10454,6,0.009779936787891871,78.4,71.7411121239745,9,39615.1050970733,52.283105022831,Significant_Damage_And_Serious_Injuries,12,0.324046880634692,3,train
4602,4,0.0697482164177026,82.48,54.3755697356427,10,37726.6341340949,39.726027397260296,Significant_Damage_And_Fatalities,4,0.293033537684818,0,train
6611,4,0.0490861678801767,82.72,40.4740200546946,14,27012.0015458188,25.8904109589041,Significant_Damage_And_Fatalities,0,0.5981182834475289,2,train
1722,2,0.637457086688145,77.01,56.6545123062899,17,46974.390404833,38.4474885844749,Minor_Damage_And_Injuries,18,0.404104579877389,1,train
12172,6,0.0119400602625915,77.85,73.1540565177758,9,45751.983412795096,54.84018264840179,Significant_Damage_And_Serious_Injuries,40,0.337750450775333,2,train
5553,7,0.00307549916899895,79.31,71.19416590701921,15,35247.2887973971,31.324200913242002,Significant_Damage_And_Serious_Injuries,2,0.438363505228994,3,train
11162,4,0.0529759992897854,76.13,68.91522333637201,11,29545.4263401468,44.7488584474886,Significant_Damage_And_Serious_Injuries,7,0.41384132708258203,2,train
5010,2,0.43598352996746204,81.26,66.8641750227894,15,32301.4341762744,45.342465753424705,Minor_Damage_And_Injuries,14,0.29591849981969,2,train
5299,1,1.24933997725514,83.58,68.1859617137648,9,33963.8106036965,42.648401826484,Highly_Fatal_And_Damaging,0,0.35686332491885997,2,train
859,5,0.00868877979364907,81.12,46.6271649954421,9,8981.315459517758,72.00913242009129,Significant_Damage_And_Serious_Injuries,7,0.48380165885322796,1,train
2918,2,0.25113857299452697,83.6,73.4275296262534,12,18147.483466394,54.794520547945204,Minor_Damage_And_Injuries,2,0.311064551027768,2,train
800,4,0.0503793565096615,79.51,73.3819507748405,13,27348.7440760258,29.589041095890398,Highly_Fatal_And_Damaging,8,0.31719509556437103,2,train
6987,4,0.0471095016808403,83.56,58.4776663628077,12,25813.380543758798,32.739726027397296,Highly_Fatal_And_Damaging,6,0.309622069960331,2,train
8994,4,0.0698193987426945,83.54,87.693710118505,17,38100.9704663852,16.0730593607306,Highly_Fatal_And_Damaging,12,0.21874576271186397,2,train
8650,7,0.00259978665309837,79.43,62.0328167730173,9,30951.0633871869,75.5707762557078,Significant_Damage_And_Fatalities,6,0.342799134511359,2,train
1098,6,0.007811180941728159,77.39,51.3673655423883,15,31450.5945994523,34.7945205479452,Minor_Damage_And_Injuries,0,0.42141435268662103,4,train
9085,3,0.153105656109876,84.82,57.9762989972653,14,30708.3381124411,35.7990867579909,Significant_Damage_And_Serious_Injuries,8,0.505438874864767,3,train
11578,4,0.0827923767001147,79.09,71.0118505013674,10,45571.1193295612,49.5890410958904,Significant_Damage_And_Serious_Injuries,3,0.279329967544176,3,train
869,1,0.518572471316774,78.43,52.3245214220602,12,14840.465284894599,32.511415525114195,Significant_Damage_And_Fatalities,8,0.254447169130905,2,train
1919,2,0.542720465498432,80.04,66.9097538742024,17,40101.9196560567,38.767123287671204,Minor_Damage_And_Injuries,20,0.29519725928597196,1,train
7564,3,0.101519827745638,77.09,63.2634457611668,10,20581.6075298771,48.4931506849315,Significant_Damage_And_Serious_Injuries,1,0.33270176703930704,1,train
9137,4,0.0490861678801767,80.47,80.99361896080221,23,27037.416414391002,22.922374429223698,Minor_Damage_And_Injuries,6,0.29159105661738105,2,train
6847,5,0.0154972430753475,80.43,67.4111212397448,11,23467.081784370697,36.7579908675799,Highly_Fatal_And_Damaging,10,0.245071042192571,2,train
569,2,0.37226471910453496,80.59,48.0856882406563,14,27506.848931160697,25.296803652968002,Significant_Damage_And_Fatalities,0,0.42934799855751904,3,train
6144,4,0.0665145741903083,86.47,56.79124886052871,11,35962.005317100695,34.0639269406393,Significant_Damage_And_Fatalities,7,0.538976559682654,4,train
8234,2,0.5041465500365421,80.26,59.0701914311759,11,37411.153141132,59.13242009132421,Minor_Damage_And_Injuries,10,0.335947349441038,1,train
802,7,0.00283676253405104,78.5,45.897903372834996,8,31898.6401662182,79.6803652968037,Significant_Damage_And_Serious_Injuries,22,0.7214504147133071,3,train
7038,3,0.241592300449702,77.0,73.33637192342749,12,49040.7161051711,41.780821917808204,Significant_Damage_And_Serious_Injuries,17,0.43295420122610906,1,train
4106,2,0.5462214868147041,82.67,72.97174111212401,13,40494.3158720077,63.972602739726,Significant_Damage_And_Fatalities,0,0.49281716552470295,2,train
9448,1,1.06635953548775,82.53,84.2752962625342,12,29021.2749490607,32.1461187214612,Highly_Fatal_And_Damaging,8,0.4336754417598271,0,train
4663,4,0.035517130695692005,79.35,78.0309936189608,14,19550.4236118066,60.5479452054795,Significant_Damage_And_Fatalities,25,0.19133862243058,2,train
1843,7,0.0046095259518669105,81.42,45.8067456700091,18,47433.0162389743,46.1643835616438,Significant_Damage_And_Serious_Injuries,0,0.6579812477461229,2,train
8535,3,0.0945616410103572,77.05,62.5341841385597,8,18924.379770140702,82.7853881278539,Significant_Damage_And_Fatalities,11,0.278608727010458,1,train
6469,3,0.0900636948470218,84.4,70.510483135825,16,18418.669987587098,31.1415525114155,Significant_Damage_And_Serious_Injuries,0,0.251922827262892,2,train
2176,7,0.0028541965446328603,79.39,73.0173199635369,14,31652.7562487891,60.365296803653,Significant_Damage_And_Fatalities,11,0.39292535160476,3,train
2973,6,0.00743860219406398,79.28,72.151321786691,14,29519.010231283,36.894977168949794,Significant_Damage_And_Serious_Injuries,4,0.29483663901911306,3,train
6005,2,0.27379814127354,84.6,71.19416590701921,16,20228.1228705605,31.1872146118721,Significant_Damage_And_Serious_Injuries,1,0.54763144608727,1,train
10214,7,0.00454671815180665,79.88,42.0692798541477,9,48367.5893217614,65.8904109589041,Significant_Damage_And_Serious_Injuries,37,0.606412549585286,2,train
12494,1,1.01036207837383,78.62,53.783044667274396,13,27865.4680761156,29.9543378995434,Significant_Damage_And_Fatalities,11,0.40518644067796605,2,train
3245,2,0.337996374568915,79.49,61.9416590701914,14,24854.1018365485,22.922374429223698,Highly_Fatal_And_Damaging,2,0.24651352326000697,1,train
12289,6,0.0122725648420376,78.39,80.1731996353692,14,50402.88104913691,37.3972602739726,Significant_Damage_And_Serious_Injuries,1,0.355060223584565,2,train
9170,3,0.110911641223805,81.2,82.13309024612579,15,22036.1723032917,31.735159817351605,Significant_Damage_And_Serious_Injuries,0,0.23894049765596803,2,train
10105,2,0.38826118548322797,79.56,60.1640838650866,16,28787.1727151921,40.684931506849296,Minor_Damage_And_Injuries,7,0.315752614496934,3,train
1988,1,1.5222925092850301,82.43,87.0556061987238,8,41205.689030552596,43.7899543378995,Highly_Fatal_And_Damaging,6,0.264183916336098,3,train
2110,2,0.623420577171322,75.33,61.9416590701914,12,46273.2400084029,53.9269406392694,Minor_Damage_And_Injuries,7,0.35217526144969297,0,train
4593,7,0.0032343539250976397,81.75,64.8131267092069,16,33915.180313015,54.7488584474886,Significant_Damage_And_Fatalities,33,0.5515982690227189,2,train
9258,2,0.30011361651155,79.27,76.7547857793984,15,22004.4704078618,45.296803652967995,Minor_Damage_And_Injuries,0,0.215500180310133,3,train
8573,4,0.0452453456509353,80.71,70.2825888787603,9,25227.6087401299,42.648401826484,Highly_Fatal_And_Damaging,10,0.346765957446808,3,train
6510,4,0.0670921890387285,79.85,71.3764813126709,17,36662.2802611695,16.1187214611872,Highly_Fatal_And_Damaging,12,0.258053371799495,2,train
282,7,0.0044929035955593105,83.6,56.1531449407475,15,54660.6342971425,57.077625570776206,Significant_Damage_And_Serious_Injuries,5,0.40518644067796605,1,train
9845,5,0.0199273006311425,78.49,65.9981768459435,10,29593.893009509502,62.283105022831,Minor_Damage_And_Injuries,10,0.30998269022719105,2,train
4644,5,0.00259797974810656,78.56,75.0683682771194,13,13696.9970624703,62.6940639269406,Significant_Damage_And_Fatalities,3,0.244710421925712,3,train
1724,5,0.0266123032873258,79.42,64.3117593436645,9,38068.070405300095,42.7853881278539,Highly_Fatal_And_Damaging,22,0.445215290299315,2,train
3113,1,1.14234941635059,77.3,58.4776663628077,14,31052.276602165897,48.4474885844749,Minor_Damage_And_Injuries,1,0.42898737829066,2,train
4884,6,0.00605108745987546,81.78,88.6508659981769,10,24292.3426083081,50.0,Significant_Damage_And_Serious_Injuries,2,0.17330760908763,1,train
5324,5,0.0199263679642517,88.78,61.303555150410205,7,29247.490809391602,49.726027397260296,Highly_Fatal_And_Damaging,5,0.4261024161557879,1,train
10219,4,0.0708873270749383,79.97,48.7693710118505,18,38484.6290564965,13.37899543379,Significant_Damage_And_Fatalities,3,0.590545257843491,5,train
5030,5,0.0170823495653645,79.13,43.5278030993619,10,24798.354079607798,48.2648401826484,Minor_Damage_And_Injuries,13,0.782395239812477,2,train
3314,2,0.38387327253662695,78.23,71.8778486782133,13,28523.711026113302,39.908675799086794,Significant_Damage_And_Serious_Injuries,1,0.42177497295348,2,train
11027,4,0.0648203926610396,86.43,80.99361896080221,17,35728.3005695812,16.1187214611872,Highly_Fatal_And_Damaging,5,0.358305805986296,1,train
3095,4,0.060013008820757,76.12,74.74931631722879,18,32791.8421914493,35.5251141552511,Minor_Damage_And_Injuries,0,0.281133068878471,3,train
10217,3,0.237190414799633,84.1,69.5989061075661,17,47530.90621489679,38.0365296803653,Minor_Damage_And_Injuries,0,0.355060223584565,3,train
1522,2,0.404487468588732,81.15,60.665451230628996,5,30028.2840811135,91.1872146118722,Significant_Damage_And_Fatalities,2,0.368403173458348,2,train
8595,4,0.0557082103084701,76.61,76.3445761166819,17,30384.1142456733,13.789954337899498,Highly_Fatal_And_Damaging,3,0.29591849981969,1,train
688,2,0.429074922493588,77.34,70.0546946216956,7,31638.629323933998,73.37899543379001,Minor_Damage_And_Injuries,2,0.38174612333213104,3,train
7558,7,0.0033398864703658602,84.27,55.0592525068368,6,33757.0053641767,86.4840182648402,Significant_Damage_And_Serious_Injuries,21,0.43656040389469897,1,train
4900,3,0.128263029713891,83.22,67.8213309024613,10,25829.3853916475,38.2648401826484,Highly_Fatal_And_Damaging,1,0.421053732419762,3,train
7780,2,0.617217585058776,80.99,50.86599817684589,13,45105.8414366345,41.324200913242,Minor_Damage_And_Injuries,10,0.538976559682654,3,train
4941,4,0.0673084209630457,79.26,63.947128532361,9,37065.4837499923,42.5570776255708,Highly_Fatal_And_Damaging,1,0.264183916336098,2,train
9941,7,0.0028863577583363802,78.5,45.897903372834996,8,31544.5869936275,79.4977168949772,Significant_Damage_And_Serious_Injuries,13,0.63021348719798,1,train
10639,6,0.00908337648476575,78.51,71.9690063810392,10,35851.210781326,51.41552511415521,Significant_Damage_And_Serious_Injuries,16,0.38102488279841296,2,train
6718,4,0.0593813308679131,81.84,66.6362807657247,14,31993.458888341,37.1689497716895,Significant_Damage_And_Serious_Injuries,7,0.37345185719437396,2,train
2077,1,1.09257988690076,81.53,72.3792160437557,14,29596.464222992403,35.7077625570776,Significant_Damage_And_Serious_Injuries,5,0.314310133429499,0,train
1359,6,0.0072546048634942,83.53,91.20328167730172,9,30207.8523138926,64.5662100456621,Minor_Damage_And_Injuries,2,0.29700036062026697,1,train
11329,1,0.38948693524149997,77.25,60.6198723792161,8,10587.3525848917,43.7899543378995,Highly_Fatal_And_Damaging,6,0.5447464839523979,2,train
7277,1,1.02511328238221,78.11,58.38650865998179,21,27678.518395347797,25.662100456620998,Minor_Damage_And_Injuries,1,0.28221492967904804,1,train
1706,2,0.262284440356596,76.49,51.640838650866,15,18614.2680854717,33.0593607305936,Minor_Damage_And_Injuries,15,0.258053371799495,0,train
6096,4,0.0505580952090882,79.92,70.1914311759344,11,27619.7064200209,33.7899543378995,Highly_Fatal_And_Damaging,1,0.272838802740714,2,train
6735,4,0.035517130695692005,74.95,41.5223336371923,11,19872.4691787797,33.8356164383562,Significant_Damage_And_Fatalities,1,0.409874504147133,2,train
6610,7,0.0035124130283169398,78.7,61.3947128532361,15,37917.1797061165,34.0639269406393,Significant_Damage_And_Serious_Injuries,43,0.292672917417959,2,train
2626,3,0.133099569852491,78.73,53.600729261622604,11,27053.4458792123,46.5753424657534,Significant_Damage_And_Serious_Injuries,2,0.621558600793364,2,train
7850,6,0.0116123239444989,80.9,58.4320875113947,10,47462.7280298216,49.178082191780796,Significant_Damage_And_Serious_Injuries,4,0.39292535160476,2,train
744,3,0.16258386348284,80.77,60.9845031905196,9,32629.2975573198,41.1415525114155,Highly_Fatal_And_Damaging,12,0.267790119004688,1,train
3040,3,0.182930118985126,82.73,62.7164995442115,12,36749.152662344,31.7808219178082,Highly_Fatal_And_Damaging,1,0.443772809231878,1,train
8071,2,0.5924212664245411,79.09,68.0948040109389,14,43971.7104530714,49.04109589041099,Minor_Damage_And_Injuries,4,0.36984565452578405,1,train
12148,1,0.6648704538602429,78.66,53.919781221513205,15,16868.7507825344,20.1826484018265,Significant_Damage_And_Fatalities,0,0.34568409664623106,2,train
1068,3,0.18989185232330502,82.72,46.03463992707379,14,38476.5659567678,23.4703196347032,Significant_Damage_And_Fatalities,0,0.6107399927875939,2,train
8766,2,0.579229481985553,79.8,72.8805834092981,14,42622.3715192289,46.894977168949794,Minor_Damage_And_Injuries,8,0.352535881716553,0,train
2822,2,0.397706337034966,78.96,63.5824977210575,10,29333.0700005052,63.5159817351598,Minor_Damage_And_Injuries,2,0.25841399206635396,3,train
8192,2,0.351388022143726,83.6,55.834092980856894,12,26042.993443037798,55.5707762557078,Highly_Fatal_And_Damaging,21,0.5681868012982328,2,train
3397,6,0.0031625042767745603,78.66,60.9845031905196,13,15252.2217803697,29.406392694063896,Highly_Fatal_And_Damaging,19,0.448460872701046,1,train
11700,6,0.00544196944099981,80.64,54.922515952598,9,22017.9352065084,39.8173515981735,Highly_Fatal_And_Damaging,4,0.30709772809231894,2,train
3945,6,0.00926439171560809,84.62,66.22607110300821,16,34255.7043624546,29.223744292237395,Significant_Damage_And_Serious_Injuries,3,0.35542084385142403,3,train
5162,5,0.0212246538797448,82.13,77.4384685505925,15,32803.751703339396,42.9680365296804,Minor_Damage_And_Injuries,25,0.450263974035341,1,train
2010,7,0.0018358102342845102,78.46,35.6882406563355,15,18661.7138068118,32.7853881278539,Minor_Damage_And_Injuries,1,0.705583122971511,2,train
12391,2,0.231292269047612,82.46,82.04193254329991,14,17287.255617720803,47.9908675799087,Minor_Damage_And_Injuries,19,0.158882798413271,5,train
1168,2,0.653900333012144,78.68,66.5907019143118,10,48251.5866215288,39.8173515981735,Highly_Fatal_And_Damaging,2,0.460721961774252,2,train
5544,3,0.234985280834006,76.39,71.9234275296263,14,47141.2263132954,37.808219178082204,Significant_Damage_And_Serious_Injuries,5,0.18304435629282395,1,train