Accident_ID,Accident_Type_Code,Adverse_Weather_Metric,Cabin_Temperature,Control_Metric,Days_Since_Inspection,Max_Elevation,Safety_Score,Severity,Total_Safety_Complaints,Turbulence_In_gforces,Violations,source
7698,3,0.18395910365292498,80.51,47.9489516864175,19,36997.329884366,20.045662100456603,Minor_Damage_And_Injuries,12,0.49389902632527904,1,train
10080,3,0.141526014290169,77.34,64.35733819507749,13,28814.0737967906,38.675799086758,Significant_Damage_And_Serious_Injuries,10,0.33270176703930704,1,train
2538,3,0.201586739441268,77.36,89.10665451230629,17,40674.112655783,26.575342465753398,Significant_Damage_And_Serious_Injuries,1,0.33450486837360305,1,train
1435,7,0.00312164948656344,81.74,58.8422971741112,14,35634.894132916095,58.8584474885845,Significant_Damage_And_Fatalities,2,0.46721312657771297,2,train
4072,3,0.205286208938162,82.53,62.625341841385605,14,41413.121702732,36.8493150684931,Significant_Damage_And_Serious_Injuries,3,0.325128741435269,2,train
4265,6,0.0027925418240612302,83.72,55.651777575205095,11,8645.35570372917,45.890410958904106,Minor_Damage_And_Injuries,1,0.578644789037144,3,train
7164,7,0.00278932339913356,79.6,57.748404740200606,16,31639.1855021958,50.22831050228311,Significant_Damage_And_Fatalities,0,0.40338333934367104,3,train
12492,7,0.0039571065728607295,78.14,71.4676390154968,11,42627.7631749649,72.1461187214612,Significant_Damage_And_Fatalities,11,0.245071042192571,3,train
9050,1,0.439207928563992,81.0,61.2579762989973,17,10115.9216675063,14.8858447488584,Highly_Fatal_And_Damaging,10,0.501472051929318,0,train
215,3,0.186318355278325,87.47,74.4302643573382,8,37489.8125581997,56.894977168949794,Significant_Damage_And_Serious_Injuries,7,0.43547854309412204,3,train
1185,4,0.0356172029643824,80.49,62.944393801276206,14,19243.133090562398,38.675799086758,Significant_Damage_And_Serious_Injuries,9,0.32152253876667897,2,train
6852,2,0.47532266563794395,79.33,61.7593436645397,11,35004.0541195592,33.7442922374429,Highly_Fatal_And_Damaging,5,0.44413342949873796,1,train
136,2,0.46253870084788107,80.09,65.8158614402917,15,34076.4536138475,45.6164383561644,Minor_Damage_And_Injuries,2,0.224515686981608,0,train
912,2,0.469625726447576,79.49,62.5341841385597,7,34608.2943986072,70.5479452054795,Minor_Damage_And_Injuries,44,0.352535881716553,1,train
6930,7,0.00135636474701727,78.5,68.91522333637201,20,15246.0930451473,4.7945205479452095,Highly_Fatal_And_Damaging,1,0.23100685178507,3,train
8356,7,0.00250158912835895,83.72,55.9252506836828,9,27305.7293869438,76.39269406392691,Significant_Damage_And_Serious_Injuries,3,0.363354489722322,1,train
7593,2,0.548030970801103,79.81,42.023701002734704,7,40343.5706342527,70.1369863013699,Highly_Fatal_And_Damaging,17,0.584054093040028,2,train
5264,6,0.010121604078669001,80.48,63.30902461257979,5,38341.4628028992,66.57534246575341,Significant_Damage_And_Serious_Injuries,30,0.25841399206635396,1,train
3263,5,0.0242450616027844,82.08,81.4494074749317,13,37477.5074617678,51.917808219178106,Minor_Damage_And_Injuries,11,0.392204111071042,1,train
7895,6,0.0128950518817826,85.61,55.6973564266181,11,52015.794424162596,47.4885844748858,Minor_Damage_And_Injuries,16,0.33306238730616605,2,train
11963,1,0.9784546265153471,79.26,67.31996353691889,17,26616.837265357,27.945205479452,Significant_Damage_And_Serious_Injuries,5,0.377418680129823,2,train
2913,3,0.193613017863946,74.82,66.3172288058341,14,38880.4007290491,59.6803652968037,Significant_Damage_And_Fatalities,5,0.37633681932924606,1,train
7344,7,0.0032646245817578,82.66,69.73564266180489,17,36566.3964795644,48.6301369863014,Significant_Damage_And_Fatalities,1,0.30313090515687,2,train
11372,2,0.35571645860377,81.32,58.8422971741112,16,26210.1922272661,41.0502283105023,Minor_Damage_And_Injuries,3,0.20432095203750503,3,train
9597,7,0.00147995965828901,80.77,66.40838650866,14,11938.9093113064,59.2694063926941,Significant_Damage_And_Fatalities,2,0.283296790479625,3,train
2900,1,1.0886984822425798,79.71,79.80856882406559,14,29216.4159909021,36.8493150684931,Significant_Damage_And_Serious_Injuries,0,0.275723764875586,2,train
7756,4,0.0583398233039638,81.58,54.8313582497721,14,31864.7898725408,24.657534246575302,Significant_Damage_And_Fatalities,2,0.34965091958168,3,train
6618,3,0.211178175574612,76.86,50.091157702825896,15,42536.9610561116,46.4840182648402,Highly_Fatal_And_Damaging,13,0.7459725928597181,3,train
4374,7,0.0035540175873783205,81.43,55.9252506836828,12,40605.915940980696,54.4292237442922,Highly_Fatal_And_Damaging,8,0.39076163000360603,2,train
9893,1,1.66043195531517,79.35,66.0893345487694,14,45541.2367525593,47.945205479452,Minor_Damage_And_Injuries,8,0.337750450775333,2,train
7812,2,0.6221652043678599,78.54,86.918869644485,11,46043.985810050595,35.9360730593607,Highly_Fatal_And_Damaging,3,0.19891164803461897,0,train
256,6,0.00684331444711715,79.45,67.36554238833179,8,27093.5445642043,57.1689497716895,Significant_Damage_And_Serious_Injuries,3,0.416005048683736,4,train
1424,3,0.11128834238977199,81.03,79.7629899726527,14,22597.0959547712,38.310502283105,Significant_Damage_And_Serious_Injuries,0,0.289427335016228,3,train
7386,1,1.2398042612445601,81.86,67.4111212397448,11,33766.6231497173,33.2420091324201,Highly_Fatal_And_Damaging,1,0.368042553191489,3,train
5991,4,0.0599545335214721,79.75,60.07292616226071,9,32832.4176893392,39.8173515981735,Highly_Fatal_And_Damaging,1,0.36083014785430895,2,train
9338,4,0.0435364457252003,81.26,52.2333637192343,12,23701.007581183,30.7305936073059,Significant_Damage_And_Fatalities,0,0.23605553552109598,2,train
2368,2,0.533684621923382,78.52,78.714676390155,10,39506.6914240772,49.2694063926941,Significant_Damage_And_Serious_Injuries,0,0.449182113234764,3,train
194,1,0.9871838972247109,77.65,61.5770282588879,13,26762.071296217797,29.7260273972603,Highly_Fatal_And_Damaging,1,0.52599423007573,3,train
1962,4,0.0783387334083711,79.16,92.616226071103,17,42790.3357609339,26.438356164383602,Significant_Damage_And_Serious_Injuries,1,0.21117273710782503,3,train
11937,2,0.354201915427497,77.13,62.1239744758432,16,26266.1389809758,17.7168949771689,Highly_Fatal_And_Damaging,3,0.491014064190407,0,train
4288,6,0.00697645814427042,80.08,49.179580674567006,8,26005.3229868944,46.2100456621004,Highly_Fatal_And_Damaging,2,0.412759466282005,1,train
3403,5,0.0137472799987364,77.78,63.947128532361,14,20739.631879623703,49.04109589041099,Minor_Damage_And_Injuries,6,0.38751604760187497,3,train
8418,4,0.044082859659204,78.46,68.4594348222425,7,23692.097027919503,70.5022831050228,Minor_Damage_And_Injuries,0,0.42249621348719796,3,train
10422,2,0.335642631444626,74.85,61.5314494074749,17,25016.3637851441,36.8493150684931,Minor_Damage_And_Injuries,6,0.38102488279841296,1,train
6948,2,0.40440176208428597,82.56,61.212397447584294,11,30028.2840811135,46.5753424657534,Significant_Damage_And_Serious_Injuries,1,0.43042985935809597,1,train
3961,1,0.972402662659163,81.53,89.10665451230629,9,26572.9666742821,40.7305936073059,Highly_Fatal_And_Damaging,5,0.27536314460872696,1,train
5891,4,0.0614525873393909,75.25,56.608933454877004,18,33643.9887734499,9.31506849315068,Highly_Fatal_And_Damaging,4,0.273199423007573,2,train
12253,2,0.6557992780136329,82.71,56.517775752051,16,48162.872289348205,40.7762557077626,Highly_Fatal_And_Damaging,12,0.606412549585286,2,train
1202,3,0.16831461067345801,79.71,79.71741112123979,9,33701.3739418717,53.47031963470321,Significant_Damage_And_Serious_Injuries,1,0.297721601153985,2,train
9780,2,0.5505381337684561,79.21,55.834092980856894,12,40617.9788788948,56.4383561643835,Highly_Fatal_And_Damaging,0,0.363354489722322,1,train
8228,2,0.203715106441441,76.17,82.9535095715588,16,13214.8518929535,53.287671232876704,Significant_Damage_And_Fatalities,1,0.258774612333213,1,train
446,2,0.20078756321220004,77.69,69.8723792160438,11,12895.2925792209,60.136986301369895,Minor_Damage_And_Injuries,13,0.283296790479625,1,train
3796,4,0.0435847572179465,82.58,51.5952597994531,12,23999.441104421097,31.2328767123288,Significant_Damage_And_Fatalities,15,0.42285683375405697,2,train
5756,3,0.0941747741034185,79.22,58.38650865998179,15,18958.9284350624,42.8310502283105,Minor_Damage_And_Injuries,3,0.20432095203750503,0,train
6751,5,0.0240955544858232,78.46,32.7256153144941,14,36310.4576909527,35.0228310502283,Minor_Damage_And_Injuries,0,0.729744680851064,4,train
7685,7,0.0032646245817578,75.88,72.151321786691,16,33108.5121785402,19.041095890411,Highly_Fatal_And_Damaging,4,0.27969058781103495,3,train
8127,2,0.231292269047612,84.83,84.68550592525071,12,17287.255617720803,55.9360730593607,Minor_Damage_And_Injuries,1,0.151670393076091,1,train
200,4,0.0722610484320384,87.0,55.1504102096627,13,39646.0018104717,26.3470319634703,Significant_Damage_And_Fatalities,22,0.434396682293545,3,train
6888,2,0.5737489438521589,82.53,69.5077484047402,12,42416.270428752796,31.461187214611897,Highly_Fatal_And_Damaging,11,0.273560043274432,1,train
369,4,0.0224178241914354,75.5,51.1850501367366,18,11781.873626946299,11.0045662100457,Significant_Damage_And_Fatalities,2,0.763282365668951,3,train
11330,2,0.51978130044264,76.12,70.1458523245214,17,38288.4040060295,39.5890410958904,Minor_Damage_And_Injuries,3,0.31214641182834496,2,train
9103,4,0.0384089818644619,81.24,82.2242479489517,13,21156.477787046002,40.3196347031963,Significant_Damage_And_Serious_Injuries,4,0.318276956364948,2,train
8205,1,2.36537839986842,81.96,68.4138559708295,9,56326.3502441608,41.1872146118721,Highly_Fatal_And_Damaging,2,0.27752686620988104,3,train
2569,5,0.0165134897469149,79.66,70.8751139471286,12,25562.603471169303,55.5707762557078,Minor_Damage_And_Injuries,1,0.52238802740714,2,train
6891,1,1.2119543063583997,78.95,45.8067456700091,17,32718.3677403417,12.6027397260274,Significant_Damage_And_Fatalities,1,0.631295347998557,2,train
8879,6,0.00713918772315649,76.48,56.517775752051,10,30372.7583025121,40.091324200913206,Highly_Fatal_And_Damaging,5,0.45603389830508395,2,train
2721,3,0.18250220288498104,83.56,56.0619872379216,6,36837.9660008634,62.0091324200913,Significant_Damage_And_Serious_Injuries,0,0.546910205553552,2,train
5592,1,2.1169768440478602,80.19,56.0619872379216,17,55934.468569702,27.1232876712329,Minor_Damage_And_Injuries,2,0.46613126577713604,2,train
7233,1,1.04519049130943,79.58,71.19416590701921,14,28549.7555524629,23.6986301369863,Highly_Fatal_And_Damaging,15,0.273560043274432,1,train
4101,2,0.617744870168884,81.44,55.1504102096627,13,45020.554349611506,26.392694063926896,Significant_Damage_And_Fatalities,6,0.4185293905517489,3,train
4753,6,0.006512845219099271,77.03,73.2907930720146,12,27584.056491732,41.1415525114155,Significant_Damage_And_Serious_Injuries,2,0.34027479264334604,2,train
4587,4,0.0564238689532988,76.68,74.3391066545123,20,31531.7961960508,27.4885844748858,Minor_Damage_And_Injuries,1,0.305294626758024,2,train
1257,6,0.0064619822105722894,80.58,79.39835916134909,14,26266.3679590952,37.671232876712295,Significant_Damage_And_Serious_Injuries,4,0.322965019834114,2,train
4172,1,0.6601729640902421,85.75,65.8614402917047,15,16878.4843087957,20.2283105022831,Highly_Fatal_And_Damaging,5,0.19350234403173397,3,train
1301,7,0.0028541965446328603,79.38,71.8322698268004,13,31424.3927488377,62.6940639269406,Significant_Damage_And_Fatalities,29,0.183404976559682,2,train
7227,7,0.00171823991731958,77.05,61.485870556062004,10,19742.2730195278,75.5707762557078,Significant_Damage_And_Fatalities,13,0.300245943021998,1,train
6043,3,0.18710519224946104,79.57,73.9288969917958,12,37571.9051001859,44.7488584474886,Significant_Damage_And_Serious_Injuries,4,0.41384132708258203,1,train
1908,1,0.813088558799784,84.78,64.9954421148587,20,21997.4295032142,4.93150684931507,Highly_Fatal_And_Damaging,1,0.289427335016228,2,train
2632,2,0.441091386952033,76.02,75.75205104831359,12,32625.7179340323,30.1369863013699,Highly_Fatal_And_Damaging,2,0.265987017670393,3,train
6840,4,0.0382474902668748,81.27,73.60984503190521,11,21061.752434631202,33.7899543378995,Highly_Fatal_And_Damaging,2,0.404104579877389,0,train
479,3,0.17069849613110996,81.25,53.09936189608021,13,34172.776389764396,51.232876712328796,Minor_Damage_And_Injuries,3,0.325849981968986,1,train
9813,1,0.7905536062755699,78.66,62.351868732907896,9,21865.1119571099,40.5479452054794,Highly_Fatal_And_Damaging,13,0.375615578795528,3,train
3805,2,0.65347854608736,82.69,64.8131267092069,11,48274.055452493,58.0365296803653,Minor_Damage_And_Injuries,5,0.329095564370718,3,train
11807,2,0.47352544002111396,78.1,55.469462169553296,12,35070.3331931138,56.52968036529679,Highly_Fatal_And_Damaging,0,0.459279480706816,2,train
4850,2,0.441152689524508,79.12,84.0018231540565,13,32572.073153178702,52.2374429223744,Minor_Damage_And_Injuries,3,0.25985647313379,2,train
6283,1,1.01607221631166,79.17,75.34184138559709,12,27658.7234251664,65.296803652968,Significant_Damage_And_Fatalities,2,0.168258925351605,2,train
3343,1,1.66486418964678,82.75,48.31358249772101,14,45383.7009524717,24.7945205479452,Significant_Damage_And_Fatalities,4,0.592348359177785,3,train
698,7,0.00265756641815923,77.75,66.5451230628988,15,28891.498017638598,56.712328767123296,Significant_Damage_And_Fatalities,2,0.375615578795528,1,train
7655,4,0.0620379742960961,80.04,60.027347310847794,18,33944.6431410097,35.7077625570776,Minor_Damage_And_Injuries,14,0.46577064551027797,3,train
7052,7,0.00343974015422181,78.96,70.3281677301732,15,38924.6214354371,55.9360730593607,Significant_Damage_And_Fatalities,5,0.29231229715109996,0,train
10651,5,0.0309501756806459,81.91,46.03463992707379,14,45815.565530360494,23.7442922374429,Significant_Damage_And_Fatalities,0,0.409874504147133,1,train
10859,1,0.9979805744848821,83.36,64.9954421148587,20,27361.8000012909,0.0,Highly_Fatal_And_Damaging,7,0.549434547421565,0,train
4886,1,1.07868990698059,78.43,76.5268915223336,16,29801.506524573102,18.949771689497698,Highly_Fatal_And_Damaging,0,0.32765308330328097,2,train
9482,7,0.00412999471383646,76.96,71.1485870556062,16,42912.5244287391,41.324200913242,Minor_Damage_And_Injuries,5,0.42393869455463395,3,train
2960,2,0.627074277696416,83.84,69.4621695533273,9,46308.2439160623,66.25570776255711,Minor_Damage_And_Injuries,2,0.37958240173097707,2,train
8673,2,0.5510408050069999,79.6,51.9143117593437,13,40741.8822675604,50.86757990867579,Highly_Fatal_And_Damaging,3,0.556286332491886,0,train
3791,6,0.009828204709185741,79.49,59.480401093892496,14,39150.6721955048,24.8401826484018,Highly_Fatal_And_Damaging,21,0.584054093040028,3,train
10068,4,0.0713789477305042,77.6,75.432999088423,9,39024.0290886163,42.9680365296804,Highly_Fatal_And_Damaging,6,0.244349801658853,2,train
11553,3,0.17089911377233,78.21,85.5970829535096,11,34497.643982666,46.4840182648402,Significant_Damage_And_Serious_Injuries,1,0.259135232600072,3,train
5216,1,0.894482923105375,78.05,65.9981768459435,15,24554.5855122477,45.296803652967995,Minor_Damage_And_Injuries,8,0.28654237288135603,0,train
2208,2,0.493845717527548,79.62,65.5423883318141,13,36133.3387032021,51.6438356164384,Minor_Damage_And_Injuries,13,0.318276956364948,2,train
11839,2,0.389545009608015,80.92,58.979033728350004,9,28609.125976105497,64.1552511415525,Minor_Damage_And_Injuries,9,0.32368626036783194,3,train
2395,7,0.0023485546273337397,78.08,50.1823154056518,10,24626.2329864038,60.1826484018265,Significant_Damage_And_Serious_Injuries,2,0.484522899386945,3,train
4982,3,0.179528293028085,80.8,57.5660893345488,16,35862.1682875726,31.1872146118721,Significant_Damage_And_Serious_Injuries,5,0.328734944103858,2,train
3303,7,0.00300586985694696,80.02,64.2661804922516,13,35719.992068152795,62.4200913242009,Significant_Damage_And_Fatalities,22,0.339192931842769,4,train
5173,6,0.0104735164225717,83.37,85.8705560619873,10,39455.0809877443,47.71689497716889,Significant_Damage_And_Serious_Injuries,0,0.215500180310133,2,train
60,4,0.049707368124433,79.63,69.5533272561531,6,27431.082924383398,54.84018264840179,Highly_Fatal_And_Damaging,6,0.305294626758024,1,train
9203,4,0.0454098325116744,79.88,74.1567912488605,19,25245.6347673321,31.552511415525103,Minor_Damage_And_Injuries,9,0.23280995311936498,2,train
6506,2,0.48443043199403496,78.92,87.693710118505,10,35847.895873568,61.643835616438295,Minor_Damage_And_Injuries,12,0.253725928597187,3,train
1353,3,0.149641084203215,77.4,54.557885141294406,17,30063.405073106802,28.2191780821918,Minor_Damage_And_Injuries,22,0.27969058781103495,0,train
11053,1,1.27665927889249,79.81,43.5278030993619,17,34595.3633432901,16.0730593607306,Significant_Damage_And_Fatalities,3,0.47911359538406,2,train
169,3,0.22285938743790698,77.65,79.39835916134909,13,45239.9524774151,40.365296803653,Significant_Damage_And_Serious_Injuries,8,0.315752614496934,0,train
2696,2,0.391901325903437,77.41,72.0145852324522,12,28923.9002638104,55.5707762557078,Minor_Damage_And_Injuries,21,0.205042192571222,1,train
10161,5,0.0175108013766839,83.76,70.2825888787603,13,25562.603471169303,50.3196347031963,Minor_Damage_And_Injuries,0,0.5461889650198339,0,train
7575,6,0.007972713793777321,83.11,63.8559708295351,18,31111.5384572407,24.383561643835602,Significant_Damage_And_Serious_Injuries,0,0.35361774251712896,3,train
7341,4,0.0324831783332799,86.98,54.968094804010896,13,17318.5484826987,30.1369863013699,Significant_Damage_And_Fatalities,0,0.240743598990263,2,train
2151,6,0.0117758107745166,89.51,68.6873290793072,13,46328.8706815311,38.8127853881278,Significant_Damage_And_Serious_Injuries,22,0.192059862964299,1,train
1884,3,0.142615982984133,83.36,69.1431175934367,8,28602.6042861829,56.7579908675799,Significant_Damage_And_Serious_Injuries,4,0.445215290299315,3,train
644,4,0.0558063494423823,81.21,62.853236098450296,9,30428.3031280998,43.0593607305936,Highly_Fatal_And_Damaging,22,0.350732780382257,1,train
5038,6,0.00539594244887619,76.98,59.6171376481313,20,23279.078346243703,16.986301369863,Significant_Damage_And_Serious_Injuries,6,0.322965019834114,0,train
5116,4,0.0454597222702216,77.3,80.6289881494986,15,25111.174904879503,21.1872146118721,Highly_Fatal_And_Damaging,0,0.308900829426614,2,train
1375,2,0.339886381510903,81.86,66.8641750227894,16,25419.8015193351,41.7351598173516,Minor_Damage_And_Injuries,6,0.251201586729174,1,train
10894,5,0.0227523182589593,85.87,55.6973564266181,15,34205.1278146446,22.7853881278539,Significant_Damage_And_Fatalities,6,0.411316985214569,1,train
2401,6,0.007547421130119441,84.01,63.126709206928,10,30147.9054384671,51.2785388127854,Significant_Damage_And_Serious_Injuries,13,0.46108258204110997,1,train
9502,6,0.010247915761715,77.92,52.3245214220602,13,41643.7682906453,38.310502283105,Minor_Damage_And_Injuries,1,0.33702921024161503,1,train
5570,1,0.9371474307712859,74.85,60.4375569735643,5,25598.804538292003,55.1141552511415,Highly_Fatal_And_Damaging,2,0.24290732059141698,1,train
2487,7,0.00493421862080108,82.93,66.9097538742024,21,49433.3029790945,1.14155251141552,Highly_Fatal_And_Damaging,14,0.35217526144969297,2,train
8037,4,0.0494697995302419,78.46,53.919781221513205,10,26685.296362782403,48.401826484018294,Minor_Damage_And_Injuries,1,0.315752614496934,1,train
3870,3,0.147509964610866,79.55,54.968094804010896,4,29734.4413363987,72.1004566210046,Minor_Damage_And_Injuries,3,0.300967183555716,2,train
10148,2,0.30682968039916897,78.52,48.222424794895204,15,22332.085688504198,44.4292237442922,Highly_Fatal_And_Damaging,3,0.660144969347277,2,train
4142,3,0.0789915262449856,78.12,71.2397447584321,7,16229.7283441618,61.232876712328796,Significant_Damage_And_Serious_Injuries,0,0.293754778218536,1,train
6860,1,0.8406949509490059,78.64,66.7730173199635,14,22550.623318695,48.8584474885845,Minor_Damage_And_Injuries,23,0.417808150018031,1,train
4107,5,0.0218634673868009,80.64,88.6052871467639,12,33268.4518194129,55.8447488584475,Minor_Damage_And_Injuries,2,0.207566534439235,3,train
2805,1,0.992974229396275,79.94,83.54603463992709,10,26920.037175243102,61.41552511415521,Minor_Damage_And_Injuries,0,0.24831662459430198,3,train
10909,4,0.0340977244601301,77.65,41.659070191431205,16,18491.7313994727,28.949771689497698,Minor_Damage_And_Injuries,2,0.462164442841687,4,train
3871,4,0.0586746001326933,79.94,88.2862351868733,18,32222.0358753946,33.7899543378995,Minor_Damage_And_Injuries,1,0.240382978723404,2,train
6004,2,0.37341368105690204,76.79,47.857793983591606,14,27506.848931160697,25.8904109589041,Significant_Damage_And_Fatalities,1,0.38210674359899,2,train
8011,2,0.67415476619384,83.15,69.91795806745671,12,49803.0831353689,55.7077625570776,Minor_Damage_And_Injuries,21,0.351454020915975,2,train
2047,2,0.341937267945787,86.08,83.8195077484048,17,25377.6648055458,27.4885844748858,Significant_Damage_And_Serious_Injuries,0,0.19278110349801603,2,train
7146,2,0.553097083571328,77.69,49.4530537830446,12,40813.3057574463,30.8219178082192,Highly_Fatal_And_Damaging,1,0.498947710061305,3,train
2965,3,0.146630034655966,75.95,79.03372835004559,13,29428.5998046567,40.6392694063927,Significant_Damage_And_Serious_Injuries,1,0.37273061666065604,4,train
5942,4,0.0528874696253254,79.31,65.587967183227,15,28976.8387515777,21.2328767123288,Highly_Fatal_And_Damaging,3,0.19350234403173397,2,train
11853,2,0.210346808285708,80.09,82.86235186873292,13,16008.7450906877,27.2602739726027,Highly_Fatal_And_Damaging,13,0.211893977641543,3,train
9827,4,0.0618281120215323,82.3,67.8213309024613,10,33921.7026214133,38.2648401826484,Highly_Fatal_And_Damaging,2,0.452067075369635,1,train
5233,1,1.0827906220613501,77.75,57.2926162260711,12,29601.0780584221,30.776255707762605,Highly_Fatal_And_Damaging,1,0.49353840605842003,1,train
6779,6,0.00831707573304156,87.72,88.0127620783956,14,36644.9561608933,36.8493150684931,Significant_Damage_And_Serious_Injuries,4,0.200354129102055,3,train
11928,3,0.0447153366816364,76.01,45.2142206016409,11,5142.286073104389,45.0684931506849,Minor_Damage_And_Injuries,6,0.63742589253516,3,train
8717,3,0.17151013393546302,77.29,67.5934366453965,16,34016.7896094001,30.6849315068493,Significant_Damage_And_Serious_Injuries,0,0.20828777497295398,1,train
6219,1,1.1071332294227298,80.52,62.625341841385605,13,30112.702080415802,28.2191780821918,Highly_Fatal_And_Damaging,3,0.480556076451497,2,train
12216,1,1.0371979078718199,82.31,48.49589790337279,18,28193.962254837003,34.0182648401826,Highly_Fatal_And_Damaging,1,0.44196970789758294,1,train
3089,2,0.262284440356596,77.9,45.8067456700091,11,19136.0861004631,34.337899543379,Significant_Damage_And_Fatalities,6,0.4567551388388029,2,train
4298,3,0.145406245169267,79.37,52.142206016408394,12,29224.022983143303,41.9178082191781,Minor_Damage_And_Injuries,0,0.510848178867652,0,train
2243,3,0.182025377886897,78.37,31.4949863263446,14,36376.498578342995,36.027397260274,Minor_Damage_And_Injuries,2,0.7777071763433109,5,train
6226,5,0.0294822052768993,81.78,67.18322698268001,12,43482.8520757632,44.5205479452055,Significant_Damage_And_Serious_Injuries,1,0.411316985214569,3,train
12131,4,0.0713728148247185,81.52,55.0592525068368,13,38896.1729120633,40.593607305936104,Minor_Damage_And_Injuries,10,0.5241911287414349,3,train
5282,1,1.29301476392542,76.28,67.7301731996354,19,35067.7050829379,7.99086757990868,Highly_Fatal_And_Damaging,0,0.20396033177064501,4,train
8229,4,0.0303895622038682,79.98,75.70647219690059,9,16209.2902996607,40.7762557077626,Highly_Fatal_And_Damaging,3,0.36984565452578405,2,train
8103,3,0.13476323643287402,78.04,71.0118505013674,10,26734.014032412597,50.50228310502279,Significant_Damage_And_Serious_Injuries,3,0.326931842769563,1,train
5779,1,1.22751849059637,78.93,88.24065633546041,8,33395.5017361782,44.84018264840179,Highly_Fatal_And_Damaging,2,0.212254597908403,2,train
10132,2,0.346527327910913,79.39,53.96536007292621,9,25642.1963410359,52.511415525114096,Minor_Damage_And_Injuries,5,0.461803822574828,1,train
8413,3,0.18710519224946104,80.59,65.1321786690975,16,37550.3987735086,31.1872146118721,Significant_Damage_And_Serious_Injuries,5,0.38282798413270797,1,train
4706,1,0.7410000858734129,89.51,71.8778486782133,16,20524.261656695802,18.2191780821918,Highly_Fatal_And_Damaging,4,0.253725928597187,0,train
386,4,0.076505897644789,82.15,29.8997265268915,19,41873.4884147618,7.44292237442922,Significant_Damage_And_Fatalities,7,0.606412549585286,2,train
6155,2,0.481719619088506,80.91,67.1376481312671,14,35676.3730916699,49.2237442922374,Minor_Damage_And_Injuries,6,0.417086909484313,2,train
11994,2,0.51228691784601,80.42,54.8313582497721,13,37853.1677471245,51.2785388127854,Highly_Fatal_And_Damaging,1,0.434396682293545,2,train
968,3,0.17762332482647303,79.69,57.520510483135794,11,35500.5630256623,34.3835616438356,Highly_Fatal_And_Damaging,5,0.328734944103858,2,train
11979,4,0.0623374264236487,78.87,61.5314494074749,18,34120.059024156,35.9817351598173,Minor_Damage_And_Injuries,6,0.38102488279841296,1,train
766,1,2.0484904799918704,77.44,54.4667274384686,19,55934.468569702,20.365296803653,Minor_Damage_And_Injuries,9,0.46937684817886705,2,train
10525,2,0.40359393619200296,78.93,64.6308113035552,15,29727.4972777029,45.9817351598173,Minor_Damage_And_Injuries,1,0.316473855030653,4,train
10418,1,1.14962907963072,78.59,66.40838650866,15,30966.1598251022,33.972602739726,Significant_Damage_And_Serious_Injuries,0,0.38751604760187497,3,train
6575,5,0.0227520656738623,81.81,62.351868732907896,12,34233.0433595664,66.4840182648402,Significant_Damage_And_Fatalities,2,0.40266209880995296,1,train
4118,7,0.0022456217739845303,79.48,56.8368277119417,18,24600.5650962669,23.8812785388128,Significant_Damage_And_Serious_Injuries,1,0.786362062747926,2,train
8352,3,0.130685044919669,76.41,79.39835916134909,14,26194.6862921461,37.85388127853879,Significant_Damage_And_Serious_Injuries,4,0.222351965380454,0,train
556,1,1.15647808158358,82.53,55.651777575205095,13,31571.3496204891,27.671232876712303,Significant_Damage_And_Fatalities,29,0.5382553191489361,2,train
4436,2,0.506902920654004,76.05,69.5989061075661,17,37626.225581993,38.0365296803653,Minor_Damage_And_Injuries,0,0.38751604760187497,1,train
10463,7,0.00277740022017135,79.6,55.6973564266181,15,31706.3038057388,57.899543378995396,Significant_Damage_And_Serious_Injuries,7,0.455673278038226,2,train
11584,4,0.0423891336784103,78.69,77.98541476754791,10,22834.1486913392,40.0456621004566,Highly_Fatal_And_Damaging,0,0.26815073927154703,4,train
1766,3,0.169435829021002,81.79,74.7037374658159,11,34481.225822636,47.5342465753425,Significant_Damage_And_Serious_Injuries,9,0.33702921024161503,0,train
7619,2,0.42435208330785296,78.5,61.485870556062004,15,31292.9574886337,46.1187214611872,Minor_Damage_And_Injuries,9,0.533927875946628,2,train
350,4,0.0760172273487276,78.62,73.70100273473109,7,41910.8098811917,48.81278538812779,Highly_Fatal_And_Damaging,2,0.203599711503786,3,train
11805,4,0.0865139983925863,87.86,73.70100273473109,12,47592.316643138,30.1369863013699,Highly_Fatal_And_Damaging,10,0.36948503425892504,2,train
3646,2,0.588559894511099,80.13,51.3673655423883,10,43203.9825103468,61.41552511415521,Highly_Fatal_And_Damaging,1,0.460361341507393,3,train
8447,1,1.21929907926779,80.15,66.0893345487694,17,33143.9853063049,12.9223744292237,Highly_Fatal_And_Damaging,34,0.41744752975117205,4,train
6366,7,0.00298099920855631,82.6,78.07657247037379,5,36493.1943544014,87.48858447488578,Significant_Damage_And_Fatalities,3,0.20432095203750503,3,train
11321,6,0.00720357970658475,86.8,41.066545123062895,17,28384.5263097579,24.657534246575302,Significant_Damage_And_Serious_Injuries,16,0.694764514965741,3,train
11365,5,0.00565999846684,83.76,62.2151321786691,13,8645.35570372917,51.232876712328796,Minor_Damage_And_Injuries,1,0.5523195095564369,1,train