Accident_ID,Accident_Type_Code,Adverse_Weather_Metric,Cabin_Temperature,Control_Metric,Days_Since_Inspection,Max_Elevation,Safety_Score,Severity,Total_Safety_Complaints,Turbulence_In_gforces,Violations,source
7859,6,0.00497222435160952,78.58,68.7784867821331,21,20059.3847114503,4.29223744292237,Highly_Fatal_And_Damaging,4,0.19710854670032502,3,train
998,7,0.0041581241129062295,78.05,72.0145852324522,17,43767.580522752,16.1643835616438,Highly_Fatal_And_Damaging,12,0.26165957446808497,2,train
12078,4,0.0703800483391097,82.12,62.2607110300821,13,38271.1876810546,29.7260273972603,Highly_Fatal_And_Damaging,13,0.375615578795528,1,train
2678,4,0.0449289157473636,78.55,51.0483135824977,14,24188.3948414421,25.616438356164398,Significant_Damage_And_Fatalities,2,0.63021348719798,1,train
4290,6,0.00910625571870795,84.72,81.5861440291705,16,34431.918369792904,29.634703196346997,Significant_Damage_And_Serious_Injuries,0,0.4336754417598271,0,train
8704,7,0.0021852795760138,78.58,75.432999088423,15,24801.737975067797,23.378995433789896,Highly_Fatal_And_Damaging,5,0.24795600432744297,2,train
7959,6,0.008608154830671141,79.8,75.432999088423,12,34640.546869596605,33.470319634703195,Highly_Fatal_And_Damaging,1,0.31358889289578,1,train
1708,5,0.025816320539417997,80.92,59.161349134001796,11,40073.720174847,34.7488584474886,Highly_Fatal_And_Damaging,1,0.503996393797331,4,train
9614,7,0.00360683476794685,84.09,56.973564266180496,10,40277.3094684945,76.6666666666667,Significant_Damage_And_Serious_Injuries,10,0.448460872701046,3,train
10408,4,0.0488975818320902,78.28,70.1002734731085,16,27007.9663942613,18.310502283105,Highly_Fatal_And_Damaging,9,0.33811107104219196,1,train
4033,2,0.498504576895618,78.56,84.2752962625342,15,36834.7828425541,46.5753424657534,Minor_Damage_And_Injuries,7,0.263823296069239,3,train
3668,4,0.0661081166338039,76.06,66.7730173199635,17,36324.9430018409,13.698630136986301,Highly_Fatal_And_Damaging,0,0.38030364226469504,2,train
5397,4,0.0264588314136203,78.96,60.7110300820419,11,14874.3455650257,68.49315068493149,Significant_Damage_And_Fatalities,1,0.496423368193292,2,train
11814,4,0.0714856336544902,80.13,71.2397447584321,20,39215.0592883377,27.397260273972602,Minor_Damage_And_Injuries,4,0.438724125495853,2,train
6857,3,0.253342148267452,78.82,68.7784867821331,15,51678.284648488,33.7899543378995,Significant_Damage_And_Serious_Injuries,1,0.323325640100974,0,train
7220,5,0.0148082405234847,82.41,63.8559708295351,12,21402.760113738503,44.5205479452055,Significant_Damage_And_Serious_Injuries,0,0.27788748647674,3,train
8570,6,0.00832899694803638,81.46,69.1431175934367,13,36790.500809401696,41.1872146118721,Significant_Damage_And_Serious_Injuries,2,0.315752614496934,3,train
3634,3,0.149122605634599,76.8,66.2716499544212,13,30122.3193576333,27.7168949771689,Highly_Fatal_And_Damaging,5,0.22343382618103103,0,train
9556,6,0.00957553756891347,85.04,56.1531449407475,19,38703.1691908605,19.5433789954338,Minor_Damage_And_Injuries,0,0.313228272628922,0,train
10908,3,0.19890841544930998,82.36,72.8805834092981,11,39863.368315359905,45.79908675799089,Significant_Damage_And_Serious_Injuries,24,0.365157591056617,2,train
1742,6,0.0114943524785138,77.98,80.4466727438469,17,45239.9524774151,24.383561643835602,Significant_Damage_And_Serious_Injuries,4,0.30313090515687,3,train
9837,5,0.0302458106880006,78.47,58.2953509571559,13,43786.173360848,52.739726027397204,Minor_Damage_And_Injuries,3,0.46829498737829,1,train
11511,4,0.0435688687075891,82.97,89.1978122151322,16,23511.571145898397,18.949771689497698,Highly_Fatal_And_Damaging,1,0.27139632167327804,2,train
3903,6,0.00847670132384697,75.94,72.47037374658159,6,33573.269939903505,76.62100456620999,Minor_Damage_And_Injuries,0,0.38715542733501596,3,train
4132,1,0.8313007031938701,78.5,60.75660893345489,16,22550.623318695,54.109589041095894,Significant_Damage_And_Fatalities,20,0.419971871619185,3,train
3220,7,0.00166625715666245,80.71,62.351868732907896,9,19518.5621631503,41.1415525114155,Highly_Fatal_And_Damaging,11,0.314670753696357,1,train
3551,1,1.50398754286448,78.49,66.4995442114859,19,40347.886658032,18.7214611872146,Significant_Damage_And_Serious_Injuries,12,0.42177497295348,1,train
11793,6,0.00716896155939985,77.32,74.7948951686418,3,30445.167706483197,65.3424657534246,Highly_Fatal_And_Damaging,2,0.306015867291742,2,train
3480,1,1.11360026590412,76.89,45.3965360072927,17,30233.1910796089,15.8904109589041,Significant_Damage_And_Fatalities,2,0.514093761269383,3,train
9931,7,0.003992843623840021,83.33,59.0701914311759,10,41695.975178656,39.5433789954338,Highly_Fatal_And_Damaging,6,0.488850342589253,1,train
1273,4,0.0489849322409907,82.21,73.4731084776664,11,26674.9433945282,34.1095890410959,Highly_Fatal_And_Damaging,1,0.419971871619185,1,train
538,1,0.928160114062658,78.64,65.8158614402917,18,25276.601715896602,34.6575342465753,Minor_Damage_And_Injuries,5,0.282575549945907,3,train
2187,5,0.0185203892363935,81.56,72.4247948951687,9,27776.6103421415,53.74429223744289,Significant_Damage_And_Serious_Injuries,2,0.420332491886044,2,train
5921,3,0.140988659182671,78.28,77.848678213309,13,28154.280348006803,39.4977168949772,Significant_Damage_And_Serious_Injuries,1,0.399416516408222,2,train
7074,3,0.22568423147531,81.78,62.625341841385605,14,45341.2787914712,36.301369863013704,Significant_Damage_And_Serious_Injuries,3,0.325128741435269,2,train
9501,6,0.00575729159765092,83.39,52.18778486782129,9,21779.8358358126,53.7899543378995,Minor_Damage_And_Injuries,0,0.491735304724126,2,train
2747,7,0.0037500668344686897,82.5,70.60164083865091,16,42628.510405682006,54.2922374429224,Significant_Damage_And_Fatalities,0,0.29123043635052304,1,train
3750,1,1.4077552684157402,79.71,58.7967183226983,12,38518.047999664304,33.1963470319635,Highly_Fatal_And_Damaging,5,0.36443635052289897,3,train
9766,7,0.00460286344892508,80.7,67.36554238833179,16,47430.2732035325,40.9132420091324,Minor_Damage_And_Injuries,23,0.35217526144969297,3,train
6353,4,0.0800334853925099,84.48,58.7967183226983,11,43887.3019722406,36.62100456621,Highly_Fatal_And_Damaging,7,0.4120382257482871,0,train
3951,2,0.6903521328827961,81.28,65.4056517775752,11,51160.0188437154,36.62100456621,Highly_Fatal_And_Damaging,11,0.272478182473855,3,train
12258,7,0.00179714325210385,78.92,54.8313582497721,14,17216.4218876264,59.4520547945205,Significant_Damage_And_Serious_Injuries,0,0.45747637937252095,1,train
10314,2,0.44445203903850605,78.71,64.17502278942571,13,32739.2459757613,39.2694063926941,Significant_Damage_And_Serious_Injuries,1,0.330898665705012,2,train
3277,4,0.0888961552082543,77.55,50.86599817684589,13,47882.5666610854,41.2785388127854,Minor_Damage_And_Injuries,10,0.538976559682654,2,train
10825,3,0.16768334252490696,84.96,39.8814949863264,10,33576.0742769008,50.0913242009132,Minor_Damage_And_Injuries,3,0.585857194374324,1,train
5530,1,1.2129640235634098,82.3,57.611668185961705,14,32734.066163725096,37.671232876712295,Significant_Damage_And_Serious_Injuries,5,0.312507032095204,0,train
10344,2,0.254442294313853,77.91,44.758432087511395,15,19136.0861004631,22.7853881278539,Significant_Damage_And_Fatalities,4,0.45387017670393,2,train
11857,1,0.956826200797043,80.45,49.4530537830446,10,25958.1374625071,39.406392694063896,Significant_Damage_And_Fatalities,8,0.5310429138117561,4,train
5096,4,0.0593966255335747,84.03,59.0701914311759,16,32035.246211795296,19.1780821917808,Highly_Fatal_And_Damaging,10,0.514093761269383,2,train
11885,2,0.379276810633701,79.32,59.115770282588905,14,28208.2593702175,49.36073059360729,Minor_Damage_And_Injuries,2,0.375254958528669,2,train
11658,7,0.00258556122063918,79.58,74.06563354603459,15,31164.4523117872,20.1826484018265,Highly_Fatal_And_Damaging,0,0.42429931482149297,2,train
4466,7,0.00266007015636225,78.94,45.5332725615314,14,28287.9926044483,60.5479452054795,Significant_Damage_And_Serious_Injuries,2,0.35938766678687295,2,train
5518,2,0.397454927362596,81.56,66.7730173199635,14,29368.1675507863,48.9041095890411,Minor_Damage_And_Injuries,23,0.344602235845654,0,train
9041,3,0.15451742871291402,77.55,80.4922515952598,8,31035.6551968925,57.077625570776206,Significant_Damage_And_Serious_Injuries,9,0.5029145329967539,1,train
10413,4,0.0304735173357446,81.87,68.64175022789429,16,16238.5861110973,17.3972602739726,Highly_Fatal_And_Damaging,15,0.267429498737829,2,train
11169,3,0.15464832621369598,76.39,71.9234275296263,14,30830.394018745697,37.671232876712295,Significant_Damage_And_Serious_Injuries,5,0.27788748647674,2,train
9653,3,0.148832135405465,80.19,59.2069279854148,18,30056.898942430296,23.6529680365297,Significant_Damage_And_Serious_Injuries,0,0.518421204471691,2,train
9851,3,0.17089911377233,81.85,64.6763901549681,16,34255.7043624546,28.9041095890411,Significant_Damage_And_Serious_Injuries,3,0.34171727371078203,3,train
3509,4,0.0744832392429479,88.71,56.38103919781221,5,40646.9528251508,68.1278538812785,Minor_Damage_And_Injuries,7,0.276805625676163,1,train
8872,2,0.42347102398951597,82.91,67.0920692798541,20,31302.385119461498,17.351598173516,Significant_Damage_And_Serious_Injuries,7,0.46973746844572706,1,train
10482,4,0.0865139983925863,76.61,57.8851412944394,17,47507.7168742865,14.200913242009099,Highly_Fatal_And_Damaging,1,0.285821132347638,3,train
8732,3,0.194627896518072,78.67,54.4667274384686,12,39083.4123264333,53.8356164383562,Significant_Damage_And_Serious_Injuries,1,0.6049700685178511,2,train
7796,3,0.202628386150138,80.76,74.7948951686418,17,40230.3528397513,27.305936073059396,Significant_Damage_And_Serious_Injuries,2,0.45134583483591795,3,train
4582,5,0.0169084447733504,78.78,82.9079307201459,8,25298.9797853968,69.634703196347,Minor_Damage_And_Injuries,0,0.269953840605842,2,train
11841,7,0.0012985721361449699,83.08,75.38742023701,17,12800.2929710725,48.8584474885845,Significant_Damage_And_Fatalities,5,0.388597908402452,2,train
4116,1,1.2086516802079499,75.88,78.94257064721971,17,32625.7179340323,38.8584474885845,Minor_Damage_And_Injuries,4,0.278608727010458,4,train
3042,4,0.0612243728033003,84.51,69.1431175934367,10,33523.702338797404,37.5799086757991,Highly_Fatal_And_Damaging,6,0.289427335016228,2,train
2528,4,0.0639610596417436,77.4,48.040109389243405,19,34735.4582523127,30.7305936073059,Highly_Fatal_And_Damaging,0,0.510848178867652,2,train
5571,7,0.00141753325541133,83.82,66.1804922515953,17,12239.717286206398,48.8584474885845,Significant_Damage_And_Fatalities,5,0.37633681932924606,3,train
1575,4,0.0958258956683562,76.07,55.241567912488605,10,50314.7204576381,40.1826484018265,Significant_Damage_And_Fatalities,13,0.430790479624955,3,train
9357,3,0.23237659577897601,79.88,18.4594348222425,7,46291.3905755955,71.9178082191781,Highly_Fatal_And_Damaging,17,0.7715766318067071,2,train
3712,3,0.111428701057596,86.59,37.739288969918,15,22327.5246569269,22.648401826483997,Significant_Damage_And_Fatalities,6,0.571432383699964,3,train
3031,3,0.140626767258425,80.03,61.2579762989973,7,28156.6962344969,61.1872146118721,Significant_Damage_And_Serious_Injuries,10,0.4185293905517489,2,train
2968,7,0.00238118653379434,77.09,73.0628988149499,13,27612.5083782762,63.1963470319635,Significant_Damage_And_Fatalities,8,0.35217526144969297,2,train
4946,4,0.0740408070505912,77.51,78.0309936189608,17,40752.5345280167,14.8858447488584,Highly_Fatal_And_Damaging,24,0.352535881716553,3,train
9261,5,0.0245406632757047,82.14,68.869644484959,12,36790.500809401696,54.885844748858396,Minor_Damage_And_Injuries,1,0.28149368914533,2,train
7603,1,1.19895525832586,79.67,55.241567912488605,9,32919.0524774902,39.6803652968037,Significant_Damage_And_Fatalities,4,0.253004688063469,2,train
9506,6,0.00705230146184997,87.51,77.98541476754791,11,28520.1977697407,45.9817351598173,Significant_Damage_And_Serious_Injuries,2,0.421053732419762,0,train
1549,6,0.008608154830671141,76.13,68.64175022789429,12,33414.3928579992,29.7716894977169,Highly_Fatal_And_Damaging,2,0.25588965019834103,1,train
2297,4,0.0685852010451031,76.85,56.4721969006381,11,37177.378925325094,45.0684931506849,Minor_Damage_And_Injuries,2,0.319719437432383,1,train
11218,1,0.845845626344203,79.53,53.919781221513205,10,22938.177925299704,39.406392694063896,Significant_Damage_And_Fatalities,1,0.510848178867652,1,train
2497,5,0.00259797974810656,77.89,50.3190519598906,14,8981.315459517758,47.4885844748858,Highly_Fatal_And_Damaging,6,0.48596538045438104,2,train
5545,1,0.9938911411849691,80.54,56.9279854147676,18,26930.376234739502,33.013698630137,Minor_Damage_And_Injuries,7,0.231728092318788,1,train
5161,3,0.185100239617324,83.01,79.535095715588,12,37066.9622418898,30.593607305936104,Highly_Fatal_And_Damaging,0,0.228121889650198,3,train
5455,2,0.556483733711453,76.9,77.4384685505925,16,40987.1911745433,42.283105022831,Minor_Damage_And_Injuries,7,0.237858636855391,3,train
9457,4,0.0427864059446497,82.8,62.351868732907896,9,22999.9480219285,41.1872146118721,Highly_Fatal_And_Damaging,11,0.247234763793725,0,train
4155,1,0.8313007031938701,77.94,76.4813126709207,11,22834.1486913392,36.0730593607306,Highly_Fatal_And_Damaging,1,0.283296790479625,4,train
7891,6,0.0119468965853497,80.45,78.07657247037379,4,45294.83047061651,95.2511415525114,Significant_Damage_And_Fatalities,11,0.276084385142445,1,train
9917,7,0.00401669100153598,80.23,63.90154968094811,10,42297.736277418,72.87671232876708,Significant_Damage_And_Fatalities,7,0.448100252434187,1,train
10208,4,0.0785727187769532,78.97,66.5907019143118,14,42708.8544741583,37.7625570776256,Significant_Damage_And_Serious_Injuries,4,0.460000721240533,3,train
11161,1,0.9772734859342791,81.27,66.4539653600729,13,26622.291736018502,41.5525114155251,Significant_Damage_And_Serious_Injuries,4,0.36623945185719403,3,train
8651,7,0.00304457767393473,78.25,51.00273473108479,9,33076.7705547097,76.1187214611872,Significant_Damage_And_Serious_Injuries,1,0.5003901911287411,2,train
6664,4,0.0576727377660007,76.63,68.64175022789429,11,30918.2798878022,37.2146118721461,Highly_Fatal_And_Damaging,0,0.146261089073206,0,train
9499,7,0.00387886876565629,84.1,63.719234275296294,17,41724.5687249952,38.4931506849315,Minor_Damage_And_Injuries,2,0.335947349441038,1,train
6709,4,0.0527156406454591,81.27,74.88605287146758,11,29518.3315276388,34.6575342465753,Highly_Fatal_And_Damaging,5,0.31358889289578,2,train
11641,3,0.112198793945968,82.8,59.024612579763,6,22475.1258704004,52.739726027397204,Highly_Fatal_And_Damaging,0,0.42249621348719796,3,train
9042,6,0.00427834417018891,82.41,62.7164995442115,11,18411.0289640045,45.4794520547945,Significant_Damage_And_Serious_Injuries,1,0.293394157951677,3,train
113,5,0.0299674821819734,77.4,66.3172288058341,8,44143.735304861795,57.351598173515995,Significant_Damage_And_Serious_Injuries,11,0.46108258204110997,3,train
2627,4,0.0444837660915728,87.27,82.2242479489517,10,24295.595597748597,39.178082191780796,Highly_Fatal_And_Damaging,8,0.4340360620266861,4,train
4782,4,0.0435364457252003,78.74,73.5186873290793,10,23690.6304006591,38.2648401826484,Highly_Fatal_And_Damaging,1,0.30313090515687,1,train
9626,1,0.5894887082752671,77.22,66.22607110300821,8,16029.0812385471,46.027397260274,Highly_Fatal_And_Damaging,8,0.30637648755860103,2,train
1434,5,0.01851592253734,82.17,70.510483135825,7,27749.250888479703,72.5570776255708,Minor_Damage_And_Injuries,11,0.395449693472773,3,train
482,2,0.539780083967179,80.62,54.2844120328168,8,40177.3017762019,68.4018264840182,Highly_Fatal_And_Damaging,2,0.511930039668229,1,train
6782,6,0.00292043448980012,88.67,78.714676390155,10,831.6955534213299,50.273972602739704,Significant_Damage_And_Serious_Injuries,0,0.399416516408222,5,train
2726,6,0.00561003413808215,82.08,53.96536007292621,9,22381.0528939519,52.511415525114096,Minor_Damage_And_Injuries,5,0.312867652362062,3,train
4699,7,0.00198107194251065,84.4,65.1321786690975,16,21270.9086507751,31.1415525114155,Significant_Damage_And_Serious_Injuries,7,0.457115759105661,2,train
1895,1,1.2282281733603,76.95,59.6171376481313,16,33393.5930883868,18.310502283105,Highly_Fatal_And_Damaging,8,0.392204111071042,1,train
1656,4,0.0495178660399433,77.0,57.155879671832295,16,27007.9663942613,30.8219178082192,Minor_Damage_And_Injuries,6,0.34315975477821803,4,train
2566,2,0.37605712426733395,83.12,48.9061075660894,14,27716.3461658188,46.6666666666667,Highly_Fatal_And_Damaging,3,0.541140281283808,1,train
3106,7,0.00294921862398122,83.15,76.29899726526891,14,34239.8497938214,60.4109589041096,Significant_Damage_And_Fatalities,0,0.266347637937252,2,train
263,2,0.5462214868147041,80.55,52.68915223336371,11,40360.6120851516,46.894977168949794,Minor_Damage_And_Injuries,1,0.426823656689506,3,train
3298,4,0.0424140711996413,78.55,64.4484958979034,16,22736.3823339225,18.949771689497698,Highly_Fatal_And_Damaging,12,0.330898665705012,4,train
7250,4,0.040335527894257005,80.39,89.10665451230629,12,22068.2222270981,30.5022831050228,Highly_Fatal_And_Damaging,1,0.256971510998918,3,train
7969,3,0.23108754127155104,85.4,62.6709206927985,11,46847.45838576,32.8767123287671,Highly_Fatal_And_Damaging,9,0.443772809231878,0,train
1615,2,0.17603090511794,83.32,76.7092069279854,15,15282.224811991598,44.337899543379,Minor_Damage_And_Injuries,10,0.215500180310133,2,train
7389,3,0.20847582305067103,83.58,67.4111212397448,17,41920.2471614135,27.397260273972602,Significant_Damage_And_Serious_Injuries,0,0.414923187883159,2,train
4163,4,0.0498088897494593,75.71,67.18322698268001,11,27511.8404672498,34.429223744292194,Highly_Fatal_And_Damaging,5,0.330538045438154,2,train
2939,1,1.4613482216058897,78.22,53.783044667274396,9,39565.8344826951,40.7305936073059,Significant_Damage_And_Fatalities,7,0.48812910205553495,1,train
11533,7,0.0035783671851997,83.07,64.0382862351869,16,38615.126561795696,51.917808219178106,Significant_Damage_And_Fatalities,3,0.32224377930039694,2,train
9649,6,0.00840433624604243,78.42,79.0793072014585,15,34929.7404234047,32.4657534246575,Significant_Damage_And_Serious_Injuries,2,0.26851135953840605,3,train
9306,3,0.159696995800694,80.52,72.8805834092981,11,32164.223066864703,45.0684931506849,Significant_Damage_And_Serious_Injuries,14,0.335947349441038,3,train
1477,7,0.00380218078016251,77.09,70.82953509571558,8,42627.7631749649,78.2191780821918,Significant_Damage_And_Fatalities,0,0.243989181391994,2,train
4606,2,0.7295762379724829,80.44,60.665451230628996,4,53831.738526699104,93.4703196347032,Significant_Damage_And_Fatalities,2,0.250119725928597,4,train
6604,7,0.00430015617015619,79.37,49.6353691886965,18,42628.3886404936,45.296803652967995,Significant_Damage_And_Serious_Injuries,21,0.696567616300036,3,train
1842,3,0.0653943422597568,77.82,68.9608021877849,12,13364.5100535046,42.8767123287671,Significant_Damage_And_Serious_Injuries,10,0.413120086548864,2,train
5442,1,0.6555001130072979,81.44,52.5524156791249,11,17712.9698025224,34.5662100456621,Significant_Damage_And_Fatalities,25,0.35938766678687295,0,train
2422,7,0.000763558904105058,76.89,68.003646308113,17,13790.8744728662,48.6301369863014,Significant_Damage_And_Fatalities,3,0.452067075369635,4,train
11677,6,0.00575729159765092,76.77,78.1677301731996,13,21554.55213466,39.4520547945205,Significant_Damage_And_Serious_Injuries,3,0.31214641182834496,2,train
3944,5,0.014990810229226001,77.78,60.6198723792161,15,24084.887315452,45.0684931506849,Minor_Damage_And_Injuries,1,0.510848178867652,1,train
643,3,0.0728513382155746,78.58,50.091157702825896,11,14353.584663068501,34.474885844748805,Highly_Fatal_And_Damaging,5,0.7546274792643342,2,train
3947,3,0.18927904197012,83.71,55.6973564266181,10,38011.0212226692,51.0502283105023,Significant_Damage_And_Serious_Injuries,16,0.5029145329967539,2,train
807,3,0.236948192249694,77.89,69.690063810392,14,47101.485751435706,49.4520547945205,Minor_Damage_And_Injuries,5,0.416005048683736,0,train
6817,4,0.0708873270749383,86.98,57.520510483135794,10,38817.0897087123,39.8173515981735,Highly_Fatal_And_Damaging,1,0.27752686620988104,3,train
9309,2,0.485968993616324,84.92,77.52962625341841,9,35956.3758124246,75.4337899543379,Significant_Damage_And_Fatalities,7,0.314670753696357,3,train
8529,1,1.21102426293125,81.63,78.80583409298092,14,32854.5589924577,34.703196347032,Significant_Damage_And_Serious_Injuries,4,0.363354489722322,1,train
5065,4,0.0798112391732618,80.06,73.1084776663628,17,43767.580522752,38.4474885844749,Minor_Damage_And_Injuries,18,0.29014857554994605,2,train
2,2,0.592637233865426,81.78,80.4010938924339,8,43912.8212802953,70.0,Minor_Damage_And_Injuries,7,0.293394157951677,2,train
11719,6,0.00866866493725363,76.85,57.155879671832295,11,37375.2237227186,45.4794520547945,Minor_Damage_And_Injuries,1,0.300606563288856,2,train
7957,5,0.0199959371191929,82.69,78.07657247037379,9,30882.7263765865,64.9315068493151,Minor_Damage_And_Injuries,0,0.207205914172377,2,train
6808,6,0.00833734110846063,80.61,62.07839562443029,15,36364.5237921726,32.0091324200913,Significant_Damage_And_Serious_Injuries,3,0.368763793725207,3,train
2648,7,0.00391332884816276,79.17,70.3281677301732,15,45795.5029606522,56.0730593607306,Significant_Damage_And_Fatalities,16,0.439805986296429,4,train
2804,7,0.00328719609481451,78.11,66.3172288058341,9,34641.5118628154,55.0228310502283,Significant_Damage_And_Serious_Injuries,10,0.28726361341507395,2,train
4314,1,1.2858791156290201,78.47,57.155879671832295,11,35207.228555631096,46.6666666666667,Minor_Damage_And_Injuries,1,0.399055896141363,2,train
4997,2,0.209602822932632,79.05,69.4165907019143,13,15883.299580204799,28.721461187214604,Highly_Fatal_And_Damaging,12,0.43944536602957107,1,train
9979,7,0.0036254721411716397,82.27,67.0464904284412,7,39269.0539266116,60.22831050228311,Significant_Damage_And_Serious_Injuries,11,0.293394157951677,2,train
8637,7,0.00307248713334016,82.11,52.7803099361896,16,33403.2551232866,28.9041095890411,Significant_Damage_And_Serious_Injuries,5,0.280411828344753,2,train
10609,5,0.0193428547975353,84.76,58.5232452142206,16,28509.759682248798,53.287671232876704,Significant_Damage_And_Fatalities,4,0.28726361341507395,1,train
9846,1,1.3256607819350301,79.92,44.758432087511395,12,36463.5453790652,29.7716894977169,Significant_Damage_And_Fatalities,2,0.687191489361702,2,train
10457,2,0.504117435127591,82.49,73.4731084776664,15,37236.7491118675,42.9680365296804,Minor_Damage_And_Injuries,8,0.338471691309052,1,train
26,3,0.136592250612013,80.34,41.6134913400182,18,27487.688802433197,12.4657534246575,Highly_Fatal_And_Damaging,9,0.47370429138117603,2,train
9796,4,0.0576230616227392,75.88,76.4357338195078,18,31531.7961960508,35.388127853881294,Minor_Damage_And_Injuries,0,0.278608727010458,3,train
9576,7,0.00346277084197133,87.34,51.3673655423883,9,38170.7498413797,78.44748858447491,Significant_Damage_And_Serious_Injuries,1,0.5238305084745759,2,train
3858,7,0.00316851867819873,76.33,73.0173199635369,14,33425.2255805168,59.8173515981735,Significant_Damage_And_Fatalities,0,0.29014857554994605,3,train
7145,2,0.39231983502980605,83.22,57.520510483135794,16,28957.808823458,42.0547945205479,Minor_Damage_And_Injuries,0,0.356502704652002,2,train
7721,2,0.170460593515575,78.48,65.22333637192351,11,12376.561373231201,57.4885844748858,Minor_Damage_And_Injuries,9,0.330898665705012,1,train
2418,1,1.7900741394391702,78.56,72.105742935278,9,48659.260048319695,40.7762557077626,Highly_Fatal_And_Damaging,1,0.42177497295348,2,train
6262,4,0.062507842180649,79.87,74.74931631722879,9,34007.0176462605,41.1415525114155,Highly_Fatal_And_Damaging,5,0.24110421925712197,3,train
9235,7,0.00365795623306935,77.67,53.327256153145,16,38050.786955545496,19.5433789954338,Significant_Damage_And_Fatalities,9,0.462164442841687,2,train
3161,2,0.44445203903850605,79.67,63.30902461257979,17,32729.7199588753,13.789954337899498,Highly_Fatal_And_Damaging,12,0.35614208438514205,2,train
6597,1,1.0963361566327,78.4,68.04922515952599,9,29763.1841640457,40.091324200913206,Highly_Fatal_And_Damaging,14,0.158882798413271,1,train
10370,3,0.107090687819435,82.08,77.073837739289,22,21852.7135965614,6.027397260273969,Significant_Damage_And_Serious_Injuries,2,0.32116191849982,1,train
10589,2,0.328620657287925,77.95,39.8814949863264,11,24285.8919300678,46.4840182648402,Minor_Damage_And_Injuries,6,0.725417237648755,1,train
5028,4,0.0481186113732843,80.9,62.944393801276206,14,25989.3630647294,37.5342465753425,Significant_Damage_And_Serious_Injuries,9,0.312507032095204,2,train
119,5,0.0230233855883476,78.47,64.1294439380128,12,35167.1709289219,55.7077625570776,Minor_Damage_And_Injuries,11,0.406268301478543,1,train
6424,3,0.10693906368161801,80.24,86.05287146763901,12,21790.7339062999,31.0958904109589,Highly_Fatal_And_Damaging,7,0.291951676884241,3,train
12203,6,0.0101249384175377,81.88,66.4995442114859,16,40101.9196560567,30.365296803653003,Significant_Damage_And_Serious_Injuries,12,0.256610890732059,3,train
8109,4,0.0599548194439076,78.46,67.36554238833179,13,32555.643829496203,28.721461187214604,Highly_Fatal_And_Damaging,12,0.298803461954562,1,train
7043,6,0.00341451541179736,87.11,20.966271649954397,11,15656.6371844094,45.4794520547945,Minor_Damage_And_Injuries,6,0.882647673999279,4,train
8481,4,0.0506515878177534,79.14,70.1458523245214,11,27619.7064200209,33.7899543378995,Highly_Fatal_And_Damaging,0,0.29123043635052304,1,train
3055,6,0.00644871247685485,80.89,51.0483135824977,10,28245.641261576002,50.7762557077626,Significant_Damage_And_Serious_Injuries,18,0.575759826902272,1,train
8701,3,0.0917011581917121,80.16,84.5487693710119,9,18059.2372512249,53.47031963470321,Significant_Damage_And_Serious_Injuries,4,0.27500252434186795,4,train
11519,4,0.0603659819363915,80.99,57.611668185961705,9,32578.594353098102,42.7853881278539,Highly_Fatal_And_Damaging,10,0.605691309051569,2,train
7951,6,0.00565273348216524,80.43,71.0118505013674,10,21674.7237723003,50.50228310502279,Significant_Damage_And_Serious_Injuries,0,0.326931842769563,4,train
5133,4,0.0572107838399182,77.82,62.5341841385597,13,31003.9110435795,28.675799086757998,Highly_Fatal_And_Damaging,1,0.3352261089073211,2,train
8000,3,0.12843906928274101,79.25,34.9134001823154,7,25644.4684192504,58.4931506849315,Minor_Damage_And_Injuries,3,0.668078615218175,0,train
11046,4,0.0645364140643536,78.69,40.2917046490429,14,35186.8752843927,25.296803652968002,Significant_Damage_And_Fatalities,8,0.42970861882437794,2,train
3172,4,0.0941830531015625,74.82,60.9845031905196,14,52783.6699929497,59.8173515981735,Significant_Damage_And_Fatalities,5,0.37092751532636103,1,train
9385,3,0.12079784811995199,82.03,57.4293527803099,11,23999.441104421097,34.7945205479452,Highly_Fatal_And_Damaging,10,0.440887847097007,2,train
6237,2,0.5536509097875649,77.92,49.4530537830446,15,41045.6940016465,44.4292237442922,Highly_Fatal_And_Damaging,2,0.526354850342589,3,train
4336,6,0.00686081877193683,76.19,38.149498632634504,7,26885.1576261271,58.8584474885845,Minor_Damage_And_Injuries,5,0.710992426974395,0,train
11237,7,0.00175499774738141,78.96,70.3281677301732,15,18298.756720459598,55.7534246575342,Significant_Damage_And_Fatalities,5,0.26346267580238,4,train
11924,2,0.37605712426733395,81.84,66.7730173199635,14,27758.7655828431,48.767123287671204,Minor_Damage_And_Injuries,35,0.417808150018031,1,train
4610,4,0.0697843616372638,83.58,68.3682771194166,8,37772.6897005185,43.287671232876704,Highly_Fatal_And_Damaging,3,0.255168409664623,4,train
6497,5,0.0215739524915231,76.95,64.9954421148587,12,33435.854173331805,55.5251141552511,Minor_Damage_And_Injuries,1,0.386434186801298,3,train