Accident_ID,Accident_Type_Code,Adverse_Weather_Metric,Cabin_Temperature,Control_Metric,Days_Since_Inspection,Max_Elevation,Safety_Score,Severity,Total_Safety_Complaints,Turbulence_In_gforces,Violations,source
10386,2,0.44231497740864395,77.16,60.665451230628996,16,32682.9018146972,42.100456621004604,Minor_Damage_And_Injuries,5,0.33883231157591,2,train
8523,5,0.0215533582053583,86.51,60.483135824977204,13,32908.2936804925,52.511415525114096,Minor_Damage_And_Injuries,2,0.526354850342589,0,train
10851,4,0.0188905261278938,79.33,62.1239744758432,10,8706.41207763477,39.13242009132421,Highly_Fatal_And_Damaging,1,0.4444940497655971,3,train
828,1,1.2397692662318898,77.87,66.4539653600729,10,33745.4930288049,38.1278538812785,Highly_Fatal_And_Damaging,1,0.460721961774252,1,train
8035,2,0.6518135962767739,80.41,59.0701914311759,9,48457.376548809596,66.57534246575341,Minor_Damage_And_Injuries,9,0.6341803101334289,2,train
8670,7,0.00198107194251065,84.12,62.7164995442115,15,20862.6343445671,21.2785388127854,Highly_Fatal_And_Damaging,5,0.38030364226469504,2,train
477,6,0.00961789780026553,83.32,82.0875113947128,16,40413.038647419904,29.3607305936073,Significant_Damage_And_Serious_Injuries,10,0.262020194734944,3,train
4935,3,0.150293721810262,80.64,55.2871467639016,18,30364.8698905437,24.7945205479452,Minor_Damage_And_Injuries,10,0.219467003245582,1,train
485,6,0.00743860219406398,77.25,57.8851412944394,12,30147.9054384671,43.150684931506795,Significant_Damage_And_Serious_Injuries,13,0.426823656689506,2,train
8207,4,0.067196147915411,81.14,49.2707383773929,14,36789.6854758482,25.8904109589041,Significant_Damage_And_Fatalities,1,0.41348070681572296,3,train
9356,4,0.0643079310837254,76.99,51.8231540565178,12,35012.5425984798,41.1415525114155,Significant_Damage_And_Serious_Injuries,0,0.522748647673999,1,train
4141,6,0.00716115285602777,77.53,100.0,8,28890.1525672434,56.7579908675799,Significant_Damage_And_Serious_Injuries,4,0.212254597908403,3,train
5286,7,0.00436632490027057,78.23,73.9288969917958,14,47673.7542926758,25.9817351598173,Highly_Fatal_And_Damaging,1,0.37345185719437396,2,train
8470,5,0.0275610999374942,80.34,71.55879671832271,13,40360.2154058748,52.511415525114096,Minor_Damage_And_Injuries,0,0.273199423007573,3,train
10900,3,0.0124778111374111,76.07,52.0510483135825,10,9560.909439384692,50.50228310502279,Minor_Damage_And_Injuries,10,0.44773963216732793,1,train
44,4,0.0460458912336435,83.94,80.35551504102101,12,25119.2421101637,31.6438356164384,Highly_Fatal_And_Damaging,2,0.22920375045077498,2,train
10158,1,0.51302895528027,78.06,52.82588878760261,8,14840.465284894599,44.4748858447489,Significant_Damage_And_Fatalities,3,0.22379444644789004,2,train
5516,6,0.009234319901736971,77.18,66.1349134001823,7,34982.9927274348,82.2831050228311,Significant_Damage_And_Serious_Injuries,0,0.335586729174179,1,train
5402,4,0.0370683583090205,82.08,49.5442114858706,8,20108.8925524883,44.5205479452055,Significant_Damage_And_Fatalities,3,0.4567551388388029,4,train
9656,2,0.533890828441657,84.92,62.0328167730173,21,39366.3183285366,0.9132420091324208,Highly_Fatal_And_Damaging,14,0.401219617742517,0,train
6483,2,0.389545009608015,77.81,76.8915223336372,11,28671.295422820498,48.1735159817352,Significant_Damage_And_Serious_Injuries,3,0.38174612333213104,2,train
5785,4,0.0723885206448047,81.78,60.665451230628996,8,39462.109578302596,43.972602739726,Highly_Fatal_And_Damaging,1,0.476228633249188,2,train
9486,2,0.42344167829548096,76.48,56.107566089334604,10,31318.386111058902,36.8036529680365,Significant_Damage_And_Fatalities,5,0.43944536602957107,3,train
11631,3,0.18705950079338501,77.26,79.2160437556974,17,37623.173029289,26.575342465753398,Significant_Damage_And_Serious_Injuries,9,0.21766390191128698,3,train
3081,2,0.8365817969425409,80.42,73.33637192342749,15,59108.8771655082,45.9817351598173,Minor_Damage_And_Injuries,2,0.458197619906239,3,train
418,7,0.00397778701683289,78.57,41.066545123062895,18,45599.3677907389,24.657534246575302,Significant_Damage_And_Serious_Injuries,16,0.47370429138117603,2,train
2580,2,0.5147322431834871,77.08,79.8997265268915,9,38210.2878344268,52.9223744292237,Significant_Damage_And_Serious_Injuries,0,0.23425243418680103,1,train
12041,3,0.15070771210342498,82.64,68.9608021877849,8,30479.980245267798,68.7671232876712,Minor_Damage_And_Injuries,21,0.192059862964299,4,train
9800,3,0.133339847407303,76.1,64.8131267092069,6,26733.763247326002,76.6666666666667,Minor_Damage_And_Injuries,29,0.399055896141363,2,train
5512,2,0.416258197098539,76.85,70.6472196900638,12,30684.6725583661,64.88584474885839,Significant_Damage_And_Fatalities,1,0.35866642625315504,3,train
6314,3,0.200329336130819,75.41,78.3956244302644,11,40645.7172863603,45.79908675799089,Significant_Damage_And_Serious_Injuries,2,0.331980526505589,2,train
3630,4,0.0377994193715539,88.57,66.362807657247,9,20721.9313806503,76.1643835616438,Significant_Damage_And_Fatalities,5,0.298803461954562,1,train
7485,4,0.0665145741903083,80.98,78.1221513217867,12,36315.727010331604,30.1826484018265,Highly_Fatal_And_Damaging,1,0.390401009736747,2,train
3105,2,0.503651281263565,81.37,70.9206927985415,13,37236.7491118675,29.4977168949772,Highly_Fatal_And_Damaging,10,0.351454020915975,1,train
8223,4,0.0915074626693022,79.71,65.9981768459435,15,49288.6355066503,20.2739726027397,Highly_Fatal_And_Damaging,2,0.553401370357014,2,train
1963,2,0.34492667419949397,78.73,91.11212397447581,15,25487.6050171112,43.8812785388128,Minor_Damage_And_Injuries,0,0.282936170212766,2,train
1260,3,0.19483461206238398,81.37,67.7301731996354,12,39176.7609148741,42.4200913242009,Significant_Damage_And_Serious_Injuries,3,0.33811107104219196,2,train
5934,2,0.47830603239079794,77.93,88.0127620783956,12,35183.5773073215,42.4200913242009,Significant_Damage_And_Serious_Injuries,9,0.222351965380454,3,train
9722,2,0.44158952267315904,79.65,75.38742023701,7,32584.014607908903,69.7260273972603,Minor_Damage_And_Injuries,3,0.354699603317706,1,train
12403,7,0.0021741484203101,79.31,74.4302643573382,17,26764.9951679242,50.22831050228311,Significant_Damage_And_Fatalities,6,0.24759538406058398,2,train
7334,4,0.0895323319881988,81.33,80.7657247037375,17,48711.982238157194,14.5205479452055,Highly_Fatal_And_Damaging,1,0.269953840605842,3,train
1004,5,0.024495461619962,82.19,74.88605287146758,11,37628.465829345696,47.899543378995396,Significant_Damage_And_Serious_Injuries,0,0.325489361702128,0,train
2998,6,0.007224741596042371,88.01,37.8304466727438,18,28645.185920645,23.8812785388128,Minor_Damage_And_Injuries,1,0.5425827623512439,2,train
1117,2,0.6951722586792091,87.51,79.03372835004559,12,51368.7499996858,67.21461187214611,Minor_Damage_And_Injuries,3,0.39076163000360603,4,train
9938,2,0.414941704093137,77.6,88.24065633546041,8,30587.569384463597,45.0228310502283,Highly_Fatal_And_Damaging,6,0.212254597908403,1,train
2168,4,0.0665314538675571,79.4,56.8824065633546,12,35888.9398852774,29.7716894977169,Highly_Fatal_And_Damaging,0,0.378139920663541,2,train
6297,1,1.4613482216058897,87.0,58.4776663628077,13,39741.3462846585,28.4018264840183,Highly_Fatal_And_Damaging,29,0.434396682293545,3,train
10334,5,0.0156792923406637,77.77,65.31449407474929,2,23099.2468389868,77.3059360730594,Minor_Damage_And_Injuries,19,0.557368193292463,2,train
3498,6,0.0129833111717393,75.81,76.4357338195078,13,49341.22322086179,39.4977168949772,Significant_Damage_And_Serious_Injuries,6,0.421053732419762,3,train
9462,4,0.0640529720617364,78.65,75.38742023701,10,34758.9344410775,37.3972602739726,Highly_Fatal_And_Damaging,0,0.325849981968986,1,train
10913,6,0.00597247383359291,83.01,66.9097538742024,21,25720.916407571804,0.9132420091324208,Highly_Fatal_And_Damaging,14,0.39833465560764497,2,train
820,4,0.0388307713777085,81.91,45.8067456700091,15,20862.6343445671,20.5479452054795,Significant_Damage_And_Fatalities,2,0.409874504147133,2,train
4910,4,0.0497643329463912,76.61,70.7383773928897,17,27398.9877717438,13.789954337899498,Highly_Fatal_And_Damaging,5,0.267429498737829,1,train
3655,4,0.0588715558622953,76.93,70.6472196900638,13,32364.3522171259,62.328767123287705,Significant_Damage_And_Fatalities,0,0.462525063108547,2,train
9153,7,0.00232829982073789,79.7,74.0200546946217,15,24205.224332628397,56.712328767123296,Significant_Damage_And_Fatalities,2,0.18520807789397797,2,train
1983,5,0.0267894186959753,80.78,29.443938012762104,19,39488.301465335695,20.410958904109602,Minor_Damage_And_Injuries,14,0.774822214208438,2,train
9048,2,0.256113629626921,78.47,79.03372835004559,15,19380.3444367151,45.433789954337904,Minor_Damage_And_Injuries,31,0.40374395961053006,2,train
11905,2,0.5672011325946911,81.32,55.788514129443904,14,41817.980603858596,24.748858447488605,Significant_Damage_And_Fatalities,1,0.311425171294627,2,train
2457,2,0.280042859677686,76.96,69.64448495897899,16,20815.9142089448,42.0547945205479,Minor_Damage_And_Injuries,6,0.37273061666065604,2,train
3475,3,0.18887123504990302,77.11,76.02552415679129,13,37862.9199927159,40.7762557077626,Significant_Damage_And_Serious_Injuries,17,0.4340360620266861,1,train
5022,6,0.00985570910807226,80.41,70.1914311759344,21,38605.8448723499,4.29223744292237,Highly_Fatal_And_Damaging,2,0.23100685178507,4,train
2409,1,1.1843343933899901,82.66,61.485870556062004,9,32176.8739290162,53.74429223744289,Significant_Damage_And_Serious_Injuries,17,0.387876667868734,1,train
1161,4,0.0705271027139023,77.74,67.50227894257071,15,38472.6989638762,21.5981735159817,Highly_Fatal_And_Damaging,12,0.272838802740714,2,train
3607,4,0.0232000007272091,80.15,82.3609845031905,9,12666.7712047322,42.9680365296804,Highly_Fatal_And_Damaging,4,0.44341218896502005,2,train
1537,3,0.18651198807322197,81.37,70.1914311759344,13,37438.206200471,26.7123287671233,Highly_Fatal_And_Damaging,2,0.358305805986296,2,train
429,3,0.167321669948203,80.54,76.5724703737466,6,33701.3739418717,63.4246575342466,Significant_Damage_And_Serious_Injuries,0,0.243989181391994,2,train
10524,1,0.9459169716377109,77.93,55.0136736554239,18,25739.384677142203,33.7442922374429,Highly_Fatal_And_Damaging,5,0.547270825820411,2,train
12314,7,0.00223908837002849,77.18,68.7329079307201,7,23245.342341186402,83.6529680365297,Significant_Damage_And_Fatalities,1,0.254086548864046,1,train
54,4,0.045618295027618,75.2,53.327256153145,14,24892.556125965697,24.1552511415525,Significant_Damage_And_Fatalities,3,0.395449693472773,1,train
9832,4,0.0717190222705393,88.71,66.5907019143118,10,39242.3743782701,39.8173515981735,Highly_Fatal_And_Damaging,4,0.460721961774252,4,train
3321,7,0.00170172802667714,81.27,70.7839562443026,15,20358.3291608289,22.7397260273973,Highly_Fatal_And_Damaging,18,0.207205914172377,4,train
3575,2,0.511651064252089,81.73,65.2689152233364,11,37749.2312463216,70.0456621004566,Minor_Damage_And_Injuries,1,0.339553552109629,2,train
4177,6,0.00861070374879613,81.61,73.2907930720146,8,34032.0959991224,54.5205479452055,Significant_Damage_And_Serious_Injuries,0,0.27788748647674,0,train
3472,4,0.0547403831070529,78.31,64.2661804922516,12,29944.115484551003,43.8356164383562,Significant_Damage_And_Serious_Injuries,3,0.243628561125135,2,train
4144,4,0.0926302253351654,78.46,76.7547857793984,7,50950.7851616493,48.6301369863014,Highly_Fatal_And_Damaging,1,0.3352261089073211,2,train
4395,2,0.488682348438616,80.19,57.155879671832295,15,36490.5371102771,33.1050228310502,Minor_Damage_And_Injuries,15,0.509045077533357,1,train
9698,4,0.0679180602164867,76.98,70.1914311759344,10,36742.4965923887,51.0502283105023,Significant_Damage_And_Serious_Injuries,16,0.395449693472773,2,train
9702,4,0.0514662385219508,85.1,44.712853236098496,16,28384.5263097579,19.4063926940639,Significant_Damage_And_Fatalities,16,0.6341803101334289,2,train
4202,1,1.11357000206576,80.09,54.649042844120295,16,30380.8615154131,30.776255707762605,Minor_Damage_And_Injuries,3,0.372009376126938,3,train
3447,3,0.146736433115703,83.07,55.0592525068368,14,29541.1841118771,37.077625570776206,Minor_Damage_And_Injuries,5,0.44485467003245505,3,train
1390,5,0.0237990658424012,82.53,74.7948951686418,12,34239.8497938214,66.8036529680365,Significant_Damage_And_Fatalities,3,0.28509989181392,3,train
7428,2,0.48165277330588796,79.61,56.9279854147676,14,35540.869061732796,36.9406392694064,Minor_Damage_And_Injuries,9,0.48596538045438104,2,train
3683,6,0.00608880394708359,79.17,72.0145852324522,10,23733.486318278,39.2694063926941,Highly_Fatal_And_Damaging,8,0.28221492967904804,0,train
11653,4,0.058088147653132007,81.86,65.587967183227,14,30752.093089437996,27.1232876712329,Highly_Fatal_And_Damaging,0,0.4257417958889289,1,train
11811,4,0.0714234557381285,79.88,60.9845031905196,22,39366.3183285366,1.4155251141552498,Highly_Fatal_And_Damaging,4,0.34532347637937205,2,train
12219,5,0.0215975928521873,79.56,57.9307201458523,10,33373.0269272214,38.8584474885845,Highly_Fatal_And_Damaging,1,0.43006923909123707,1,train
2803,3,0.131340504997494,81.04,75.38742023701,8,26266.3679590952,58.1278538812785,Significant_Damage_And_Serious_Injuries,1,0.24579228272628895,3,train
2951,7,0.00507361124995632,82.27,50.6381039197812,4,48388.150295775995,65.4337899543379,Significant_Damage_And_Fatalities,17,0.438002884962135,2,train
7809,2,0.346527327910913,78.56,84.2752962625342,15,25487.6050171112,46.4840182648402,Minor_Damage_And_Injuries,9,0.255529029931482,3,train
3048,3,0.166305014653227,78.55,32.7256153144941,15,33315.568355075,34.8401826484018,Minor_Damage_And_Injuries,0,0.640310854670032,3,train
11336,2,0.5147322431834871,80.95,53.00820419325439,16,37999.3671044333,39.726027397260296,Highly_Fatal_And_Damaging,11,0.334865488640461,2,train
10663,4,0.0941830531015625,78.16,59.845031905196,15,51330.728192905895,21.461187214611897,Highly_Fatal_And_Damaging,9,0.392204111071042,1,train
12169,1,1.1843958018508403,80.96,62.7164995442115,11,32094.804180156403,45.5251141552511,Significant_Damage_And_Serious_Injuries,3,0.23461305445365999,0,train
3949,2,0.41211713113219395,79.22,60.75660893345489,12,30232.1460175973,42.283105022831,Significant_Damage_And_Serious_Injuries,18,0.366960692390912,3,train
7032,4,0.068210006095578,79.42,62.57976298997271,8,37353.2152049364,44.4292237442922,Highly_Fatal_And_Damaging,2,0.423578074287775,2,train
3659,6,0.007780240486374891,82.45,55.2871467639016,13,33095.9115787169,51.7351598173516,Highly_Fatal_And_Damaging,15,0.378139920663541,3,train
10925,2,0.439042374653745,77.93,50.957155879671895,12,32349.295378312203,54.794520547945204,Minor_Damage_And_Injuries,2,0.6266072845293901,3,train
4514,7,0.00307677052811736,87.23,55.0592525068368,11,36489.111114402,70.63926940639271,Significant_Damage_And_Fatalities,14,0.439805986296429,4,train
10548,6,0.008633994577262391,76.33,80.08204193254329,9,34687.307415452,43.0593607305936,Highly_Fatal_And_Damaging,22,0.39472845293905495,1,train
7398,5,0.01851592253734,79.63,80.6745670009116,5,26659.235168351097,54.703196347032005,Highly_Fatal_And_Damaging,3,0.37597619906238705,3,train
1467,5,0.0268038442368048,86.13,66.4995442114859,16,40169.155474508,30.776255707762605,Significant_Damage_And_Serious_Injuries,16,0.417808150018031,2,train
6463,3,0.145942988462053,82.08,71.8778486782133,15,29267.164873459904,31.278538812785396,Significant_Damage_And_Serious_Injuries,2,0.438002884962135,2,train
4077,3,0.152337945102486,81.56,64.35733819507749,19,30477.319081756603,19.3607305936073,Significant_Damage_And_Serious_Injuries,0,0.272838802740714,1,train
4138,7,0.0031312676073089,79.94,89.334548769371,13,32397.802856372597,62.511415525114096,Significant_Damage_And_Fatalities,0,0.21766390191128698,2,train
6357,3,0.145497843024578,79.23,49.6809480401094,14,29290.6148321627,36.62100456621,Minor_Damage_And_Injuries,2,0.357223945185719,3,train
59,7,0.00346583847527643,78.33,52.461257976299,6,37447.461911082995,87.48858447488578,Significant_Damage_And_Serious_Injuries,21,0.475868012982329,1,train
8263,1,1.2255432423531898,83.52,60.57429352780311,16,33105.8525511885,18.310502283105,Highly_Fatal_And_Damaging,3,0.39508907320591397,2,train
8794,4,0.0763693670508144,77.3,90.29170464904291,15,41770.8047803057,22.1917808219178,Highly_Fatal_And_Damaging,1,0.28690299314821505,0,train
6570,2,0.349246882159703,82.2,53.5095715587967,19,25824.953927838902,19.5433789954338,Minor_Damage_And_Injuries,5,0.7178442120447159,2,train
10630,3,0.167165430554854,83.72,44.3938012762078,20,33551.9758348096,28.675799086757998,Highly_Fatal_And_Damaging,1,0.339192931842769,1,train
8197,6,0.0116764435606435,90.87,64.35733819507749,15,46572.4825389388,32.100456621004604,Significant_Damage_And_Serious_Injuries,4,0.330538045438154,1,train
4723,7,0.00425968616006219,78.23,50.1823154056518,11,45004.00139822019,34.7488584474886,Significant_Damage_And_Fatalities,8,0.448460872701046,2,train
9789,6,0.00950376333512928,84.82,58.38650865998179,18,38457.3958857102,22.3744292237443,Significant_Damage_And_Serious_Injuries,0,0.34568409664623106,2,train
980,1,0.7410000858734129,77.42,71.9690063810392,7,20400.0810537287,48.2648401826484,Highly_Fatal_And_Damaging,18,0.37850054093040003,3,train
7383,3,0.12054126112241302,76.39,69.0519598906108,13,24295.595597748597,38.767123287671204,Significant_Damage_And_Serious_Injuries,6,0.428266137756942,0,train
459,4,0.0442690631810244,78.46,49.179580674567006,14,24188.3948414421,25.570776255707802,Significant_Damage_And_Fatalities,2,0.5822509917057329,2,train
5694,6,0.00292043448980012,79.16,63.6736554238833,13,8706.41207763477,29.406392694063896,Highly_Fatal_And_Damaging,0,0.43259358095925005,4,train
1475,2,0.27577871914119106,77.07,74.9772105742936,14,20374.9875573108,47.899543378995396,Minor_Damage_And_Injuries,19,0.38823728813559294,2,train
3731,3,0.11189706282859697,78.61,78.9881494986326,7,22331.875125169503,47.899543378995396,Highly_Fatal_And_Damaging,11,0.17943815362423302,2,train
7429,4,0.08203656049267301,82.13,49.4530537830446,10,44552.868826659294,39.4977168949772,Significant_Damage_And_Fatalities,8,0.47839235485034204,2,train
6278,1,1.10726459904649,80.65,68.4138559708295,14,30098.5723888406,48.8584474885845,Minor_Damage_And_Injuries,1,0.24110421925712197,1,train
4961,4,0.0344048446195062,77.99,45.8067456700091,11,19093.0822520948,34.5662100456621,Significant_Damage_And_Fatalities,6,0.388597908402452,1,train
1622,1,1.1424194449443998,77.29,73.2452142206017,16,30938.8209970298,19.2237442922374,Highly_Fatal_And_Damaging,3,0.26815073927154703,1,train
11846,7,0.00147995965828901,78.67,75.8432087511395,13,13696.9970624703,63.9269406392694,Significant_Damage_And_Fatalities,4,0.28149368914533,2,train
6413,4,0.0560106003796652,76.0,74.61257976299,18,30384.1142456733,12.4657534246575,Highly_Fatal_And_Damaging,3,0.316113234763794,4,train
11740,4,0.0379859608192468,80.5,76.7547857793984,7,20432.2797281007,48.81278538812779,Highly_Fatal_And_Damaging,1,0.305294626758024,3,train
12254,4,0.08632702221355,75.25,70.5560619872379,23,47141.2263132954,7.945205479452059,Significant_Damage_And_Serious_Injuries,2,0.189535521096285,1,train
10823,2,0.678555591591014,80.85,67.6845943482224,15,49516.4424657654,21.2328767123288,Highly_Fatal_And_Damaging,3,0.505078254597908,3,train
5477,7,0.00270472976860055,77.1,62.8988149498633,13,28967.635325761403,38.0365296803653,Significant_Damage_And_Serious_Injuries,1,0.381385503065272,1,train
11922,1,1.2684727108881002,77.28,67.7757520510483,8,34302.7258502924,43.6529680365297,Highly_Fatal_And_Damaging,5,0.26274143526866195,3,train
4629,4,0.0757777229810722,86.57,82.2242479489517,13,41770.8047803057,29.223744292237395,Highly_Fatal_And_Damaging,1,0.28762423368193296,2,train
8173,2,0.551381417627301,80.45,49.2707383773929,9,40580.5502390022,64.8401826484018,Highly_Fatal_And_Damaging,9,0.687191489361702,1,train
1219,2,0.598166042993753,86.13,55.0592525068368,12,44377.591545762596,42.8310502283105,Minor_Damage_And_Injuries,10,0.410595744680851,1,train
905,2,0.40308632064362293,79.4,59.89061075660889,18,29818.3011307671,33.1050228310502,Minor_Damage_And_Injuries,12,0.46577064551027797,2,train
8677,1,1.29384557291003,77.52,86.64539653600728,15,35147.785367077406,20.958904109589,Highly_Fatal_And_Damaging,1,0.24831662459430198,4,train
3940,5,0.0227514745473042,78.04,71.55879671832271,14,34687.307415452,48.8584474885845,Minor_Damage_And_Injuries,23,0.331980526505589,3,train
48,6,0.00806007658873008,82.36,73.1540565177758,6,31484.436643812598,63.4246575342466,Significant_Damage_And_Serious_Injuries,4,0.29014857554994605,2,train
8333,3,0.17762332482647303,82.64,71.55879671832271,9,35684.882769847594,54.4748858447489,Significant_Damage_And_Serious_Injuries,23,0.17330760908763,3,train
9763,5,0.0239597925051858,80.9,42.616226071103,17,36061.4324647463,24.8858447488584,Minor_Damage_And_Injuries,0,0.6637511720158671,2,train
9878,5,0.0245030952312339,77.22,77.52962625341841,13,37388.6897063868,51.5525114155251,Minor_Damage_And_Injuries,11,0.298082221420844,2,train
1498,2,0.31726463837149105,80.22,63.9927073837739,14,23362.5382988508,25.616438356164398,Highly_Fatal_And_Damaging,8,0.20143598990263198,4,train
6843,2,0.600390476471675,81.89,56.517775752051,16,44363.1891191291,40.7762557077626,Highly_Fatal_And_Damaging,6,0.404104579877389,0,train
11819,4,0.0378292648966444,79.32,74.61257976299,16,20146.9172518634,19.1324200913242,Highly_Fatal_And_Damaging,6,0.222351965380454,2,train
10162,3,0.23646452524774,80.12,41.5679124886053,6,47433.0162389743,98.40182648401829,Significant_Damage_And_Serious_Injuries,0,0.6349015506671469,2,train
4586,6,0.009779936787891871,74.74,39.7447584320875,7,38880.4007290491,59.04109589041099,Minor_Damage_And_Injuries,5,0.417808150018031,1,train
3411,7,0.00288440827898333,82.49,81.26709206927991,14,31529.762323460698,58.9041095890411,Significant_Damage_And_Fatalities,8,0.289427335016228,1,train
2975,4,0.0686361610266386,76.48,56.1531449407475,10,37570.1218919881,36.7579908675799,Significant_Damage_And_Fatalities,4,0.453509556437072,3,train
2468,7,0.0020724634618585103,79.85,73.70100273473109,9,22336.4072040184,76.8493150684932,Significant_Damage_And_Fatalities,0,0.20143598990263198,2,train
11911,3,0.199990448988869,76.53,45.7611668185962,11,40296.8160759999,46.4840182648402,Minor_Damage_And_Injuries,0,0.37489433826181,2,train
1209,6,0.0110880611110665,88.4,73.1540565177758,8,43611.8162404295,57.1232876712329,Significant_Damage_And_Serious_Injuries,19,0.29014857554994605,3,train
4380,2,0.48294237169226506,76.67,61.212397447584294,10,35679.215713339705,62.0091324200913,Minor_Damage_And_Injuries,0,0.46108258204110997,3,train
1777,3,0.128303571276887,79.62,55.19598906107571,9,25562.603471169303,52.3744292237443,Minor_Damage_And_Injuries,1,0.45459141723764895,1,train
685,1,1.2324414802485901,76.44,75.6608933454877,16,33393.5930883868,17.077625570776302,Highly_Fatal_And_Damaging,15,0.39436783267219605,1,train
10492,4,0.041745066790575,83.42,56.8824065633546,10,23157.2982287448,37.4885844748858,Significant_Damage_And_Fatalities,1,0.52960043274432,2,train
9976,4,0.0384089818644619,76.86,69.5533272561531,11,20937.170511046497,33.8812785388128,Highly_Fatal_And_Damaging,3,0.368042553191489,0,train
9881,3,0.16875836276271,85.04,80.4466727438469,18,33656.0464667578,22.9680365296804,Significant_Damage_And_Serious_Injuries,3,0.31358889289578,2,train
6249,4,0.0384517831023515,76.43,55.9708295350957,15,20993.9622286411,22.1917808219178,Significant_Damage_And_Fatalities,1,0.552680129823296,1,train
5176,5,0.026380928931565,78.78,68.4138559708295,12,38735.751340973504,30.593607305936104,Highly_Fatal_And_Damaging,5,0.377058059862964,4,train
7013,4,0.0839917945185517,78.37,56.2898814949863,12,45399.1945658495,31.415525114155198,Significant_Damage_And_Fatalities,2,0.276805625676163,2,train
2929,2,0.254442294313853,78.46,70.0546946216956,7,19380.3444367151,72.9680365296803,Minor_Damage_And_Injuries,1,0.439805986296429,3,train
11482,7,0.0036728152125378296,80.58,72.6526891522334,12,40780.2734645167,68.2648401826484,Significant_Damage_And_Fatalities,35,0.296639740353408,1,train
12103,2,0.47830603239079794,81.81,78.07657247037379,11,35354.6491535324,58.082191780821894,Minor_Damage_And_Injuries,9,0.34388099531193606,3,train
3441,1,0.5637375037832261,83.19,60.483135824977204,14,16391.201556306,22.922374429223698,Highly_Fatal_And_Damaging,2,0.36623945185719403,1,train
8249,1,1.5073458936192399,78.13,68.003646308113,8,41060.4258734818,69.4520547945205,Minor_Damage_And_Injuries,0,0.36984565452578405,0,train
2338,4,0.0490314461556636,77.48,69.18869644484961,16,26748.207021477596,17.077625570776302,Highly_Fatal_And_Damaging,6,0.455673278038226,1,train
8634,7,0.00198107194251065,84.27,56.9279854147676,12,18272.7284846477,42.283105022831,Minor_Damage_And_Injuries,8,0.47190119004688,2,train
4237,6,0.00638052631766798,78.91,72.926162260711,15,24530.3568280106,45.7534246575342,Minor_Damage_And_Injuries,0,0.38607356653443897,1,train
5295,4,0.0638479625702225,88.39,58.4776663628077,8,35254.4934875509,79.4063926940639,Significant_Damage_And_Fatalities,13,0.5436646231518211,3,train
9568,3,0.236847335689612,82.19,89.24339106654509,8,48141.3485544039,57.3972602739726,Significant_Damage_And_Serious_Injuries,2,0.29447601875225393,1,train
1513,3,0.163199733689906,77.95,82.0875113947128,9,32880.837576059,55.15981735159821,Significant_Damage_And_Serious_Injuries,18,0.22848250991705701,2,train
5130,2,0.279249740703571,78.09,74.52142206016408,12,20683.2245157714,42.4200913242009,Significant_Damage_And_Serious_Injuries,4,0.40013775694194004,1,train
383,2,0.5274874105426011,79.3,60.1640838650866,17,38976.3406797894,36.4383561643836,Minor_Damage_And_Injuries,1,0.302409664623152,0,train
5331,4,0.0692368044281072,81.15,49.4530537830446,11,38055.690377959705,36.8036529680365,Significant_Damage_And_Fatalities,5,0.526354850342589,2,train
10762,1,1.10131814762192,82.21,73.33637192342749,12,29989.0265842119,30.776255707762605,Highly_Fatal_And_Damaging,0,0.43259358095925005,2,train
1087,3,0.12514403561123,81.18,47.9033728350046,15,25131.3222040264,32.4657534246575,Minor_Damage_And_Injuries,7,0.42970861882437794,1,train
840,4,0.0697843616372638,76.3,49.863263445761206,9,37915.6428001746,40.6392694063927,Significant_Damage_And_Fatalities,1,0.36155138838802703,1,train
7945,5,0.0207209616607708,86.47,75.47857793983592,13,29518.3315276388,29.4977168949772,Highly_Fatal_And_Damaging,13,0.27103570140641897,2,train
531,4,0.0566664273024785,76.89,79.2160437556974,13,31758.9281763219,27.305936073059396,Highly_Fatal_And_Damaging,9,0.28365741074648404,3,train
473,3,0.160237023074609,80.61,68.1403828623519,13,32374.9519273225,41.0045662100457,Significant_Damage_And_Serious_Injuries,21,0.21297583844211998,4,train
5426,5,0.0183562908562267,79.98,75.38742023701,9,28024.976307959198,40.365296803653,Highly_Fatal_And_Damaging,1,0.293394157951677,3,train
3952,3,0.22782938917797302,76.49,59.024612579763,16,45972.13597876769,29.634703196346997,Significant_Damage_And_Serious_Injuries,12,0.219106382978723,2,train
195,7,0.0023405869934339397,79.24,59.2980856882407,13,26226.1962177896,39.4520547945205,Significant_Damage_And_Serious_Injuries,3,0.316834475297511,2,train
8443,6,0.007160405857059979,80.46,72.0145852324522,17,29519.010231283,24.9315068493151,Significant_Damage_And_Serious_Injuries,4,0.31214641182834496,2,train
8926,4,0.0723253469968561,76.95,56.1531449407475,13,39740.0201192797,40.821917808219204,Minor_Damage_And_Injuries,2,0.34532347637937205,0,train