Accident_ID,Accident_Type_Code,Adverse_Weather_Metric,Cabin_Temperature,Control_Metric,Days_Since_Inspection,Max_Elevation,Safety_Score,Severity,Total_Safety_Complaints,Turbulence_In_gforces,Violations,source
6746,7,0.00165483628932035,78.5,59.799453053783104,16,21725.9744764813,50.0456621004566,Significant_Damage_And_Fatalities,7,0.46577064551027797,0,train
10773,2,0.548030970801103,78.91,76.8915223336372,11,40494.3158720077,58.1278538812785,Minor_Damage_And_Injuries,5,0.491014064190407,4,train
7626,7,0.00197907711742809,79.94,78.6235186873291,12,22248.3350362665,66.2100456621004,Significant_Damage_And_Fatalities,0,0.326210602235846,4,train
8174,4,0.0449289157473636,85.24,53.3728350045579,15,24506.969736081202,32.648401826484,Minor_Damage_And_Injuries,4,0.23425243418680103,2,train
9730,5,0.0216865530062197,78.52,66.0893345487694,10,33228.462133580295,60.5479452054795,Minor_Damage_And_Injuries,19,0.530321673278038,2,train
1295,7,0.0038321396521750297,79.37,50.1823154056518,18,47232.0210882522,48.9041095890411,Significant_Damage_And_Serious_Injuries,22,0.505799495131626,0,train
10717,2,0.47337143651023106,75.9,54.922515952598,10,35000.8621054718,61.41552511415521,Highly_Fatal_And_Damaging,2,0.496423368193292,4,train
9151,2,0.384350598455968,77.0,60.665451230628996,13,28456.00736787,39.726027397260296,Significant_Damage_And_Serious_Injuries,2,0.526354850342589,2,train
2854,3,0.22148127256992198,78.03,58.4776663628077,14,43915.3628054386,34.474885844748805,Significant_Damage_And_Serious_Injuries,0,0.404465200144248,3,train
8686,7,0.00419055705033447,83.45,62.7620783956244,11,43296.0711451878,70.5022831050228,Significant_Damage_And_Fatalities,5,0.315391994230076,4,train
10167,7,0.00276350539336952,78.27,72.8350045578852,16,29289.651761483197,53.74429223744289,Significant_Damage_And_Fatalities,20,0.39112225027046504,2,train
153,3,0.134484836771453,78.09,62.6709206927985,15,26989.614643587203,32.8767123287671,Significant_Damage_And_Serious_Injuries,7,0.30781896862603697,1,train
7300,3,0.12221944716711698,79.28,49.8176845943483,14,24563.9883018573,46.894977168949794,Highly_Fatal_And_Damaging,21,0.34748719798052696,2,train
10067,1,1.2858791156290201,83.74,76.7547857793984,16,35006.6478704957,17.442922374429198,Highly_Fatal_And_Damaging,2,0.28437865128020196,1,train
1204,3,0.17069849613110996,76.48,70.464904284412,16,34255.7043624546,30.3196347031963,Significant_Damage_And_Serious_Injuries,5,0.382467363865849,2,train
2159,4,0.05298780403596,76.93,59.6171376481313,14,28921.617649279702,24.383561643835602,Highly_Fatal_And_Damaging,6,0.267429498737829,2,train
1383,2,0.411158531593447,79.94,83.54603463992709,16,30415.652244997997,17.9908675799087,Highly_Fatal_And_Damaging,14,0.23064623151821104,2,train
4881,4,0.070322073016045,78.73,58.7511394712853,20,38630.4756847112,4.65753424657534,Highly_Fatal_And_Damaging,8,0.360108907320591,2,train
2167,6,0.007265612433068979,80.03,66.4539653600729,7,28426.2598561677,61.1872146118721,Significant_Damage_And_Serious_Injuries,10,0.41095636494771004,3,train
1601,1,2.05771410396436,76.75,75.75205104831359,12,55683.7444753324,29.7260273972603,Highly_Fatal_And_Damaging,17,0.38174612333213104,0,train
4382,3,0.189062380253031,76.1,60.75660893345489,16,38011.0212226692,53.74429223744289,Significant_Damage_And_Fatalities,13,0.385352326000721,2,train
2665,3,0.17142642739135902,82.23,61.7593436645397,11,34132.2412197546,33.7442922374429,Highly_Fatal_And_Damaging,2,0.36732131265777096,2,train
9108,2,0.404577060303128,79.93,71.1030082041933,10,29887.8059671659,63.6529680365297,Minor_Damage_And_Injuries,1,0.375254958528669,2,train
1264,4,0.0830454489098009,82.02,65.1321786690975,12,45769.7818318359,32.8767123287671,Highly_Fatal_And_Damaging,9,0.43908474576271206,0,train
6875,4,0.0255489502130423,80.8,73.2907930720146,17,13953.656602481498,15.707762557077599,Highly_Fatal_And_Damaging,3,0.315391994230076,3,train
6969,5,0.025353860841502998,79.6,60.483135824977204,10,36323.6029675182,61.2785388127854,Minor_Damage_And_Injuries,3,0.505799495131626,1,train
1795,7,0.00226741238790717,78.58,70.0091157702826,16,26697.1750912641,50.22831050228311,Significant_Damage_And_Fatalities,9,0.5735961053011179,2,train
8359,7,0.00391760256780998,77.78,58.6599817684595,19,47156.9384261401,43.2420091324201,Significant_Damage_And_Fatalities,19,0.784558961413632,4,train
1986,3,0.1545353277621,79.78,83.2725615314494,15,31091.676652706697,34.7488584474886,Significant_Damage_And_Serious_Injuries,3,0.346405337179949,0,train
10835,4,0.0585884246430177,84.8,56.8368277119417,19,31812.003986549502,30.776255707762605,Highly_Fatal_And_Damaging,2,0.378139920663541,1,train
3390,7,0.00268595996374477,81.8,49.6809480401094,18,30664.9684488475,45.2511415525114,Significant_Damage_And_Serious_Injuries,4,0.499308330328164,2,train
11258,2,0.339470394778478,80.06,68.1403828623519,14,25093.1260664619,48.9954337899543,Minor_Damage_And_Injuries,3,0.21297583844211998,2,train
7627,4,0.0728604655906755,83.28,55.9708295350957,14,39521.7363015936,46.8036529680365,Highly_Fatal_And_Damaging,4,0.28690299314821505,3,train
6931,7,0.00396141086736455,75.96,87.83044667274392,4,43717.2844019346,70.5479452054795,Significant_Damage_And_Serious_Injuries,14,0.18088063469167,3,train
6666,3,0.19247728400988298,82.38,57.247037374658206,19,38671.1085004594,30.776255707762605,Minor_Damage_And_Injuries,3,0.4261024161557879,2,train
9021,2,0.576823927713424,78.99,68.003646308113,18,42760.6401322885,13.37899543379,Highly_Fatal_And_Damaging,17,0.254447169130905,2,train
1027,3,0.19958939823117397,78.09,58.7967183226983,8,39848.6893071312,46.0730593607306,Highly_Fatal_And_Damaging,0,0.417086909484313,2,train
8168,5,0.014990810229226001,84.4,74.29352780309941,11,22918.5602543458,35.9817351598173,Highly_Fatal_And_Damaging,7,0.263823296069239,1,train
7486,3,0.151672484406703,77.96,76.6180492251596,18,30176.470252091,23.6529680365297,Significant_Damage_And_Serious_Injuries,7,0.27031446087270106,1,train
73,7,0.00148033397409175,76.99,72.97174111212401,12,15180.0317902949,68.03652968036529,Significant_Damage_And_Fatalities,1,0.49281716552470295,2,train
12304,2,0.321668685211402,78.9,32.4977210574293,9,23758.6115451918,41.1415525114155,Highly_Fatal_And_Damaging,11,0.729744680851064,2,train
1665,6,0.00600909810519402,79.52,82.2242479489517,16,24686.4675183425,29.1324200913242,Significant_Damage_And_Serious_Injuries,2,0.17655319148936105,2,train
7062,1,0.7887980227176491,78.47,82.9535095715588,7,21595.6871451792,47.9908675799087,Highly_Fatal_And_Damaging,6,0.484522899386945,3,train
2813,5,0.00985436488531033,77.53,61.850501367365595,13,17011.9552427058,28.8584474885845,Highly_Fatal_And_Damaging,0,0.30709772809231894,5,train
6896,4,0.0471095016808403,82.09,67.4567000911577,14,25419.8015193351,58.9954337899543,Significant_Damage_And_Fatalities,4,0.245071042192571,2,train
11167,7,0.00278932339913356,79.01,58.20419325433001,20,31812.003986549502,40.4109589041096,Significant_Damage_And_Fatalities,2,0.4145625676163,3,train
1083,3,0.164634007734505,77.82,66.3172288058341,8,33284.9308408919,57.4885844748858,Significant_Damage_And_Serious_Injuries,11,0.46108258204110997,2,train
6145,4,0.0484508667497566,87.97,53.281677301731996,12,26355.2604438277,32.4200913242009,Significant_Damage_And_Fatalities,8,0.24579228272628895,3,train
5649,2,0.443808474464164,76.68,62.07839562443029,15,32682.9018146972,46.027397260274,Minor_Damage_And_Injuries,0,0.346405337179949,0,train
8697,1,1.06635953548775,82.17,63.172288058340904,14,28921.5486997521,26.2100456621005,Highly_Fatal_And_Damaging,2,0.482359177785791,4,train
9995,3,0.19846802436901603,84.51,71.285323609845,13,39835.7183100935,38.0365296803653,Significant_Damage_And_Serious_Injuries,0,0.246874143526866,0,train
799,7,0.00256162599965324,76.52,54.649042844120295,14,31280.7641019388,59.634703196347,Significant_Damage_And_Serious_Injuries,8,0.458558240173098,2,train
10793,3,0.114217417558227,81.1,67.2743846855059,15,23078.099717215802,33.7442922374429,Significant_Damage_And_Serious_Injuries,6,0.41636566895059496,0,train
4733,4,0.0532825062350489,83.19,76.9371011850502,7,29261.0724381254,49.4520547945205,Highly_Fatal_And_Damaging,8,0.38174612333213104,3,train
5707,2,0.49053399377869106,80.25,60.027347310847794,19,36657.8455729123,32.8767123287671,Minor_Damage_And_Injuries,9,0.30854020915975394,2,train
935,7,0.00203640341836576,86.36,62.351868732907896,12,19398.1511532957,68.03652968036529,Significant_Damage_And_Fatalities,2,0.38210674359899,1,train
8550,2,0.627545993999708,75.4,72.4247948951687,11,46273.2400084029,48.1735159817352,Significant_Damage_And_Serious_Injuries,0,0.41672628921745397,2,train
763,3,0.223008337378143,82.66,85.8705560619873,10,45176.8326191203,47.71689497716889,Significant_Damage_And_Serious_Injuries,4,0.25985647313379,3,train
8137,4,0.0905402526442483,77.2,69.0975387420237,12,49951.1427599292,32.8767123287671,Highly_Fatal_And_Damaging,1,0.428626758023801,3,train
6649,7,0.00329233679584091,80.25,44.8951686417502,10,34034.0610333629,50.365296803653,Minor_Damage_And_Injuries,10,0.705583122971511,2,train
11645,4,0.100579962364862,81.73,86.64539653600728,15,53915.3329941275,20.958904109589,Highly_Fatal_And_Damaging,0,0.22848250991705701,0,train
12381,5,0.0244090469441248,81.31,65.22333637192351,7,36056.3247444592,47.9908675799087,Highly_Fatal_And_Damaging,18,0.36623945185719403,2,train
9097,5,0.020054275742136002,79.53,76.4357338195078,13,29216.4159909021,39.3607305936073,Significant_Damage_And_Serious_Injuries,5,0.304573386224305,3,train
11738,3,0.1151390279243,76.04,55.651777575205095,17,23099.2468389868,47.9908675799087,Significant_Damage_And_Serious_Injuries,19,0.5681868012982328,4,train
222,1,0.7218484758610161,80.82,43.072014585232495,11,19507.2239268193,35.0228310502283,Significant_Damage_And_Fatalities,5,0.558089433826181,2,train
6944,7,0.0042971745609235,75.29,73.2907930720146,15,45795.5029606522,56.0730593607306,Significant_Damage_And_Fatalities,16,0.35217526144969297,0,train
1066,7,0.00373408886789247,78.4,50.5469462169553,10,39029.8335148224,60.5479452054795,Significant_Damage_And_Serious_Injuries,2,0.329095564370718,4,train
3227,4,0.0600821670394064,81.53,73.4275296262534,14,32729.3914910183,23.1050228310502,Highly_Fatal_And_Damaging,15,0.311064551027768,2,train
9404,5,0.0227523182589593,86.43,76.253418413856,16,34687.307415452,41.9178082191781,Minor_Damage_And_Injuries,22,0.38066426253155394,1,train
9077,2,0.21080944488171202,76.3,49.9544211485871,7,15521.185500598602,59.77168949771689,Minor_Damage_And_Injuries,19,0.35433898305084705,2,train
4417,6,0.00539594244887619,77.4,50.957155879671895,19,22131.7362773227,31.9178082191781,Highly_Fatal_And_Damaging,0,0.527076090876307,2,train
5894,2,0.352422365698257,77.18,64.1294439380128,11,26040.2990908391,57.71689497716889,Minor_Damage_And_Injuries,1,0.414923187883159,1,train
11455,3,0.152337945102486,81.89,51.640838650866,15,30205.1411058189,33.5616438356164,Minor_Damage_And_Injuries,10,0.3936465921384779,2,train
9946,3,0.185100239617324,84.14,57.2014585232452,12,36949.1736877732,44.1552511415525,Significant_Damage_And_Serious_Injuries,14,0.366960692390912,1,train
2583,2,0.41782792833696497,78.52,65.587967183227,15,30826.090107085,21.2785388127854,Highly_Fatal_And_Damaging,7,0.362272628921745,3,train
4021,4,0.0707412082678978,85.04,56.973564266180496,21,38703.1691908605,19.5433789954338,Minor_Damage_And_Injuries,1,0.313228272628922,0,train
5213,3,0.12133221349238699,80.13,56.2898814949863,20,24371.5142179798,30.6392694063927,Highly_Fatal_And_Damaging,2,0.47911359538406,1,train
2407,5,0.0195516826413514,76.75,72.24247948951691,16,31335.4768243775,42.100456621004604,Minor_Damage_And_Injuries,15,0.27788748647674,2,train
11790,1,1.5073458936192399,76.35,66.0893345487694,8,41060.4258734818,69.7260273972603,Minor_Damage_And_Injuries,2,0.346405337179949,2,train
1304,3,0.15796767996914401,81.48,80.4466727438469,14,31398.4115377294,35.7077625570776,Significant_Damage_And_Serious_Injuries,8,0.30313090515687,2,train
5491,4,0.0670328004795129,79.56,65.2689152233364,8,37065.4837499923,45.0228310502283,Highly_Fatal_And_Damaging,0,0.250119725928597,3,train
2972,2,0.32343757098837606,80.33,72.33363719234279,15,24487.7919532445,46.1187214611872,Minor_Damage_And_Injuries,3,0.240743598990263,3,train
11165,3,0.17688336838481103,75.27,67.6845943482224,10,35598.8461311814,50.0456621004566,Significant_Damage_And_Serious_Injuries,7,0.314310133429499,2,train
9951,2,0.366224285097702,79.94,87.693710118505,10,26920.037175243102,61.643835616438295,Minor_Damage_And_Injuries,0,0.21766390191128698,1,train
333,7,0.00229414110951528,79.74,73.6554238833182,20,24905.0619902748,27.397260273972602,Minor_Damage_And_Injuries,1,0.39472845293905495,1,train
10124,2,0.40791045331298403,86.52,32.4977210574293,9,30393.236609017596,42.648401826484,Highly_Fatal_And_Damaging,22,0.7777071763433109,2,train
1799,6,0.00611916350952947,78.03,86.64539653600728,15,25111.174904879503,20.5479452054795,Highly_Fatal_And_Damaging,2,0.31935881716552506,3,train
10470,7,0.0038358663612205897,80.66,80.9024612579763,11,45302.303706689694,70.6849315068493,Significant_Damage_And_Fatalities,0,0.23425243418680103,4,train
3320,2,0.627545993999708,79.26,47.4020054694622,7,45903.4682004767,72.9680365296803,Highly_Fatal_And_Damaging,5,0.487768481788677,1,train
8330,4,0.0792995204396203,77.53,74.74931631722879,14,43023.0169934209,23.150684931506802,Highly_Fatal_And_Damaging,9,0.302770284890011,4,train
10437,1,1.04371906696974,78.18,67.6845943482224,18,28202.759653544,35.5251141552511,Minor_Damage_And_Injuries,8,0.255529029931482,2,train
693,7,0.0033047001729781,88.71,66.9097538742024,11,32301.4341762744,45.0684931506849,Significant_Damage_And_Serious_Injuries,20,0.298803461954562,1,train
7746,2,0.279249740703571,78.03,68.2771194165907,6,20751.8870444696,72.9680365296803,Minor_Damage_And_Injuries,2,0.324046880634692,1,train
9830,1,1.38064271264044,83.72,57.0191431175934,21,37496.2410972152,19.1780821917808,Highly_Fatal_And_Damaging,2,0.378139920663541,2,train
4458,4,0.007273312783394371,81.93,45.8067456700091,10,10864.378153367099,49.9086757990868,Minor_Damage_And_Injuries,4,0.40807140281283794,1,train
12251,3,0.13743580153221802,81.02,73.9288969917958,12,27584.056491732,44.703196347032005,Significant_Damage_And_Serious_Injuries,3,0.38174612333213104,3,train
8506,4,0.0517797336074063,86.96,68.9608021877849,12,28510.1224862741,32.557077625570805,Highly_Fatal_And_Damaging,0,0.151670393076091,1,train
1003,4,0.055051130714473,87.97,54.3755697356427,11,29638.263973482797,34.6575342465753,Significant_Damage_And_Fatalities,8,0.20468157230436299,1,train
1253,6,0.00989361030881823,82.66,66.9553327256153,19,39901.6054859658,7.85388127853881,Highly_Fatal_And_Damaging,12,0.46973746844572706,2,train
8639,2,0.52274965233139,77.4,67.86690975387421,13,38666.0454138036,61.872146118721396,Significant_Damage_And_Fatalities,11,0.452067075369635,2,train
348,1,0.691594571833008,86.96,69.64448495897899,14,18897.2774645504,23.9269406392694,Highly_Fatal_And_Damaging,0,0.33702921024161503,4,train
6340,3,0.107983120434988,79.07,71.42206016408392,18,21536.2194666649,9.68036529680365,Highly_Fatal_And_Damaging,2,0.29014857554994605,0,train
6135,4,0.0703800483391097,78.42,86.2351868732908,15,38631.0171950936,32.8310502283105,Significant_Damage_And_Serious_Injuries,1,0.28005120807789396,3,train
12071,2,0.545307675232046,79.72,67.6845943482224,15,40332.3363229316,44.3835616438356,Minor_Damage_And_Injuries,5,0.33811107104219196,1,train
8029,4,0.0645381425247153,77.35,49.5442114858706,12,35012.5425984798,32.6940639269406,Significant_Damage_And_Fatalities,0,0.526354850342589,2,train
10704,4,0.0709905354811421,78.37,47.9033728350046,15,38800.9673142313,32.8310502283105,Minor_Damage_And_Injuries,0,0.6587024882798411,2,train
7273,3,0.182930118985126,83.22,47.9945305378305,16,36789.6854758482,28.8127853881279,Minor_Damage_And_Injuries,1,0.40771078254597903,1,train
3831,2,0.440110495001411,77.53,65.49680948040111,9,32592.490029437,64.337899543379,Minor_Damage_And_Injuries,0,0.35686332491885997,3,train
9225,5,0.0331635429635031,81.43,58.5232452142206,13,48525.1107104034,40.821917808219204,Significant_Damage_And_Serious_Injuries,0,0.39112225027046504,1,train
9031,4,0.0455923069020736,78.73,76.5268915223336,16,25245.6347673321,19.1780821917808,Highly_Fatal_And_Damaging,15,0.23894049765596803,1,train
9547,2,0.405852963176552,82.36,74.4758432087512,11,30068.578732487596,58.675799086758005,Minor_Damage_And_Injuries,22,0.36443635052289897,2,train
12422,6,0.00609428775687228,83.24,71.0118505013674,14,25740.8803418544,48.9954337899543,Minor_Damage_And_Injuries,4,0.52238802740714,2,train
4103,3,0.13145313384967902,82.45,61.212397447584294,15,26459.332730401602,33.9269406392694,Significant_Damage_And_Serious_Injuries,2,0.34496285611251304,0,train
3647,1,1.54692480033966,81.81,48.222424794895204,11,41729.040724099905,37.077625570776206,Significant_Damage_And_Fatalities,4,0.6803397042913809,3,train
7832,2,0.47410975241859993,76.63,56.7000911577028,17,35012.6011594488,36.7579908675799,Highly_Fatal_And_Damaging,11,0.293033537684818,2,train
3661,3,0.0945616410103572,76.35,76.7547857793984,20,19201.5021304644,15.205479452054801,Significant_Damage_And_Serious_Injuries,31,0.32765308330328097,3,train
4473,2,0.504117435127591,79.71,73.4731084776664,10,37297.0932027602,60.5479452054795,Minor_Damage_And_Injuries,10,0.334144248106743,1,train
11971,1,1.3753055765073898,76.86,52.3245214220602,15,37249.520086068,43.47031963470321,Highly_Fatal_And_Damaging,4,0.311064551027768,0,train
4354,7,0.00230284346998378,79.64,74.06563354603459,12,24205.224332628397,66.25570776255711,Significant_Damage_And_Fatalities,15,0.232449332852506,1,train
8248,4,0.0637233304662383,83.54,80.21877848678221,17,34977.6810000549,15.8904109589041,Highly_Fatal_And_Damaging,12,0.32368626036783194,2,train
1148,4,0.0722540767650013,81.27,64.4484958979034,11,39913.6727017382,33.7442922374429,Highly_Fatal_And_Damaging,7,0.29014857554994605,0,train
4851,4,0.0692368044281072,77.34,77.073837739289,13,37964.288088699905,37.7625570776256,Significant_Damage_And_Serious_Injuries,7,0.24218608005769898,3,train
5968,5,0.0184283725792126,83.57,48.49589790337279,17,27012.0015458188,35.7077625570776,Highly_Fatal_And_Damaging,0,0.692240173097728,0,train
277,6,0.0090676683776277,80.07,73.5186873290793,12,35460.2652816768,32.100456621004604,Highly_Fatal_And_Damaging,8,0.388958528669311,0,train
8583,3,0.144784763505103,80.76,71.19416590701921,19,29061.3146985624,20.8675799086758,Significant_Damage_And_Serious_Injuries,1,0.438724125495853,2,train
2976,3,0.135825197385825,79.85,99.95442114858709,13,27433.255869225697,28.4018264840183,Highly_Fatal_And_Damaging,0,0.37092751532636103,3,train
7974,4,0.05721778810187,77.28,38.149498632634504,18,31006.5572504406,12.694063926940599,Significant_Damage_And_Fatalities,12,0.612543094121889,3,train
10756,1,1.56591013730234,83.94,81.4038286235187,11,42820.7213445713,57.44292237442921,Minor_Damage_And_Injuries,7,0.23425243418680103,2,train
12296,3,0.184654979230829,82.38,71.19416590701921,19,36967.4489018541,20.410958904109602,Significant_Damage_And_Serious_Injuries,4,0.438002884962135,1,train
9186,7,0.0019527384636911199,85.08,72.2880583409298,16,20217.165694795,51.5525114155251,Significant_Damage_And_Fatalities,0,0.337750450775333,1,train
5611,4,0.0660248869185695,85.9,53.2360984503191,20,35893.876808940804,30.776255707762605,Highly_Fatal_And_Damaging,2,0.273199423007573,1,train
1870,3,0.0772169276038119,76.11,88.0583409298086,3,16149.317703506398,65.296803652968,Significant_Damage_And_Serious_Injuries,8,0.29700036062026697,0,train
7434,3,0.170265585090925,79.78,47.17411121239739,9,34143.6751620819,43.2420091324201,Significant_Damage_And_Fatalities,0,0.6330984493328521,2,train
4220,6,0.0109841088913092,77.09,74.7948951686418,13,43023.0169934209,29.5433789954338,Highly_Fatal_And_Damaging,3,0.265626397403534,3,train
1758,5,0.026380928931565,81.85,51.1850501367366,13,39871.186072916404,63.698630136986296,Significant_Damage_And_Serious_Injuries,10,0.5404190407500901,3,train
7610,3,0.224922205425169,78.03,72.60711030082041,9,45351.5663157796,52.9223744292237,Significant_Damage_And_Serious_Injuries,3,0.2061240533718,3,train
6995,1,1.03274750346758,82.53,75.38742023701,15,28433.3299479963,43.1963470319635,Minor_Damage_And_Injuries,8,0.336307969707898,0,train
2579,3,0.136592250612013,77.95,70.7383773928897,20,27496.6930634184,28.630136986301398,Minor_Damage_And_Injuries,1,0.44665777136675106,2,train
12006,5,0.0282456403562167,83.57,54.4667274384686,7,41870.0262217125,59.04109589041099,Minor_Damage_And_Injuries,0,0.45459141723764895,3,train
10308,3,0.18156561790013,83.81,48.7693710118505,17,36350.8751542663,12.694063926940599,Significant_Damage_And_Fatalities,3,0.641753335737468,2,train
12465,4,0.0531772420885427,79.79,57.4293527803099,11,29061.3146985624,36.2557077625571,Highly_Fatal_And_Damaging,1,0.46649188604399605,3,train
11509,1,0.9371474307712859,84.3,74.06563354603459,13,25758.1197982121,29.3607305936073,Highly_Fatal_And_Damaging,14,0.23280995311936498,2,train
9393,4,0.0491943253022702,75.78,54.32999088422971,10,26972.5039664084,38.9041095890411,Significant_Damage_And_Fatalities,12,0.466852506310854,3,train
10757,3,0.13646185388676402,78.46,88.6052871467639,12,27353.2011034988,55.9817351598173,Minor_Damage_And_Injuries,1,0.27500252434186795,4,train
12050,6,0.00348349072368721,79.69,68.7329079307201,13,15509.434504814699,64.20091324200911,Significant_Damage_And_Fatalities,9,0.335586729174179,2,train
4960,3,0.15210902545666,86.09,72.4247948951687,7,30360.2984407479,60.821917808219204,Significant_Damage_And_Serious_Injuries,10,0.442330328164443,2,train
6090,2,0.519355070097568,82.38,56.0619872379216,6,38406.931881458,62.3744292237443,Significant_Damage_And_Serious_Injuries,0,0.45639451857194396,2,train
537,5,0.0179458235336835,88.67,78.7602552415679,12,27237.906313955496,54.794520547945204,Minor_Damage_And_Injuries,2,0.39076163000360603,2,train
9284,3,0.0578625828464421,79.55,58.979033728350004,7,12320.283534369199,61.232876712328796,Significant_Damage_And_Serious_Injuries,1,0.34027479264334604,2,train
8982,4,0.0505054542970095,76.48,69.1431175934367,15,27780.2101903398,31.8721461187215,Significant_Damage_And_Serious_Injuries,7,0.336307969707898,1,train
5667,4,0.0604039658593619,79.62,78.4867821330902,17,32560.290115505897,37.85388127853879,Minor_Damage_And_Injuries,16,0.329816804904435,1,train
5947,7,0.00327020645071185,79.45,67.4567000911577,10,35320.9454536098,72.32876712328759,Significant_Damage_And_Fatalities,3,0.377779300396682,2,train
1354,3,0.224922205425169,80.16,41.659070191431205,16,45075.2781182304,29.223744292237395,Minor_Damage_And_Injuries,0,0.43223296069239103,3,train
6725,4,0.0902752849258249,79.94,69.4165907019143,16,49422.6277653414,42.0091324200913,Minor_Damage_And_Injuries,1,0.19133862243058,4,train
2491,7,0.0029602454265384,77.25,58.7511394712853,13,32677.2060754324,62.511415525114096,Significant_Damage_And_Fatalities,3,0.482359177785791,2,train
9190,6,0.00265777562407155,84.87,54.7402005469462,13,3855.7438170101,39.4520547945205,Minor_Damage_And_Injuries,0,0.45603389830508395,2,train
2276,4,0.0558847376979447,88.47,55.3783044667274,12,30162.7965041591,32.4200913242009,Significant_Damage_And_Fatalities,2,0.321883159033537,2,train
6720,4,0.0468091662274168,79.64,53.2360984503191,20,25762.3181919827,28.675799086757998,Highly_Fatal_And_Damaging,0,0.5425827623512439,0,train
2879,4,0.0384517831023515,81.27,73.60984503190521,11,21061.752434631202,33.9269406392694,Highly_Fatal_And_Damaging,2,0.388958528669311,2,train
7040,1,0.8268004341671209,79.42,73.60984503190521,9,22474.765959585297,43.4246575342466,Highly_Fatal_And_Damaging,7,0.412398846015146,3,train
11659,4,0.0801631199888322,80.24,58.7055606198724,17,43915.3628054386,39.8173515981735,Minor_Damage_And_Injuries,0,0.42898737829066,2,train
771,6,0.00608157992115948,78.47,88.4685505925251,7,24609.0335512452,58.4474885844749,Significant_Damage_And_Serious_Injuries,5,0.253725928597187,2,train
5248,4,0.0714058753183895,78.25,71.1030082041933,20,39215.0592883377,27.2602739726027,Minor_Damage_And_Injuries,3,0.480556076451497,4,train
11799,4,0.0528517114582186,80.92,52.3245214220602,11,28930.360746821898,35.1141552511415,Significant_Damage_And_Fatalities,10,0.41636566895059496,2,train
4337,4,0.0431418920641042,82.85,39.7447584320875,10,23588.118797977404,48.3561643835616,Minor_Damage_And_Injuries,3,0.585857194374324,2,train
10178,2,0.405852963176552,81.35,81.3582497721058,11,29887.8059671659,59.4063926940639,Minor_Damage_And_Injuries,9,0.365157591056617,3,train
7805,3,0.205384016763677,79.39,53.6463081130356,18,41232.8372944868,34.3835616438356,Highly_Fatal_And_Damaging,11,0.334865488640461,2,train
10590,6,0.0067058787859423,76.4,62.625341841385605,14,26890.6802773688,37.5342465753425,Significant_Damage_And_Serious_Injuries,3,0.325128741435269,2,train
10497,4,0.055051130714473,83.9,51.1850501367366,18,30068.6765992829,12.694063926940599,Significant_Damage_And_Fatalities,6,0.63021348719798,2,train
738,1,1.2581610297204,82.26,74.7948951686418,8,34239.8497938214,78.675799086758,Significant_Damage_And_Fatalities,1,0.274641904075009,2,train
1547,1,0.588928819781827,79.3,62.1695533272562,12,16023.964437864499,31.1872146118721,Highly_Fatal_And_Damaging,5,0.49389902632527904,3,train
8401,1,1.01607221631166,88.39,62.853236098450296,9,27823.0505835169,42.9680365296804,Highly_Fatal_And_Damaging,12,0.29519725928597196,1,train
8299,1,1.7395281798603202,80.47,80.21877848678221,17,47235.0426420563,16.0730593607306,Highly_Fatal_And_Damaging,5,0.304573386224305,2,train
2219,3,0.128573249180056,82.13,82.3609845031905,16,25949.100339733,29.406392694063896,Significant_Damage_And_Serious_Injuries,20,0.462885683375405,2,train
1034,2,0.341937267945787,80.98,62.07839562443029,14,25365.633647101098,46.6666666666667,Minor_Damage_And_Injuries,2,0.37597619906238705,2,train
8022,4,0.0616426529691811,79.45,59.89061075660889,15,33553.4782836866,31.9178082191781,Significant_Damage_And_Serious_Injuries,6,0.36119076812116796,1,train
8987,3,0.12191753721542099,77.54,55.6061987237922,4,24792.9284845235,71.689497716895,Minor_Damage_And_Injuries,0,0.34892967904796196,2,train
2224,4,0.0696918142662149,81.82,83.68277119416591,11,38002.035429626405,35.205479452054796,Highly_Fatal_And_Damaging,1,0.18196249549224697,0,train
7399,7,0.0023049277255230397,83.85,62.1695533272562,14,23770.0939561432,36.027397260274,Significant_Damage_And_Serious_Injuries,3,0.232088712585647,1,train
10916,6,0.00522411044585368,80.14,57.474931631722896,15,22841.7634088089,42.8767123287671,Minor_Damage_And_Injuries,9,0.309622069960331,1,train
6066,3,0.159286052499828,78.97,59.6171376481313,14,32002.9157562489,25.9817351598173,Highly_Fatal_And_Damaging,7,0.39076163000360603,1,train
6427,3,0.135850462114308,77.44,65.8614402917047,15,27496.6930634184,31.689497716894998,Significant_Damage_And_Serious_Injuries,0,0.438724125495853,1,train
6887,1,1.24112616899926,80.85,71.7866909753874,15,33737.3071201569,20.2283105022831,Highly_Fatal_And_Damaging,2,0.388958528669311,2,train
1681,2,0.3100966719209,78.42,71.0118505013674,14,23026.629664007203,48.9954337899543,Minor_Damage_And_Injuries,1,0.38607356653443897,1,train
5188,5,0.036830045683054,78.24,74.65815861440291,8,49986.899410661,69.634703196347,Minor_Damage_And_Injuries,2,0.338471691309052,2,train