Accident_ID,Accident_Type_Code,Adverse_Weather_Metric,Cabin_Temperature,Control_Metric,Days_Since_Inspection,Max_Elevation,Safety_Score,Severity,Total_Safety_Complaints,Turbulence_In_gforces,Violations,source
7130,7,0.0040045627353063,76.59,45.62443026435739,13,46418.3805063549,62.3744292237443,Significant_Damage_And_Serious_Injuries,0,0.52238802740714,4,train
1585,3,0.0430780415831567,79.25,72.8805834092981,11,3470.00217523393,45.205479452054796,Significant_Damage_And_Serious_Injuries,29,0.336668589974756,3,train
3350,5,0.0152037981933412,76.53,49.6809480401094,12,23159.6988748288,45.0228310502283,Significant_Damage_And_Serious_Injuries,3,0.36732131265777096,3,train
8368,6,0.008699993303870921,80.03,64.17502278942571,6,33892.7702492079,52.1461187214612,Significant_Damage_And_Serious_Injuries,9,0.34532347637937205,3,train
3051,1,1.14962907963072,81.3,69.4165907019143,19,30966.1598251022,20.136986301369898,Significant_Damage_And_Serious_Injuries,17,0.37597619906238705,1,train
5674,3,0.172818256004364,76.96,54.7857793983592,11,34830.5139974385,46.3470319634703,Significant_Damage_And_Serious_Injuries,1,0.46721312657771297,1,train
12496,5,0.0283280931345818,76.71,71.9690063810392,13,42771.4992003673,41.598173515981706,Significant_Damage_And_Serious_Injuries,8,0.326931842769563,0,train
1993,7,0.00279373923729723,79.76,53.96536007292621,9,31170.986487461698,52.4657534246575,Minor_Damage_And_Injuries,6,0.312867652362062,2,train
551,2,0.5924212664245411,80.84,72.8350045578852,13,44036.814661343094,50.4109589041096,Minor_Damage_And_Injuries,54,0.319719437432383,3,train
10333,2,0.37567404024528006,76.62,46.718322698268004,13,27933.3453552046,28.4018264840183,Significant_Damage_And_Fatalities,12,0.560253155427335,2,train
6322,3,0.174775775733067,76.11,71.05742935278029,14,34921.555305988,37.351598173516,Significant_Damage_And_Serious_Injuries,7,0.37236999639379703,1,train
12445,2,0.37803672053927295,80.25,56.517775752051,16,27850.9170757979,40.7762557077626,Highly_Fatal_And_Damaging,7,0.315031373963217,1,train
11528,1,1.16677479820232,79.94,71.8778486782133,16,31944.001266817202,18.538812785388103,Highly_Fatal_And_Damaging,7,0.253725928597187,3,train
11201,2,0.404577060303128,77.79,74.1567912488605,18,30017.310608521402,12.1004566210046,Highly_Fatal_And_Damaging,4,0.285821132347638,1,train
12449,7,0.0033047001729781,78.37,76.5268915223336,16,32967.032046657405,18.1735159817352,Highly_Fatal_And_Damaging,1,0.335947349441038,2,train
1956,3,0.0941747741034185,79.21,59.024612579763,15,18958.9284350624,33.3333333333333,Significant_Damage_And_Serious_Injuries,2,0.278608727010458,4,train
5259,4,0.0515852646711956,79.64,52.871467639015506,9,28377.249938145098,52.511415525114096,Minor_Damage_And_Injuries,0,0.22379444644789004,2,train
149,7,0.00229566364108262,76.33,71.8322698268004,13,24423.5752794527,63.1963470319635,Significant_Damage_And_Fatalities,19,0.388958528669311,1,train
10503,1,1.62375240575535,79.72,64.2661804922516,11,43459.9317547451,34.337899543379,Highly_Fatal_And_Damaging,9,0.29014857554994605,0,train
810,4,0.0654085850714836,78.4,66.5451230628988,16,35728.3005695812,16.4840182648402,Highly_Fatal_And_Damaging,5,0.47370429138117603,2,train
1196,6,0.010247915761715,77.74,45.3965360072927,8,38888.753009181804,55.433789954337904,Minor_Damage_And_Injuries,4,0.63742589253516,2,train
3019,4,0.0320805077660302,83.21,45.5332725615314,12,17343.6622157536,55.2511415525114,Highly_Fatal_And_Damaging,2,0.49678398846015104,1,train
4277,2,0.372844371101317,79.92,66.40838650866,15,27448.2763828229,33.9269406392694,Significant_Damage_And_Serious_Injuries,0,0.502193292463036,4,train
2260,4,0.0620699590838415,76.79,61.440291704649105,10,34120.059024156,36.62100456621,Highly_Fatal_And_Damaging,10,0.474064911648034,3,train
1901,6,0.006788015161854379,79.66,35.6882406563355,15,26706.8543840839,32.648401826484,Minor_Damage_And_Injuries,1,0.705583122971511,2,train
1719,7,0.00316791802409073,79.38,71.3764813126709,13,35684.882769847594,62.511415525114096,Significant_Damage_And_Fatalities,29,0.17330760908763,2,train
5988,4,0.0342021971190433,79.65,76.5724703737466,6,18887.316157966598,54.794520547945204,Highly_Fatal_And_Damaging,9,0.374533717994951,1,train
2711,2,0.20078756321220004,76.58,70.1002734731085,12,14865.9056452982,53.5616438356164,Minor_Damage_And_Injuries,5,0.42141435268662103,2,train
8176,3,0.23987657036110102,79.09,69.5077484047402,15,47572.0590615232,32.9223744292237,Significant_Damage_And_Serious_Injuries,2,0.23064623151821104,2,train
7979,3,0.16748783052277696,80.7,71.2397447584321,19,33896.0232636711,30.593607305936104,Minor_Damage_And_Injuries,9,0.328734944103858,2,train
7638,1,1.01036207837383,81.26,75.75205104831359,14,27752.8670889775,36.5753424657534,Significant_Damage_And_Serious_Injuries,3,0.33306238730616605,3,train
6582,6,0.0082036562864502,87.05,65.0865998176846,9,31541.6998361538,54.2922374429224,Significant_Damage_And_Serious_Injuries,23,0.293394157951677,2,train
7113,2,0.5158514319144729,76.12,70.0091157702826,11,38183.1809071596,36.392694063926896,Highly_Fatal_And_Damaging,2,0.368042553191489,2,train
2539,2,0.513030099886614,76.46,79.99088422971741,14,37853.2560286298,58.7214611872146,Significant_Damage_And_Fatalities,9,0.34965091958168,2,train
2713,4,0.0515805396340857,85.1,48.5870556061987,15,28126.4685617393,22.1004566210046,Significant_Damage_And_Fatalities,7,0.850913090515687,3,train
3511,7,0.00314344715318344,81.37,60.5287146763902,13,36324.4375831292,64.0182648401826,Significant_Damage_And_Fatalities,0,0.220548864046159,3,train
11005,4,0.0589535428536337,79.15,76.5268915223336,16,31988.019805266602,18.310502283105,Highly_Fatal_And_Damaging,1,0.23894049765596803,3,train
7519,3,0.168586748894355,87.62,79.2160437556974,14,33656.0464667578,36.164383561643795,Significant_Damage_And_Serious_Injuries,1,0.26851135953840605,2,train
10521,1,1.09257988690076,79.77,51.276207839562396,13,29133.3615239579,28.538812785388103,Significant_Damage_And_Fatalities,6,0.23605553552109598,1,train
8162,7,0.00469611599491054,76.3,65.0865998176846,17,47964.94338904019,48.538812785388096,Significant_Damage_And_Fatalities,1,0.40302271907681203,2,train
5949,4,0.0338942196143558,81.68,57.155879671832295,15,18917.972732299,31.1872146118721,Minor_Damage_And_Injuries,0,0.28221492967904804,2,train
2376,3,0.141000605097377,78.68,59.2980856882407,13,28183.3231299795,38.0821917808219,Significant_Damage_And_Serious_Injuries,3,0.31863757663180603,1,train
7943,7,0.00309622031037902,84.49,71.19416590701921,12,33311.1730562469,66.4840182648402,Significant_Damage_And_Fatalities,4,0.297721601153985,2,train
7669,6,0.00544196944099981,78.64,64.2206016408387,12,22277.1986501207,41.8264840182648,Significant_Damage_And_Serious_Injuries,0,0.4902928236566889,2,train
2501,2,0.438728976114531,81.19,54.2844120328168,15,32417.9301673667,20.5479452054795,Significant_Damage_And_Fatalities,14,0.40013775694194004,3,train
11777,1,1.5224826267586002,81.24,74.7037374658159,11,41468.3975005761,47.5342465753425,Significant_Damage_And_Serious_Injuries,9,0.28509989181392,2,train
3465,1,1.65646494997323,75.58,58.8422971741112,13,45416.582515986505,41.7351598173516,Significant_Damage_And_Serious_Injuries,9,0.492456545257843,0,train
3037,4,0.053751422666227004,80.43,62.944393801276206,12,28809.1051846816,32.4200913242009,Highly_Fatal_And_Damaging,7,0.328734944103858,3,train
7954,4,0.0517797336074063,78.28,71.64995442114859,16,28549.7555524629,17.1689497716895,Highly_Fatal_And_Damaging,19,0.306737107825459,2,train
664,6,0.00376153914630119,76.17,85.5970829535096,11,14582.4606952481,46.2100456621004,Significant_Damage_And_Serious_Injuries,1,0.27031446087270106,1,train
9305,2,0.38116484962130603,79.58,76.6180492251596,5,28259.6806196274,78.4018264840183,Minor_Damage_And_Injuries,23,0.28726361341507395,1,train
1914,7,0.00238458772839743,88.93,78.5323609845032,14,27720.603925686402,58.9954337899543,Significant_Damage_And_Fatalities,7,0.20828777497295398,5,train
9039,4,0.0796140496419091,81.37,73.0628988149499,13,43635.754690978596,30.0,Highly_Fatal_And_Damaging,10,0.37850054093040003,2,train
9605,2,0.42818228607728004,81.78,57.247037374658206,13,31748.2529497146,27.8995433789954,Highly_Fatal_And_Damaging,3,0.438724125495853,2,train
4545,7,0.00346277084197133,80.55,79.17046490428442,13,37614.5594211291,61.461187214611904,Significant_Damage_And_Fatalities,2,0.272838802740714,2,train
10494,2,0.633815557320407,83.97,69.91795806745671,13,46608.2720139824,52.3744292237443,Minor_Damage_And_Injuries,15,0.369124413992066,4,train
11517,3,0.124631110425203,80.13,60.1640838650866,23,24998.0502221417,18.8127853881278,Minor_Damage_And_Injuries,2,0.639589614136314,3,train
5857,3,0.160120932295153,81.3,74.3391066545123,18,32328.2199170687,24.8858447488584,Significant_Damage_And_Serious_Injuries,16,0.37345185719437396,2,train
6928,3,0.0901334616176345,81.17,46.03463992707379,14,18247.3728312848,46.9406392694064,Highly_Fatal_And_Damaging,3,0.484522899386945,3,train
11701,5,0.0324373855024073,76.18,82.3154056517776,12,48820.2733551817,54.794520547945204,Minor_Damage_And_Injuries,1,0.26815073927154703,3,train
460,4,0.083610549525106,87.72,82.0875113947128,14,45712.5484301237,26.3013698630137,Highly_Fatal_And_Damaging,2,0.199993508835196,3,train
276,3,0.16082128754966898,81.8,57.8395624430264,11,32108.8944544788,37.2146118721461,Highly_Fatal_And_Damaging,3,0.29591849981969,1,train
11980,7,0.00329338480002912,81.04,86.2351868732908,17,35719.992068152795,50.7762557077626,Significant_Damage_And_Fatalities,7,0.33378362783988397,0,train
3560,2,0.448870281573947,83.71,52.3245214220602,13,33167.2769169269,51.598173515981706,Highly_Fatal_And_Damaging,13,0.579366029570862,2,train
9509,4,0.0453323988881035,82.93,72.8805834092981,15,24906.7451617412,22.648401826483997,Highly_Fatal_And_Damaging,8,0.27428128380815,2,train
10136,3,0.14297429508679,75.68,91.3855970829535,14,28801.5388967117,37.5342465753425,Significant_Damage_And_Serious_Injuries,1,0.21117273710782503,3,train
1548,2,0.357126172144394,81.62,41.5223336371923,9,26385.9208020125,64.8401826484018,Highly_Fatal_And_Damaging,15,0.438724125495853,1,train
5274,3,0.149122605634599,78.48,73.4731084776664,17,30017.310608521402,36.0730593607306,Minor_Damage_And_Injuries,0,0.29736098088712604,2,train
38,6,0.0113283291184958,84.56,61.89608021877849,13,47495.6595147704,40.3196347031963,Significant_Damage_And_Serious_Injuries,0,0.26346267580238,0,train
3589,5,0.0157543917646869,82.19,66.8185961713765,15,23157.2982287448,20.4566210045662,Highly_Fatal_And_Damaging,1,0.553401370357014,3,train
790,4,0.0553718382352327,78.05,68.7784867821331,10,30307.857269128,49.5890410958904,Significant_Damage_And_Serious_Injuries,5,0.19891164803461897,2,train
79,7,0.00469390067071004,86.43,54.7857793983592,14,47946.3125870917,25.296803652968002,Significant_Damage_And_Fatalities,22,0.5382553191489361,3,train
8212,4,0.0692154391987707,78.52,68.7784867821331,15,38081.2358451794,22.7397260273973,Highly_Fatal_And_Damaging,7,0.399777136675081,0,train
3182,4,0.0482607690783199,79.73,72.97174111212401,13,26248.7929504245,62.3744292237443,Significant_Damage_And_Fatalities,0,0.364796970789758,3,train
5211,5,0.025353860841502998,77.02,57.8851412944394,13,36594.4894820802,51.461187214611904,Minor_Damage_And_Injuries,3,0.414923187883159,2,train
8473,6,0.0092353588658826,78.78,71.6955332725615,12,35906.4415472225,43.7899543378995,Significant_Damage_And_Serious_Injuries,3,0.31358889289578,2,train
1071,6,0.00831707573304156,86.13,66.4995442114859,16,33567.8763125468,30.7305936073059,Significant_Damage_And_Serious_Injuries,16,0.346765957446808,2,train
10010,7,0.00307677052811736,79.77,70.4193254329991,12,35561.5648695679,66.25570776255711,Significant_Damage_And_Fatalities,11,0.39148287053732395,2,train
5354,2,0.538862339469786,76.2,70.6927985414767,13,39850.2140336444,40.091324200913206,Significant_Damage_And_Serious_Injuries,2,0.28149368914533,1,train
1479,4,0.0387908818557251,77.08,72.06016408386509,14,21101.5489464311,24.1552511415525,Highly_Fatal_And_Damaging,3,0.27896934727731704,3,train
9038,3,0.187016357171913,83.19,62.07839562443029,15,37550.3987735086,31.9634703196347,Significant_Damage_And_Serious_Injuries,2,0.34496285611251304,3,train
4576,4,0.0678905095124799,80.71,37.283500455788605,15,36889.7195181602,22.648401826483997,Significant_Damage_And_Fatalities,8,0.6803397042913809,2,train
11462,3,0.20047717765955703,76.21,64.3117593436645,17,40282.3364101982,26.575342465753398,Significant_Damage_And_Serious_Injuries,14,0.3352261089073211,1,train
5392,1,0.894409699247168,79.64,53.5095715587967,10,24506.969736081202,39.726027397260296,Significant_Damage_And_Fatalities,1,0.24579228272628895,3,train
7960,4,0.0850182295154255,77.89,80.0364630811304,11,45972.622537935094,35.205479452054796,Highly_Fatal_And_Damaging,1,0.36083014785430895,3,train
11972,5,0.0183426417789464,81.78,68.3682771194166,11,26852.6964035447,48.3561643835616,Significant_Damage_And_Serious_Injuries,3,0.39797403534078596,4,train
205,6,0.00303189200401893,79.05,68.7784867821331,23,16238.5861110973,1.14155251141552,Highly_Fatal_And_Damaging,4,0.19710854670032502,3,train
2576,7,0.00203640341836576,79.23,60.1640838650866,19,21725.9744764813,41.5068493150685,Significant_Damage_And_Fatalities,8,0.39184349080418296,2,train
12295,6,0.00699570467874823,80.77,63.4457611668186,11,27665.299840044903,45.296803652967995,Significant_Damage_And_Serious_Injuries,1,0.33270176703930704,0,train
7257,1,0.9785787680736759,79.46,82.3609845031905,9,26565.0475824998,42.9680365296804,Highly_Fatal_And_Damaging,4,0.44341218896502005,2,train
4509,2,0.42435208330785296,77.69,54.69462169553329,15,31292.9574886337,46.027397260274,Highly_Fatal_And_Damaging,3,0.5032751532636129,0,train
11425,4,0.0573884601721742,82.02,65.0865998176846,10,31728.6566869053,36.986301369863,Highly_Fatal_And_Damaging,6,0.37092751532636103,4,train
12325,4,0.0615388804407856,77.0,63.90154968094811,12,33607.4557979406,56.027397260274,Minor_Damage_And_Injuries,18,0.39400721240533704,2,train
7758,1,0.8524335058162921,75.8,66.0893345487694,12,22950.581016018703,31.369863013698602,Highly_Fatal_And_Damaging,11,0.38679480706815705,1,train
8885,3,0.0753155639194272,79.85,79.85414767547859,15,14519.2418896442,31.278538812785396,Significant_Damage_And_Serious_Injuries,1,0.19638730616660602,1,train
10914,6,0.0100809469366386,80.92,52.5524156791249,18,38630.4756847112,24.063926940639302,Minor_Damage_And_Injuries,8,0.382467363865849,2,train
4762,4,0.0592496949826449,79.36,47.7666362807658,18,32187.543777080897,11.826484018264802,Significant_Damage_And_Fatalities,7,0.48488351965380394,3,train
853,5,0.0183988257543123,79.14,38.331814038286204,15,28579.1660477413,44.0639269406393,Highly_Fatal_And_Damaging,4,0.710992426974395,2,train
1392,2,0.49053399377869106,77.05,69.8723792160438,11,36247.5362907565,60.5479452054795,Minor_Damage_And_Injuries,25,0.335586729174179,3,train
10500,2,0.314050656397823,85.92,69.91795806745671,15,23214.4912184096,46.1187214611872,Minor_Damage_And_Injuries,11,0.46432816444284203,0,train
3628,3,0.112551766589855,79.58,65.0865998176846,6,22450.266342530602,76.6666666666667,Minor_Damage_And_Injuries,23,0.37128813559322,1,train
6863,2,0.510880290268532,79.21,49.6353691886965,11,37871.0557631729,58.310502283105,Highly_Fatal_And_Damaging,5,0.336668589974756,1,train
9577,6,0.0059310930744335,82.93,54.649042844120295,23,25720.916407571804,0.9132420091324208,Highly_Fatal_And_Damaging,14,0.532846015146051,2,train
6383,7,0.0034191797135848102,75.34,70.3281677301732,15,40401.4218160128,22.0091324200913,Highly_Fatal_And_Damaging,5,0.276084385142445,2,train
2720,2,0.48312521539373704,76.17,73.2907930720146,13,35535.2005207219,41.1872146118721,Significant_Damage_And_Serious_Injuries,2,0.246874143526866,3,train
4952,2,0.40130981931802706,77.19,73.746581586144,17,29821.782357109503,26.3470319634703,Significant_Damage_And_Serious_Injuries,0,0.36984565452578405,1,train
11721,1,1.41869503093969,82.43,66.8641750227894,12,38719.6875106846,43.607305936073,Significant_Damage_And_Serious_Injuries,3,0.251201586729174,0,train
1626,5,0.0262202357668089,78.17,63.719234275296294,7,38281.2923716348,71.689497716895,Minor_Damage_And_Injuries,0,0.498947710061305,2,train
3492,6,0.0101020846763771,79.31,79.03372835004559,12,38623.3910253659,30.6392694063927,Highly_Fatal_And_Damaging,3,0.3936465921384779,3,train
1009,2,0.33562780893799105,83.38,56.9279854147676,14,24744.1584157867,37.4885844748858,Minor_Damage_And_Injuries,13,0.48632600072124,2,train
1737,6,0.005098132215622,82.19,76.6180492251596,11,20406.491789574,48.4474885844749,Significant_Damage_And_Serious_Injuries,1,0.293033537684818,1,train
870,7,0.00231036898663625,82.8,58.7967183226983,8,24973.6836872682,47.3059360730593,Highly_Fatal_And_Damaging,0,0.44485467003245505,2,train
4291,6,0.0093983482120637,79.89,35.5059252506837,8,39453.1956384473,44.794520547945204,Highly_Fatal_And_Damaging,13,0.705583122971511,2,train
11920,6,0.008505971183399871,77.16,63.90154968094811,11,37065.4837499923,45.2511415525114,Significant_Damage_And_Serious_Injuries,16,0.24615290299314802,3,train
7729,4,0.0884973764056748,80.15,42.0692798541477,6,48400.6194864647,87.48858447488578,Significant_Damage_And_Serious_Injuries,1,0.538615939415795,1,train
10356,7,0.00510546972779216,79.22,69.5077484047402,15,49422.6277653414,57.4885844748858,Significant_Damage_And_Fatalities,7,0.29231229715109996,3,train
874,2,0.48771365612333,81.43,49.31631722880589,12,36037.4356530986,54.109589041095894,Minor_Damage_And_Injuries,3,0.421053732419762,3,train
8392,4,0.0495178660399433,78.21,65.8614402917047,15,27035.8387936996,20.2739726027397,Highly_Fatal_And_Damaging,3,0.236776776054814,3,train
3802,1,0.936641790738993,81.74,52.643573381950794,10,25631.3457142277,39.13242009132421,Significant_Damage_And_Fatalities,2,0.45603389830508395,3,train
89,2,0.0595076217413258,78.47,81.0391978122151,16,9023.69269986881,41.7351598173516,Minor_Damage_And_Injuries,20,0.365157591056617,3,train
4618,2,0.577208625420804,80.34,66.6362807657247,13,42621.8436108,51.917808219178106,Minor_Damage_And_Injuries,8,0.37273061666065604,2,train
8161,1,1.15647808158358,79.61,42.9808568824066,6,31618.5684248395,52.6940639269406,Significant_Damage_And_Fatalities,15,0.578644789037144,1,train
1801,3,0.128453568773262,79.85,72.0145852324522,13,25889.5343997223,27.8995433789954,Highly_Fatal_And_Damaging,2,0.522748647673999,2,train
3345,7,0.00228638425828823,79.6,82.9535095715588,16,27550.591374385098,53.74429223744289,Significant_Damage_And_Fatalities,0,0.248677244861161,1,train
10829,3,0.13209095278572802,78.23,89.1978122151322,16,26623.2048805474,18.7214611872146,Highly_Fatal_And_Damaging,2,0.27103570140641897,0,train
812,1,1.2229712083589799,79.8,62.944393801276206,15,33313.7192567944,22.9680365296804,Highly_Fatal_And_Damaging,1,0.5764810674359899,2,train
4338,7,0.0032192666671433104,81.11,82.13309024612579,20,32708.139141712403,15.753424657534199,Significant_Damage_And_Serious_Injuries,7,0.245071042192571,3,train
7102,1,1.56124667254123,78.33,47.0829535095716,16,42902.3849751326,40.7762557077626,Highly_Fatal_And_Damaging,9,0.495702127659574,1,train
6616,3,0.125660881272039,80.22,63.719234275296294,15,25474.308316526698,31.9178082191781,Significant_Damage_And_Serious_Injuries,3,0.22595816804904398,3,train
12081,1,0.7233556815504879,78.4,88.0583409298086,9,19700.9554497443,54.0639269406393,Highly_Fatal_And_Damaging,10,0.26815073927154703,2,train
11824,3,0.20312108342873397,83.24,60.4375569735643,11,40979.5754532752,46.894977168949794,Significant_Damage_And_Serious_Injuries,0,0.517339343671114,2,train
9227,6,0.0119400602625915,79.64,42.5706472196901,16,45760.7560852147,42.5114155251142,Highly_Fatal_And_Damaging,7,0.6082156509195811,2,train
2989,1,1.3583961336022699,83.34,54.4667274384686,21,37120.1716684666,1.14155251141552,Significant_Damage_And_Fatalities,4,0.48416227912008597,1,train
12036,4,0.0592112001916615,84.4,66.2716499544212,15,32472.0736609725,31.5981735159817,Significant_Damage_And_Serious_Injuries,13,0.42213559322033894,2,train
4844,4,0.0385759451956623,77.37,56.563354603464,13,21179.1038747685,27.8082191780822,Significant_Damage_And_Fatalities,13,0.505078254597908,3,train
1138,3,0.160110192147785,78.44,60.5287146763902,19,32275.9088048593,32.8767123287671,Minor_Damage_And_Injuries,3,0.368763793725207,3,train
377,7,0.00243243998136578,86.09,68.64175022789429,7,27762.7996722579,82.23744292237441,Significant_Damage_And_Fatalities,11,0.262020194734944,3,train
2304,7,0.0028125247804077,87.1,57.520510483135794,10,30951.0633871869,73.607305936073,Significant_Damage_And_Fatalities,22,0.47370429138117603,3,train
10476,7,0.0033140906062656,82.16,32.7256153144941,6,32628.399491092,91.2328767123288,Significant_Damage_And_Serious_Injuries,0,0.7347933645870891,3,train
2933,7,0.00290087927234828,79.19,73.1540565177758,6,31290.5115253014,62.6940639269406,Significant_Damage_And_Serious_Injuries,2,0.260938333934367,2,train
9142,4,0.0198346999706244,86.96,68.64175022789429,12,831.6955534213299,30.1369863013699,Highly_Fatal_And_Damaging,1,0.4120382257482871,2,train
9163,2,0.37489100786849,77.79,56.6545123062899,14,27702.6663148683,25.251141552511395,Significant_Damage_And_Fatalities,13,0.430790479624955,1,train
2201,4,0.0639057568277937,77.69,68.9608021877849,14,35154.727264940804,58.1278538812785,Significant_Damage_And_Fatalities,4,0.413120086548864,1,train
10752,6,0.0065120821981488,83.07,87.693710118505,10,26959.581905196203,49.726027397260296,Significant_Damage_And_Serious_Injuries,10,0.28726361341507395,3,train
353,6,0.00446187925089134,83.21,64.4484958979034,20,18089.7766828856,16.986301369863,Significant_Damage_And_Serious_Injuries,3,0.337389830508475,2,train
7676,3,0.18564707587063,79.64,65.1321786690975,12,37318.5134929379,44.657534246575295,Significant_Damage_And_Serious_Injuries,3,0.265265777136675,2,train
10271,3,0.0993228008242308,79.85,56.9279854147676,17,19949.517832695,28.2191780821918,Minor_Damage_And_Injuries,11,0.32368626036783194,1,train
4718,3,0.20988934904073603,78.43,56.7456700091158,13,42190.154354331,38.4474885844749,Minor_Damage_And_Injuries,22,0.49462026685899696,3,train
9558,4,0.0604794899831926,83.29,82.2242479489517,13,33053.916313277005,28.9954337899543,Highly_Fatal_And_Damaging,0,0.33234114677244897,3,train
7490,3,0.164857538935295,77.42,75.11394712853242,7,33257.595187085695,47.9908675799087,Highly_Fatal_And_Damaging,6,0.312867652362062,2,train
4332,7,0.0032192666671433104,81.78,58.8422971741112,12,34233.0433595664,65.7077625570776,Significant_Damage_And_Fatalities,2,0.4145625676163,1,train
2207,4,0.0608856857112103,78.84,84.8678213309025,21,33146.070029033304,19.5433789954338,Minor_Damage_And_Injuries,1,0.245071042192571,1,train
5877,4,0.044555720248319004,79.71,67.7757520510483,13,24262.8963865492,52.8767123287671,Minor_Damage_And_Injuries,4,0.37489433826181,4,train
5698,3,0.10117521906412599,79.99,69.9635369188697,13,20402.772536801298,39.6803652968037,Significant_Damage_And_Serious_Injuries,30,0.249759105661738,2,train
8566,1,1.27665927889249,78.0,87.2835004557885,9,34684.7064974376,54.657534246575295,Significant_Damage_And_Serious_Injuries,0,0.40374395961053006,0,train
12076,3,0.10639403449074698,81.63,49.6353691886965,12,21287.7996759686,56.25570776255711,Highly_Fatal_And_Damaging,13,0.465049404976559,2,train
734,6,0.005557064300178999,76.2,72.0145852324522,11,20938.3572458028,45.2511415525114,Significant_Damage_And_Serious_Injuries,16,0.442330328164443,2,train
9290,2,0.21080944488171202,81.15,56.38103919781221,21,15521.145219850901,1.14155251141552,Significant_Damage_And_Fatalities,1,0.313228272628922,0,train
8757,4,0.0569905136266613,80.35,70.9206927985415,14,31335.4768243775,26.2557077625571,Highly_Fatal_And_Damaging,10,0.273560043274432,0,train
7207,6,0.00707625704504583,77.11,74.7948951686418,13,30077.4161879637,29.5433789954338,Highly_Fatal_And_Damaging,4,0.20143598990263198,2,train
3328,3,0.12376105756485901,77.65,74.9772105742936,10,24946.531467819103,37.5799086757991,Highly_Fatal_And_Damaging,10,0.368403173458348,2,train
922,7,0.00216645188959327,77.53,65.9070191431176,10,26248.7929504245,74.2009132420091,Significant_Damage_And_Fatalities,0,0.339914172376487,3,train
9354,2,0.514265510989051,76.2,66.04375569735639,15,38079.8427477091,33.6529680365297,Significant_Damage_And_Serious_Injuries,11,0.354699603317706,2,train
3394,7,0.00359083469130035,79.51,50.091157702825896,18,39152.9933728058,46.1643835616438,Significant_Damage_And_Serious_Injuries,19,0.7524637576631801,1,train
11858,6,0.00649134340495729,77.98,59.3892433910666,7,27518.7235157539,82.7853881278539,Significant_Damage_And_Fatalities,1,0.28906671474936896,3,train
12410,1,0.9201955634107042,76.96,82.4065633546035,18,25251.212043966603,11.5068493150685,Highly_Fatal_And_Damaging,0,0.219827623512441,1,train
9445,7,0.0046095259518669105,78.56,77.4384685505925,9,52054.3002379775,55.0228310502283,Significant_Damage_And_Serious_Injuries,10,0.18556869816083602,2,train
10566,4,0.0695073447784336,80.4,72.4247948951687,17,38168.2845511766,15.4337899543379,Highly_Fatal_And_Damaging,29,0.35542084385142403,1,train
5222,3,0.086846843745868,79.56,65.9981768459435,10,17267.0045345224,51.1872146118721,Significant_Damage_And_Serious_Injuries,6,0.38174612333213104,0,train
8832,6,0.0127192033069789,77.13,57.474931631722896,10,50122.019751680804,38.9954337899543,Highly_Fatal_And_Damaging,2,0.304573386224305,2,train
4341,1,0.819092324798317,74.85,64.17502278942571,19,22265.2378232954,42.0547945205479,Significant_Damage_And_Fatalities,5,0.44593653083303203,2,train
5668,4,0.0575557829885468,79.4,70.60164083865091,19,31041.738511205698,31.415525114155198,Minor_Damage_And_Injuries,11,0.382467363865849,2,train
1462,4,0.0639026705133312,77.83,49.4530537830446,12,35084.3986653576,30.9132420091324,Highly_Fatal_And_Damaging,0,0.491014064190407,2,train
12112,7,0.00222971733346745,77.2,71.3764813126709,15,26112.881093622003,56.4840182648402,Significant_Damage_And_Fatalities,7,0.362272628921745,1,train
697,1,0.394750463991409,76.62,67.50227894257071,15,11268.2935055275,21.2785388127854,Highly_Fatal_And_Damaging,11,0.505078254597908,2,train
10072,6,0.00265777562407155,80.55,60.027347310847794,14,10829.379248585501,34.7488584474886,Significant_Damage_And_Serious_Injuries,22,0.26274143526866195,2,train
8285,4,0.0958258956683562,82.07,71.4676390154968,11,51143.5391676143,33.972602739726,Highly_Fatal_And_Damaging,14,0.237858636855391,2,train
7157,2,0.34398585055344105,80.58,55.651777575205095,14,25365.633647101098,47.899543378995396,Highly_Fatal_And_Damaging,20,0.48993220338983,4,train
7730,7,0.00314676670034171,78.73,85.18687329079309,8,33395.5017361782,44.0639269406393,Highly_Fatal_And_Damaging,5,0.264183916336098,1,train
12334,6,0.005389074790336929,83.84,60.027347310847794,8,23360.58611145,54.5205479452055,Significant_Damage_And_Serious_Injuries,0,0.44413342949873796,2,train
6519,2,0.653014214204056,76.35,76.4813126709207,12,48882.9969470896,30.9132420091324,Highly_Fatal_And_Damaging,3,0.27103570140641897,2,train
11503,3,0.0900111876406189,78.96,41.659070191431205,16,18491.7313994727,29.8173515981735,Minor_Damage_And_Injuries,3,0.45603389830508395,2,train
3862,6,0.00720357970658475,81.09,56.7000911577028,9,28535.262401524702,65.4337899543379,Significant_Damage_And_Serious_Injuries,2,0.5425827623512439,3,train