Accident_ID,Accident_Type_Code,Adverse_Weather_Metric,Cabin_Temperature,Control_Metric,Days_Since_Inspection,Max_Elevation,Safety_Score,Severity,Total_Safety_Complaints,Turbulence_In_gforces,Violations,source
2351,3,0.172001299953239,82.2,70.0091157702826,8,34142.8282653348,79.5433789954338,Significant_Damage_And_Fatalities,0,0.35325712225027,0,train
10198,4,0.0435688687075891,79.91,72.24247948951691,16,23643.2785223982,16.5296803652968,Highly_Fatal_And_Damaging,0,0.33125928597187204,0,train
5836,6,0.00873794417837618,80.51,65.9070191431176,18,34198.7569609193,22.694063926940604,Significant_Damage_And_Serious_Injuries,14,0.499308330328164,3,train
6172,7,0.00246153031373213,76.02,75.38742023701,16,22951.8359276977,43.3333333333333,Minor_Damage_And_Injuries,15,0.39292535160476,1,train
2119,2,0.596791289287252,81.82,69.690063810392,14,43971.7104530714,49.0867579908676,Minor_Damage_And_Injuries,2,0.37273061666065604,1,train
900,6,0.0115568724282437,76.18,75.25068368277121,15,45290.8914732731,32.8767123287671,Significant_Damage_And_Serious_Injuries,8,0.38030364226469504,2,train
6535,2,0.775872856375072,79.45,78.4867821330902,15,59108.8771655082,45.79908675799089,Minor_Damage_And_Injuries,1,0.386434186801298,2,train
7412,6,0.009890656392419959,76.73,72.926162260711,12,39422.8467693878,44.0639269406393,Significant_Damage_And_Serious_Injuries,3,0.38607356653443897,4,train
10116,4,0.0763205990087241,77.17,73.6554238833182,8,41917.3221674367,46.62100456620999,Highly_Fatal_And_Damaging,3,0.368042553191489,3,train
431,2,0.42347102398951597,76.32,75.47857793983592,9,31290.8093282879,54.2922374429224,Significant_Damage_And_Serious_Injuries,2,0.37092751532636103,2,train
2458,1,1.40966132986615,79.52,82.13309024612579,15,38360.573071955296,31.735159817351605,Significant_Damage_And_Serious_Injuries,0,0.17655319148936105,3,train
9409,6,0.0098830789264511,85.61,57.155879671832295,11,40968.874304452795,46.2100456621004,Minor_Damage_And_Injuries,0,0.300606563288856,4,train
8437,6,0.0075671699537456704,83.08,59.3892433910666,7,30551.914471598397,82.23744292237441,Significant_Damage_And_Fatalities,0,0.364796970789758,2,train
11660,3,0.141000605097377,79.76,75.1595259799453,4,28201.7353365839,58.3561643835616,Highly_Fatal_And_Damaging,2,0.249759105661738,1,train
10123,2,0.578783519836537,79.17,70.6472196900638,14,42622.3715192289,48.1735159817352,Minor_Damage_And_Injuries,14,0.37020627479264295,1,train
6615,6,0.00500979728337652,76.4,64.2661804922516,15,22429.337175223198,33.2420091324201,Significant_Damage_And_Serious_Injuries,5,0.3352261089073211,2,train
5745,6,0.0105823276581405,78.84,78.80583409298092,16,42630.0016766009,29.1324200913242,Significant_Damage_And_Serious_Injuries,3,0.205402812838081,2,train
9723,2,0.447344516323107,81.74,43.80127620783961,12,33060.133221202595,42.9223744292237,Minor_Damage_And_Injuries,12,0.6756516408222141,3,train
9450,3,0.13136338669314698,82.45,62.07839562443029,15,26433.2861366269,31.9634703196347,Significant_Damage_And_Serious_Injuries,3,0.34496285611251304,3,train
2190,3,0.21159615197315498,76.89,86.9644484958979,16,42630.0016766009,30.3196347031963,Significant_Damage_And_Serious_Injuries,0,0.220548864046159,3,train
2702,4,0.0486066327281578,77.59,63.172288058340904,13,26257.387922929902,26.2100456621005,Highly_Fatal_And_Damaging,0,0.556286332491886,2,train
3127,4,0.08921910762285198,76.6,75.25068368277121,16,48882.9969470896,17.1689497716895,Highly_Fatal_And_Damaging,15,0.315391994230076,1,train
8508,7,0.00359948034871558,78.33,87.46581586144029,13,40762.813278056805,38.310502283105,Significant_Damage_And_Serious_Injuries,54,0.25769275153263604,0,train
2645,4,0.0453323988881035,81.12,46.8094804010939,11,24626.2329864038,68.675799086758,Significant_Damage_And_Serious_Injuries,4,0.5634987378290661,2,train
8424,2,0.35017958188076004,84.53,77.7575205104832,10,25716.0391227479,62.1461187214612,Minor_Damage_And_Injuries,6,0.24110421925712197,3,train
3354,6,0.00431639490470017,79.24,79.8997265268915,9,19446.333912103,53.47031963470321,Significant_Damage_And_Serious_Injuries,2,0.523469888207717,1,train
1096,4,0.0884973764056748,77.55,46.080218778486795,9,48401.007404396296,40.86757990867579,Significant_Damage_And_Fatalities,34,0.804753696357736,1,train
4636,1,1.0601220101462099,78.33,68.7784867821331,18,28746.8446050309,22.2831050228311,Significant_Damage_And_Serious_Injuries,3,0.4120382257482871,2,train
3073,7,0.00166625715666245,78.31,62.07839562443029,14,22736.3823339225,34.6118721461187,Significant_Damage_And_Serious_Injuries,6,0.330898665705012,4,train
9658,7,0.0032192666671433104,80.22,72.3792160437557,13,32861.2768383276,62.4200913242009,Significant_Damage_And_Fatalities,29,0.30313090515687,0,train
9028,7,0.00300048526359377,80.75,70.0091157702826,7,34439.546164114,83.6529680365297,Significant_Damage_And_Fatalities,0,0.463967544175982,2,train
9403,2,0.53352952103577,80.96,55.0592525068368,17,39482.9418262533,38.4474885844749,Highly_Fatal_And_Damaging,0,0.36948503425892504,3,train
5363,4,0.0537586126419105,80.03,58.6144029170465,16,28986.657479203903,17.7168949771689,Highly_Fatal_And_Damaging,0,0.323325640100974,3,train
1334,4,0.0682294487333802,78.49,60.80218778486779,20,37241.4014656805,27.534246575342497,Minor_Damage_And_Injuries,13,0.40771078254597903,3,train
5669,2,0.530620425913024,76.77,60.5287146763902,16,38767.359602745695,54.109589041095894,Significant_Damage_And_Fatalities,15,0.3705668950595021,1,train
5737,3,0.12625723914265302,75.4,72.0145852324522,9,25279.7240398423,41.415525114155294,Highly_Fatal_And_Damaging,3,0.40771078254597903,2,train
2606,6,0.006857542219663879,78.16,71.42206016408392,18,27801.6840675044,9.49771689497717,Highly_Fatal_And_Damaging,2,0.267429498737829,2,train
9104,1,1.4435309546179598,79.99,56.8824065633546,10,39396.116621502,36.4383561643836,Significant_Damage_And_Fatalities,7,0.4906534439235479,1,train
587,7,0.00318557811251554,78.0,62.5341841385597,16,36059.2215837245,18.310502283105,Highly_Fatal_And_Damaging,8,0.288345474215651,1,train
6254,1,0.770245196670641,76.39,70.0091157702826,15,21043.0745957428,43.3333333333333,Minor_Damage_And_Injuries,5,0.547270825820411,3,train
6444,3,0.19411395823839703,80.67,74.567000911577,15,39449.3892372186,31.9634703196347,Significant_Damage_And_Serious_Injuries,1,0.399055896141363,2,train
4355,2,0.5153546303866889,79.72,53.2360984503191,19,37999.3671044333,31.8264840182648,Highly_Fatal_And_Damaging,0,0.49281716552470295,2,train
2701,4,0.0630931292208833,82.66,71.3764813126709,17,34711.1482249364,12.9223744292237,Highly_Fatal_And_Damaging,5,0.35686332491885997,3,train
5122,7,0.00243243998136578,75.94,65.1321786690975,16,24411.8291325658,31.278538812785396,Significant_Damage_And_Serious_Injuries,7,0.43908474576271206,0,train
11343,4,0.045618295027618,80.83,76.3445761166819,17,25245.6347673321,13.698630136986301,Highly_Fatal_And_Damaging,5,0.20143598990263198,3,train
8900,5,0.0198462668231589,76.44,56.973564266180496,14,31051.277966358703,47.4885844748858,Highly_Fatal_And_Damaging,0,0.54402524341868,2,train
4334,5,0.0108072656643546,76.5,77.1194165907019,12,18147.483466394,56.1187214611872,Minor_Damage_And_Injuries,18,0.243989181391994,2,train
8921,2,0.5158514319144729,79.93,84.2752962625342,15,38116.5516912975,46.1187214611872,Minor_Damage_And_Injuries,9,0.21441831950955603,1,train
214,1,1.4286956794006398,80.55,39.8359161349134,14,38783.3566123134,25.296803652968002,Significant_Damage_And_Fatalities,8,0.51878182473855,2,train
6326,1,1.3231242855511298,78.52,99.95442114858709,13,36035.1961423479,28.0821917808219,Highly_Fatal_And_Damaging,2,0.37236999639379703,1,train
8868,4,0.0263158471738954,83.56,67.18322698268001,13,14871.6649197146,50.1826484018265,Minor_Damage_And_Injuries,0,0.293394157951677,2,train
8572,2,0.6593871275443051,79.18,80.4010938924339,18,48352.0147996316,35.2511415525114,Minor_Damage_And_Injuries,8,0.293394157951677,3,train
3974,5,0.013601554746415999,79.28,50.27347310847771,16,20186.4970862225,53.74429223744289,Significant_Damage_And_Fatalities,6,0.329095564370718,2,train
5388,6,0.00665611796596474,79.4,68.9608021877849,12,28101.3254768902,42.8767123287671,Significant_Damage_And_Serious_Injuries,10,0.33125928597187204,2,train
7084,2,0.494990146588943,85.36,78.5323609845032,11,36493.1943544014,59.9086757990868,Minor_Damage_And_Injuries,22,0.27103570140641897,3,train
638,3,0.0901689468028183,79.72,71.19416590701921,19,18241.0570937703,20.8675799086758,Significant_Damage_And_Serious_Injuries,2,0.438724125495853,2,train
5781,4,0.0516703891898946,79.99,56.517775752051,13,28454.4613989612,40.7305936073059,Minor_Damage_And_Injuries,4,0.48632600072124,1,train
1403,1,1.0889628054204499,77.74,50.091157702825896,13,29601.0780584221,27.534246575342497,Significant_Damage_And_Fatalities,28,0.49425964659213795,1,train
6051,7,0.0018770473815098601,77.03,61.6681859617138,13,21079.2995457879,64.3835616438356,Significant_Damage_And_Fatalities,7,0.34496285611251304,2,train
1841,4,0.0634078516306716,77.4,77.2561531449408,11,34310.6178985485,34.337899543379,Highly_Fatal_And_Damaging,1,0.269953840605842,3,train
5319,6,0.0067948210839351795,79.92,38.1039197812215,14,26015.962941191003,34.1552511415525,Minor_Damage_And_Injuries,5,0.629852866931121,3,train
2978,6,0.0103375714698017,85.64,70.37374658158609,8,40561.6926747208,56.301369863013704,Significant_Damage_And_Serious_Injuries,0,0.330898665705012,1,train
2502,7,0.0018293760999619102,81.8,45.2597994530538,10,21768.7855190636,60.1826484018265,Significant_Damage_And_Serious_Injuries,7,0.5209455463397039,5,train
4216,3,0.0756091709686122,84.72,55.9252506836828,12,15092.1179955555,42.328767123287705,Minor_Damage_And_Injuries,3,0.385352326000721,0,train
11760,7,0.00212389414099217,80.71,54.056517775752106,9,23192.1558746436,78.2191780821918,Significant_Damage_And_Serious_Injuries,30,0.30313090515687,2,train
9179,4,0.0535933280335573,77.27,54.876937101185,15,28716.275457879103,33.7899543378995,Minor_Damage_And_Injuries,5,0.365518211323476,1,train
6428,6,0.00686081877193683,79.86,62.944393801276206,14,27059.9484729937,36.5753424657534,Significant_Damage_And_Serious_Injuries,11,0.32152253876667897,3,train
517,4,0.0277814772558509,79.79,76.9371011850502,7,14552.7349096771,48.675799086758005,Highly_Fatal_And_Damaging,10,0.39797403534078596,3,train
1931,3,0.19520099345621,79.61,54.2844120328168,15,39380.291354963796,35.1141552511415,Minor_Damage_And_Injuries,7,0.5519588892895779,2,train
11351,4,0.0542862669246763,77.75,74.9316317228806,12,30077.4161879637,30.1826484018265,Highly_Fatal_And_Damaging,6,0.282936170212766,2,train
619,1,1.4613482216058897,77.99,53.00820419325439,16,39565.8344826951,40.7762557077626,Highly_Fatal_And_Damaging,8,0.5209455463397039,2,train
657,2,0.436714350501206,75.94,61.440291704649105,13,32314.577381767,26.7123287671233,Highly_Fatal_And_Damaging,6,0.44413342949873796,0,train
1579,3,0.12221944716711698,77.69,59.6171376481313,8,24664.528930302797,55.388127853881294,Significant_Damage_And_Serious_Injuries,2,0.45134583483591795,3,train
13,4,0.0499833389656219,79.34,77.7119416590702,13,27433.255869225697,29.0867579908676,Highly_Fatal_And_Damaging,0,0.362272628921745,2,train
6443,6,0.0100253470599817,80.53,68.8240656335461,10,37678.013457620094,50.7762557077626,Significant_Damage_And_Serious_Injuries,0,0.28149368914533,1,train
11672,5,0.0299674821819734,77.39,76.02552415679129,14,43887.3019722406,36.5753424657534,Significant_Damage_And_Serious_Injuries,17,0.4340360620266861,2,train
6439,2,0.451859982865108,76.14,70.6927985414767,9,33309.9400006456,66.25570776255711,Minor_Damage_And_Injuries,1,0.390401009736747,1,train
7365,3,0.13411018996452,79.87,84.04740200546951,11,26757.665677276298,47.5342465753425,Significant_Damage_And_Serious_Injuries,3,0.19710854670032502,3,train
6404,6,0.00892252524172122,79.46,64.94986326344579,15,36736.6428204931,32.2374429223744,Significant_Damage_And_Serious_Injuries,4,0.549434547421565,2,train
1058,3,0.164634007734505,81.89,48.9061075660894,12,33426.1810266522,32.557077625570805,Highly_Fatal_And_Damaging,9,0.42249621348719796,1,train
5933,1,1.86385648085953,76.63,73.1996353691887,16,49396.8764131783,18.310502283105,Highly_Fatal_And_Damaging,3,0.20432095203750503,3,train
4537,3,0.233684409670316,79.74,48.1312670920693,12,47541.0050691026,44.657534246575295,Minor_Damage_And_Injuries,1,0.670963577353047,3,train
10106,2,0.478473145692437,80.89,67.6390154968095,15,35237.7775518202,56.2100456621004,Significant_Damage_And_Fatalities,0,0.314310133429499,2,train
4469,4,0.0246675180249184,79.33,49.179580674567006,14,13118.537295639298,25.9817351598173,Significant_Damage_And_Fatalities,2,0.51156941940137,2,train
4279,7,0.00383708389771657,79.68,82.13309024612579,12,46540.2467885055,68.03652968036529,Significant_Damage_And_Fatalities,1,0.30998269022719105,2,train
4124,5,0.0219848426435965,79.63,70.6927985414767,17,32269.0683506148,26.5296803652968,Significant_Damage_And_Serious_Injuries,15,0.276805625676163,1,train
8864,2,0.52135290526144,76.3,72.24247948951691,12,38661.0770201153,32.1917808219178,Highly_Fatal_And_Damaging,0,0.32116191849982,2,train
9149,1,1.0652076809531899,86.43,61.5314494074749,15,29033.294247319103,21.461187214611897,Highly_Fatal_And_Damaging,9,0.38571294626758,3,train
6351,5,0.0236396818701965,79.85,71.4676390154968,11,34703.197189470804,35.9817351598173,Highly_Fatal_And_Damaging,15,0.258053371799495,3,train
2870,4,0.05511924711346299,81.32,71.42206016408392,8,29978.3820723515,46.25570776255711,Highly_Fatal_And_Damaging,1,0.324046880634692,1,train
9984,1,0.5894887082752671,80.21,80.8113035551504,10,16008.7450906877,37.4885844748858,Highly_Fatal_And_Damaging,6,0.219827623512441,1,train
3312,6,0.00796206330656798,78.47,61.6681859617138,14,30858.543137353397,37.260273972602704,Significant_Damage_And_Serious_Injuries,10,0.453509556437072,3,train
9358,5,0.0244045214906998,82.39,60.483135824977204,14,37158.0803037881,23.013698630137,Highly_Fatal_And_Damaging,22,0.419971871619185,0,train
3824,5,0.0244657939434174,84.0,89.9726526891523,13,37242.7749066967,40.9132420091324,Significant_Damage_And_Serious_Injuries,3,0.328734944103858,2,train
4074,3,0.18001995890700304,76.14,57.8851412944394,12,36159.9008773321,42.8767123287671,Significant_Damage_And_Serious_Injuries,10,0.727941579516768,2,train
4400,5,0.0166987552175787,79.58,53.2360984503191,10,24122.8234182072,38.0365296803653,Significant_Damage_And_Fatalities,1,0.584775333573747,1,train
8423,3,0.14129402577841502,78.96,56.8368277119417,16,28454.4613989612,30.9132420091324,Minor_Damage_And_Injuries,4,0.586939055174901,3,train
3637,4,0.0528874696253254,81.27,74.29352780309941,11,29518.3315276388,36.0730593607306,Highly_Fatal_And_Damaging,6,0.28365741074648404,2,train
2988,3,0.16467954369954801,77.36,72.7894257064722,18,33108.5121785402,22.3744292237443,Significant_Damage_And_Serious_Injuries,1,0.31719509556437103,3,train
10259,2,0.501428821012912,76.95,70.510483135825,16,36906.169904483395,30.6849315068493,Significant_Damage_And_Serious_Injuries,1,0.33125928597187204,3,train
10268,7,0.0035784858464896797,80.97,78.94257064721971,11,40028.3261414048,59.178082191780796,Minor_Damage_And_Injuries,3,0.17943815362423302,3,train
12199,5,0.0215975928521873,77.25,40.5195989061076,12,33372.8197860987,53.2420091324201,Highly_Fatal_And_Damaging,0,0.5981182834475289,4,train
3984,6,0.00649134340495729,78.4,40.2917046490429,15,27755.473500689,44.5205479452055,Highly_Fatal_And_Damaging,2,0.516978723404255,4,train
6232,3,0.184264146382811,77.91,94.0747493163172,13,36929.4217155852,40.9132420091324,Significant_Damage_And_Serious_Injuries,1,0.18052001442481,2,train
5473,2,0.315570346061336,77.91,80.6745670009116,17,23373.6197676668,38.0365296803653,Minor_Damage_And_Injuries,5,0.28870609448251,1,train
218,7,0.00317375662311287,84.52,56.1531449407475,12,32475.3941981611,56.4383561643835,Highly_Fatal_And_Damaging,4,0.458558240173098,1,train
2506,3,0.119606400550729,76.96,68.3682771194166,9,24023.587745112403,53.74429223744289,Significant_Damage_And_Serious_Injuries,17,0.39797403534078596,2,train
1494,6,0.00675229101780232,77.51,66.9097538742024,10,26705.9269085582,50.5479452054795,Significant_Damage_And_Serious_Injuries,7,0.29988532275513896,3,train
11954,2,0.168418281925373,76.18,90.154968094804,12,12595.428881436,54.5205479452055,Minor_Damage_And_Injuries,1,0.28509989181392,1,train
9001,4,0.0486066327281578,80.09,86.9644484958979,13,26572.9666742821,27.8995433789954,Highly_Fatal_And_Damaging,10,0.265987017670393,2,train
4643,1,1.2628155404651598,79.66,40.975387420237006,19,34325.6150767811,41.3698630136986,Significant_Damage_And_Fatalities,4,0.556286332491886,2,train
9911,4,0.0751520617256795,80.67,66.362807657247,23,41232.8372944868,19.5433789954338,Minor_Damage_And_Injuries,7,0.368403173458348,1,train
2748,3,0.19201166810753603,88.11,69.73564266180489,20,38605.8448723499,5.2054794520547905,Highly_Fatal_And_Damaging,15,0.254447169130905,3,train
8017,7,0.00300586985694696,80.39,72.3792160437557,13,33311.1730562469,62.6940639269406,Significant_Damage_And_Fatalities,22,0.273560043274432,3,train
6291,6,0.00446187925089134,75.55,67.2743846855059,15,18426.2771409882,33.7442922374429,Significant_Damage_And_Serious_Injuries,4,0.27428128380815,3,train
580,7,0.00249428907864665,81.56,66.7730173199635,14,23467.081784370697,37.3059360730594,Significant_Damage_And_Serious_Injuries,12,0.31178579156148495,3,train
5075,3,0.15796767996914401,82.57,73.1540565177758,6,31290.5115253014,63.698630136986296,Significant_Damage_And_Serious_Injuries,0,0.260938333934367,1,train
3772,4,0.0670328004795129,81.05,50.86599817684589,11,36885.6979512017,35.2511415525114,Significant_Damage_And_Fatalities,0,0.527076090876307,3,train
12276,7,0.0026681802404638104,79.54,68.003646308113,9,28091.6401071219,43.3333333333333,Highly_Fatal_And_Damaging,24,0.38571294626758,1,train
5892,3,0.19753112723806698,84.83,84.0018231540565,10,39781.301126056096,51.6438356164384,Significant_Damage_And_Serious_Injuries,2,0.19710854670032502,2,train
148,4,0.0498088897494593,79.25,74.74931631722879,9,27433.255869225697,40.86757990867579,Highly_Fatal_And_Damaging,0,0.33450486837360305,3,train
7949,3,0.13410692303771402,76.76,71.05742935278029,14,27240.6861862382,36.027397260274,Significant_Damage_And_Serious_Injuries,8,0.37236999639379703,0,train
7720,2,0.319962377604897,76.48,74.4758432087512,11,23642.1995766982,59.4063926940639,Minor_Damage_And_Injuries,12,0.46613126577713604,1,train
1809,1,0.7547249211947241,79.69,80.6289881494986,18,20348.9050245361,9.31506849315068,Highly_Fatal_And_Damaging,19,0.37092751532636103,0,train
11479,1,1.9774093051959398,79.09,41.5223336371923,14,57545.396864438895,25.251141552511395,Significant_Damage_And_Fatalities,3,0.7351539848539491,1,train
1308,2,0.561343946515332,76.35,80.4010938924339,19,41494.368499835,46.25570776255711,Significant_Damage_And_Fatalities,4,0.33702921024161503,2,train
3609,7,0.00365795623306935,78.43,51.0483135824977,11,38382.6155037246,45.4794520547945,Minor_Damage_And_Injuries,35,0.5097663180670751,1,train
9579,2,0.5323831645572229,78.47,78.4867821330902,14,39506.6914240772,47.0319634703196,Minor_Damage_And_Injuries,31,0.396170934006491,0,train
4872,4,0.0408942878895581,78.47,62.2607110300821,8,22288.6163690367,44.794520547945204,Highly_Fatal_And_Damaging,8,0.330898665705012,3,train
739,3,0.20312108342873397,78.72,63.9927073837739,11,41385.3685846249,47.899543378995396,Significant_Damage_And_Serious_Injuries,0,0.20143598990263198,3,train
11782,4,0.0803234247115428,82.2,55.2871467639016,18,43803.4361082034,25.570776255707802,Minor_Damage_And_Injuries,7,0.647523260007212,1,train
5046,6,0.0113283291184958,80.71,29.443938012762104,19,46104.7029866108,20.5936073059361,Minor_Damage_And_Injuries,14,0.606412549585286,0,train
5488,4,0.0477405439382814,86.98,54.3755697356427,10,26187.948380089398,39.6803652968037,Significant_Damage_And_Fatalities,6,0.192059862964299,4,train
7,7,0.0044929035955593105,77.85,63.90154968094811,9,48569.5562852462,55.1141552511415,Significant_Damage_And_Serious_Injuries,18,0.339914172376487,1,train
6722,2,0.37803672053927295,89.51,72.4247948951687,16,27720.603925686402,41.7351598173516,Minor_Damage_And_Injuries,3,0.240743598990263,1,train
4827,3,0.170265585090925,79.47,68.5961713764813,16,34016.7896094001,31.0958904109589,Significant_Damage_And_Serious_Injuries,7,0.22884313018391603,0,train
2026,3,0.166305014653227,77.28,65.9070191431176,13,33184.1078820385,40.7762557077626,Significant_Damage_And_Serious_Injuries,6,0.337750450775333,1,train
11173,7,0.00203327570840989,87.79,82.04193254329991,15,20238.6378843825,46.027397260274,Minor_Damage_And_Injuries,24,0.318276956364948,1,train
689,2,0.35017958188076004,80.39,59.89061075660889,15,25874.965752170097,44.337899543379,Minor_Damage_And_Injuries,5,0.33883231157591,2,train
4880,7,0.0032737912486277302,76.98,70.82953509571558,8,34199.8915692623,55.342465753424705,Significant_Damage_And_Serious_Injuries,8,0.42429931482149297,2,train
7681,7,0.00337829937705446,77.75,74.9316317228806,12,36804.6806506269,30.3196347031963,Highly_Fatal_And_Damaging,6,0.20179661016949102,1,train
2795,2,0.39659766965190096,77.62,61.6226071103008,8,29071.495945068,68.7671232876712,Minor_Damage_And_Injuries,15,0.532124774612333,1,train
3553,7,0.0032192666671433104,76.48,45.3965360072927,7,35644.9882739355,46.8493150684931,Significant_Damage_And_Fatalities,10,0.7459725928597181,2,train
5605,4,0.070322073016045,77.0,56.4721969006381,8,38524.2271801827,46.1187214611872,Significant_Damage_And_Fatalities,15,0.39292535160476,1,train
5136,6,0.0084067327022918,78.56,72.0145852324522,9,37292.129029615804,40.86757990867579,Highly_Fatal_And_Damaging,4,0.516978723404255,1,train
12453,4,0.0742383861271261,81.64,66.5907019143118,16,40231.6795447782,19.6803652968037,Highly_Fatal_And_Damaging,0,0.38030364226469504,1,train
6101,2,0.680017846372208,77.22,69.4165907019143,13,50046.078356214006,52.1917808219178,Minor_Damage_And_Injuries,8,0.335586729174179,1,train
10337,4,0.055607103600453,78.46,69.4165907019143,5,30372.7583025121,56.8493150684931,Highly_Fatal_And_Damaging,4,0.463967544175982,2,train
6470,4,0.0879618931719142,78.42,60.483135824977204,12,48746.7218828066,31.2328767123288,Highly_Fatal_And_Damaging,13,0.566023079697079,3,train
8675,5,0.0179458235336835,80.96,68.5050136736554,11,27416.8061676674,36.62100456621,Highly_Fatal_And_Damaging,7,0.31935881716552506,2,train
609,2,0.12268690410919199,78.32,81.0391978122151,16,9023.69269986881,41.7351598173516,Minor_Damage_And_Injuries,6,0.365157591056617,1,train
1167,2,0.550393965793601,83.01,47.31084776663629,8,40580.5502390022,44.4748858447489,Significant_Damage_And_Fatalities,3,0.44413342949873796,1,train
4649,2,0.46655214119750604,78.28,63.126709206928,6,34473.7994438458,62.100456621004604,Significant_Damage_And_Serious_Injuries,1,0.5519588892895779,1,train
552,1,1.1502989919734499,75.94,61.212397447584294,13,31038.901790292202,27.8538812785388,Highly_Fatal_And_Damaging,3,0.41672628921745397,0,train
6028,4,0.0577759264269542,76.55,62.5341841385597,17,31180.608076185898,13.789954337899498,Highly_Fatal_And_Damaging,3,0.25841399206635396,0,train
12313,3,0.171753655949522,81.93,49.0884229717411,10,34338.061726616805,51.0045662100457,Minor_Damage_And_Injuries,2,0.4185293905517489,1,train
1825,4,0.0499952747001813,81.94,89.9726526891523,14,27179.0519600046,23.9269406392694,Highly_Fatal_And_Damaging,1,0.29700036062026697,2,train
7379,6,0.0077776895832287595,83.55,86.82771194165909,10,32708.139141712403,48.2648401826484,Significant_Damage_And_Serious_Injuries,7,0.199632888568337,4,train
9635,1,0.7410000858734129,79.72,55.2871467639016,11,20241.6205619461,47.1232876712329,Minor_Damage_And_Injuries,20,0.438002884962135,0,train
12272,2,0.273440189207303,83.58,53.2360984503191,8,20482.4787022466,68.1278538812785,Highly_Fatal_And_Damaging,1,0.45747637937252095,1,train
12102,2,0.311425647542448,83.51,77.4840474020055,15,23048.7900757948,43.1963470319635,Minor_Damage_And_Injuries,0,0.256971510998918,3,train
9280,2,0.503141110685375,82.64,58.8422971741112,13,36933.8446810816,40.3196347031963,Significant_Damage_And_Serious_Injuries,9,0.5310429138117561,2,train
11322,4,0.0462843448938988,78.92,74.88605287146758,18,25262.9323082404,35.2511415525114,Minor_Damage_And_Injuries,8,0.281133068878471,0,train
7002,2,0.12212240073769,78.13,72.5615314494075,9,9023.69269986881,52.2374429223744,Highly_Fatal_And_Damaging,2,0.43006923909123707,2,train
4411,3,0.231845913463668,77.46,45.3965360072927,8,46418.3805063549,69.8630136986301,Significant_Damage_And_Serious_Injuries,1,0.476589253516048,2,train
4750,4,0.0525850364388885,78.95,68.003646308113,17,29273.781013177002,12.9680365296804,Highly_Fatal_And_Damaging,14,0.41961125135232596,3,train
3864,3,0.0875982172101418,80.65,73.9744758432088,10,17443.6548671994,49.5890410958904,Significant_Damage_And_Serious_Injuries,14,0.334865488640461,4,train
6823,2,0.576638955270359,75.88,52.18778486782129,10,42394.6313282581,61.0502283105023,Highly_Fatal_And_Damaging,1,0.492456545257843,4,train
4140,6,0.00992998080917035,80.9,67.00091157702829,14,40992.6166731397,36.4383561643836,Significant_Damage_And_Serious_Injuries,2,0.352535881716553,2,train
3483,2,0.409147604414216,81.88,72.47037374658159,11,30271.1947677453,56.25570776255711,Minor_Damage_And_Injuries,40,0.17330760908763,2,train
7931,2,0.63572924303053,79.45,60.1640838650866,16,46987.9302589798,40.7305936073059,Minor_Damage_And_Injuries,7,0.27969058781103495,2,train
11476,2,0.31504198347464696,81.26,67.2743846855059,13,23291.327400039503,27.8538812785388,Highly_Fatal_And_Damaging,3,0.22343382618103103,4,train
155,7,0.00302253034884826,82.81,52.82588878760261,11,36104.8569903325,68.63013698630141,Significant_Damage_And_Serious_Injuries,1,0.363354489722322,3,train
3714,3,0.130516892553366,83.19,62.0328167730173,15,26459.332730401602,33.0593607305936,Significant_Damage_And_Serious_Injuries,2,0.38679480706815705,1,train
12158,3,0.22184634471979503,77.78,47.9489516864175,19,44292.0072613337,20.410958904109602,Minor_Damage_And_Injuries,5,0.510126938333934,2,train
965,2,0.592637233865426,80.03,69.91795806745671,13,43971.7104530714,52.511415525114096,Minor_Damage_And_Injuries,11,0.369124413992066,2,train
11546,3,0.19811580238305104,79.85,63.90154968094811,17,39760.7683448495,15.4337899543379,Highly_Fatal_And_Damaging,5,0.28762423368193296,2,train
12027,4,0.0688968672168701,80.65,87.46581586144029,10,37374.0515759079,37.5799086757991,Highly_Fatal_And_Damaging,1,0.16284962134872,3,train
11066,3,0.0941747741034185,82.34,57.520510483135794,17,19391.696304701898,26.438356164383602,Significant_Damage_And_Serious_Injuries,13,0.496423368193292,2,train
3250,6,0.0100998662573888,79.63,76.8003646308113,17,41468.3975005761,25.251141552511395,Significant_Damage_And_Serious_Injuries,9,0.306737107825459,3,train
10137,4,0.0523085891514352,76.9,64.2661804922516,17,28029.830294965097,39.8173515981735,Minor_Damage_And_Injuries,0,0.448460872701046,1,train
10153,3,0.0983522686654718,78.22,69.5533272561531,13,20186.4970862225,50.4109589041096,Minor_Damage_And_Injuries,6,0.438002884962135,2,train
1966,7,0.0024919431044031102,81.62,60.1185050136736,16,23792.108607128197,54.109589041095894,Significant_Damage_And_Fatalities,2,0.26815073927154703,5,train
12273,7,0.0033344237495031,80.25,61.850501367365595,16,35247.2887973971,41.324200913242,Minor_Damage_And_Injuries,4,0.52960043274432,1,train