Accident_ID,Accident_Type_Code,Adverse_Weather_Metric,Cabin_Temperature,Control_Metric,Days_Since_Inspection,Max_Elevation,Safety_Score,Severity,Total_Safety_Complaints,Turbulence_In_gforces,Violations,source
6471,4,0.0232000007272091,88.67,79.3072014585233,9,12666.7712047322,43.6529680365297,Highly_Fatal_And_Damaging,5,0.38390984493328495,2,train
12322,5,0.0193100351190768,87.44,61.5770282588879,14,26433.2861366269,35.0228310502283,Significant_Damage_And_Serious_Injuries,4,0.43511792282726297,0,train
9769,4,0.0340977244601301,80.98,99.49863263445759,13,18890.364737384698,29.589041095890398,Highly_Fatal_And_Damaging,8,0.256971510998918,1,train
8545,1,1.67014303265183,77.27,80.4466727438469,13,45265.3882053258,29.5433789954338,Highly_Fatal_And_Damaging,3,0.396892174540209,2,train
835,4,0.0648147786182977,80.42,65.587967183227,15,35808.753438644504,21.2328767123288,Highly_Fatal_And_Damaging,5,0.39184349080418296,3,train
9943,4,0.0905402526442483,76.22,63.90154968094811,15,49864.1333731725,21.0045662100457,Highly_Fatal_And_Damaging,29,0.37958240173097707,1,train
4623,3,0.14296991694918398,79.86,69.91795806745671,11,28555.3581071901,45.7534246575342,Significant_Damage_And_Serious_Injuries,17,0.354699603317706,1,train
3101,3,0.16143027469441198,76.56,75.70647219690059,9,32649.462507135097,53.74429223744289,Significant_Damage_And_Serious_Injuries,3,0.37092751532636103,1,train
7529,6,0.007037899937134641,77.41,79.3072014585233,14,28658.6331440388,59.6803652968037,Significant_Damage_And_Fatalities,11,0.272838802740714,4,train
8940,1,0.7783033225454509,81.78,60.483135824977204,14,21202.4057836347,23.1050228310502,Highly_Fatal_And_Damaging,2,0.330538045438154,3,train
8694,2,0.432637459972526,86.36,66.7730173199635,13,32017.118848704504,50.4109589041096,Minor_Damage_And_Injuries,20,0.417808150018031,1,train
2431,7,0.0029156570877262103,79.94,67.8213309024613,14,31278.3864504925,23.561643835616398,Highly_Fatal_And_Damaging,3,0.158882798413271,1,train
9994,6,0.00656903894305681,78.11,68.1403828623519,9,26340.2994819596,54.657534246575295,Significant_Damage_And_Serious_Injuries,3,0.280411828344753,2,train
10788,7,0.0011026362175773,79.6,42.9808568824066,7,16039.4043850768,84.38356164383559,Significant_Damage_And_Fatalities,1,0.505078254597908,2,train
3774,1,1.25007868278081,80.98,86.9644484958979,13,34035.0816055846,27.8538812785388,Highly_Fatal_And_Damaging,10,0.263823296069239,3,train
5469,7,0.00480480829412016,79.4,55.1048313582498,11,49219.0617824752,33.9269406392694,Significant_Damage_And_Fatalities,1,0.38931914893617,3,train
9971,7,0.00397778701683289,81.27,63.6736554238833,17,45031.0840390284,48.6301369863014,Significant_Damage_And_Fatalities,1,0.379221781464118,2,train
8050,2,0.4890115627682321,81.93,56.19872379216039,15,36109.012871701096,32.557077625570805,Minor_Damage_And_Injuries,1,0.453509556437072,4,train
1671,3,0.18710519224946104,77.39,64.8131267092069,13,37657.6872093112,39.8173515981735,Significant_Damage_And_Serious_Injuries,26,0.4856047601875229,2,train
5771,4,0.0621297655704834,83.0,37.8304466727438,10,33871.586283706,38.767123287671204,Significant_Damage_And_Fatalities,2,0.571071763433105,1,train
5270,7,0.00262759331216413,79.26,55.0592525068368,3,29830.851137973197,98.40182648401829,Significant_Damage_And_Serious_Injuries,26,0.475868012982329,2,train
6417,7,0.00278932339913356,81.81,48.268003646308095,8,28535.262401524702,77.3059360730594,Significant_Damage_And_Serious_Injuries,4,0.598839523981248,4,train
6508,1,0.502479778109646,76.37,67.4111212397448,11,14096.2612551949,46.1643835616438,Significant_Damage_And_Serious_Injuries,8,0.37489433826181,2,train
11539,1,1.2684727108881002,77.51,55.6973564266181,18,34469.924982876,12.4657534246575,Highly_Fatal_And_Damaging,9,0.505799495131626,2,train
11409,1,1.36336943621395,79.69,69.7812215132179,10,36731.4594114037,51.0045662100457,Significant_Damage_And_Serious_Injuries,7,0.3492902993148211,2,train
6586,4,0.0537163727417456,77.74,67.7301731996354,16,29368.5496527533,16.8036529680365,Highly_Fatal_And_Damaging,15,0.23136747205192898,3,train
12233,2,0.4857707984398089,79.76,88.0583409298086,11,35847.895873568,56.52968036529679,Highly_Fatal_And_Damaging,10,0.18448683736025895,2,train
7264,5,0.0283736145115423,84.1,70.2370100273473,17,41920.2471614135,36.3470319634703,Minor_Damage_And_Injuries,0,0.357223945185719,2,train
6109,7,0.00288440827898333,80.0,55.5150410209663,13,32002.9157562489,27.442922374429198,Significant_Damage_And_Fatalities,6,0.4185293905517489,3,train
5728,4,0.0519373150685612,81.61,80.08204193254329,9,28024.976307959198,53.7899543378995,Highly_Fatal_And_Damaging,3,0.289427335016228,3,train
628,4,0.0490314461556636,79.58,89.42570647219691,14,26959.581905196203,34.429223744292194,Significant_Damage_And_Serious_Injuries,13,0.200354129102055,3,train
7754,6,0.006053523713817679,77.56,80.8568824065634,15,24842.6498966652,45.0228310502283,Minor_Damage_And_Injuries,3,0.28870609448251,3,train
6374,2,0.12212240073769,78.51,78.5323609845032,14,9023.69269986881,58.8584474885845,Significant_Damage_And_Fatalities,7,0.39148287053732395,1,train
8684,2,0.7469087401266341,75.01,70.0091157702826,15,61815.498289526506,43.3333333333333,Minor_Damage_And_Injuries,5,0.501472051929318,1,train
4299,6,0.0102283737080731,79.53,71.8778486782133,13,38733.295469876204,39.315068493150704,Significant_Damage_And_Serious_Injuries,13,0.314310133429499,2,train
5956,7,0.0026777424402933,82.16,41.79580674567,4,28384.5263097579,58.310502283105,Significant_Damage_And_Fatalities,10,0.7351539848539491,1,train
198,3,0.0917993426892184,77.62,74.74931631722879,17,17884.8085447038,24.383561643835602,Significant_Damage_And_Serious_Injuries,12,0.335586729174179,2,train
1456,4,0.0575557829885468,76.93,59.6171376481313,14,31278.3864504925,24.337899543379002,Highly_Fatal_And_Damaging,6,0.267429498737829,2,train
1410,3,0.15459520990206502,83.99,80.4010938924339,6,30869.211770023998,63.8356164383562,Significant_Damage_And_Serious_Injuries,5,0.5029145329967539,2,train
7364,3,0.0447153366816364,81.02,73.88331814038291,9,5573.652213293571,53.74429223744289,Significant_Damage_And_Serious_Injuries,6,0.36948503425892504,3,train
6478,3,0.15173451332276003,82.53,64.1294439380128,15,30363.140751845698,20.1826484018265,Highly_Fatal_And_Damaging,0,0.31358889289578,1,train
2314,2,0.600082621498808,78.46,83.9106654512306,11,44244.903458707005,57.671232876712295,Minor_Damage_And_Injuries,1,0.274641904075009,3,train
9707,1,1.3256607819350301,82.49,73.70100273473109,8,36493.1943544014,78.675799086758,Significant_Damage_And_Fatalities,1,0.27716624594302197,2,train
12348,7,0.00285921279661085,81.08,51.00273473108479,10,29654.872160627,76.39269406392691,Significant_Damage_And_Serious_Injuries,3,0.6266072845293901,3,train
11961,7,0.0028145064509431,80.09,80.35551504102101,15,31177.118013451898,55.9360730593607,Significant_Damage_And_Fatalities,5,0.243628561125135,2,train
6057,3,0.138981059396441,77.03,70.3281677301732,15,27897.8067021377,22.237442922374395,Highly_Fatal_And_Damaging,7,0.37958240173097707,1,train
12285,1,1.0902659809403001,80.44,67.7757520510483,12,29763.1841640457,44.337899543379,Significant_Damage_And_Serious_Injuries,4,0.26274143526866195,4,train
8533,4,0.0853073956125315,80.27,66.3172288058341,11,46847.45838576,33.2420091324201,Highly_Fatal_And_Damaging,9,0.450263974035341,2,train
8077,2,0.27379814127354,85.04,78.4867821330902,14,20228.1228705605,46.6666666666667,Minor_Damage_And_Injuries,21,0.450263974035341,1,train
10998,4,0.082057235069279,83.36,58.7511394712853,20,44977.6137603199,4.7945205479452095,Highly_Fatal_And_Damaging,9,0.6096581319870179,1,train
650,6,0.00941040617354535,82.43,82.2242479489517,13,38579.0666059346,29.1780821917808,Highly_Fatal_And_Damaging,4,0.199993508835196,1,train
10453,2,0.368316843602281,76.05,45.1686417502279,11,27376.172242769502,35.205479452054796,Significant_Damage_And_Fatalities,3,0.382467363865849,4,train
5517,3,0.153635639691209,82.66,66.2716499544212,8,31143.0404321038,56.894977168949794,Significant_Damage_And_Serious_Injuries,10,0.41095636494771004,3,train
12033,3,0.164857538935295,79.17,76.4813126709207,11,33319.453887057796,35.9817351598173,Highly_Fatal_And_Damaging,1,0.281133068878471,3,train
2410,4,0.0630931292208833,81.89,57.611668185961705,14,34608.2943986072,25.1141552511416,Highly_Fatal_And_Damaging,43,0.3932859718716189,1,train
7458,6,0.0115453696276444,77.09,49.863263445761206,14,48298.9454839267,22.922374429223698,Significant_Damage_And_Fatalities,7,0.354699603317706,3,train
10427,4,0.0277814772558509,78.04,70.82953509571558,15,14736.032975157901,45.342465753424705,Minor_Damage_And_Injuries,31,0.339914172376487,2,train
9522,6,0.0102550034172396,79.56,60.027347310847794,6,40156.8143732675,52.283105022831,Significant_Damage_And_Serious_Injuries,7,0.342799134511359,4,train
4970,3,0.108846238259293,78.86,52.5524156791249,13,21681.6612670211,38.4474885844749,Minor_Damage_And_Injuries,11,0.610018752253877,3,train
4483,7,0.00216645188959327,75.35,61.212397447584294,10,27060.7287356691,73.607305936073,Significant_Damage_And_Fatalities,1,0.331980526505589,2,train
6489,1,1.35974356514467,81.06,54.557885141294406,15,36960.6585261922,19.7716894977169,Highly_Fatal_And_Damaging,3,0.374533717994951,2,train
6873,4,0.0463365072382216,78.2,60.027347310847794,13,24720.9693935259,30.0913242009132,Highly_Fatal_And_Damaging,4,0.330538045438154,3,train
10510,4,0.0566174512939566,82.73,77.1649954421149,10,30912.081002416802,38.4474885844749,Highly_Fatal_And_Damaging,7,0.269953840605842,2,train
1001,2,0.47410975241859993,81.7,55.1048313582498,16,35098.2780197552,40.684931506849296,Highly_Fatal_And_Damaging,8,0.30709772809231894,1,train
4166,5,0.0257192489346566,78.47,76.253418413856,16,37862.9199927159,41.0045662100457,Minor_Damage_And_Injuries,23,0.377058059862964,1,train
3936,2,0.47352544002111396,78.83,55.560619872379206,12,35000.8621054718,53.2420091324201,Highly_Fatal_And_Damaging,0,0.49137468445726595,0,train
10040,4,0.0560558043214879,83.62,81.7228805834093,11,30336.181484703702,34.0639269406393,Highly_Fatal_And_Damaging,0,0.28509989181392,2,train
1162,6,0.007526270122906459,78.4,61.0756608933455,9,29545.4263401468,52.4200913242009,Significant_Damage_And_Serious_Injuries,8,0.342799134511359,1,train
4749,2,0.513039501471087,77.64,32.4977210574293,9,37920.6754100736,42.6940639269406,Highly_Fatal_And_Damaging,22,0.870025964659213,1,train
9974,7,0.00209934289166878,81.96,66.7274384685506,14,25419.8015193351,58.0365296803653,Significant_Damage_And_Fatalities,3,0.19278110349801603,2,train
5773,7,0.00243338404986988,81.73,59.799453053783104,17,27823.0505835169,50.273972602739704,Significant_Damage_And_Fatalities,14,0.300245943021998,0,train
12293,4,0.0966690299438388,81.02,72.6526891522334,20,52614.2874326368,27.945205479452,Minor_Damage_And_Injuries,8,0.41744752975117205,3,train
5315,7,0.0035468718607600705,80.39,64.6763901549681,13,38466.937091707005,64.20091324200911,Significant_Damage_And_Fatalities,29,0.27788748647674,1,train
11717,7,0.00346277084197133,76.92,70.82953509571558,15,39722.0683812798,46.027397260274,Minor_Damage_And_Injuries,24,0.42429931482149297,2,train
4226,4,0.0557229960185177,77.2,58.2953509571559,13,30464.232857824398,28.9041095890411,Highly_Fatal_And_Damaging,4,0.328734944103858,4,train
2479,4,0.0311441175214931,81.62,73.746581586144,17,17117.8257190775,38.4474885844749,Minor_Damage_And_Injuries,9,0.29483663901911306,2,train
6198,4,0.0656325412261426,80.98,68.4138559708295,10,35320.9454536098,36.4383561643836,Highly_Fatal_And_Damaging,3,0.400498377208799,1,train
3479,4,0.0605695652954106,81.27,73.746581586144,11,32729.3914910183,36.7579908675799,Highly_Fatal_And_Damaging,0,0.29159105661738105,3,train
10284,4,0.0702953918638819,78.29,53.7374658158614,11,38480.876632856,36.0730593607306,Significant_Damage_And_Fatalities,3,0.34568409664623106,2,train
11292,6,0.0092353588658826,80.92,83.59161349134,13,34665.461777732904,41.689497716895,Significant_Damage_And_Serious_Injuries,9,0.21441831950955603,2,train
1388,6,0.007365800583689859,77.96,72.4247948951687,9,29454.471556176803,54.657534246575295,Significant_Damage_And_Serious_Injuries,3,0.27031446087270106,1,train
2499,5,0.0233909421221586,76.33,71.330902461258,17,34921.555305988,37.077625570776206,Minor_Damage_And_Injuries,15,0.41420194734944105,2,train
3950,6,0.0065306456156929,76.87,74.52142206016408,11,26734.014032412597,47.44292237442921,Significant_Damage_And_Serious_Injuries,3,0.328734944103858,2,train
3342,7,0.00129983141772071,79.81,57.2926162260711,17,13671.3751225996,27.8538812785388,Significant_Damage_And_Serious_Injuries,1,0.439805986296429,3,train
11522,2,0.5153546303866889,77.08,41.5223336371923,9,38139.8518402774,64.1552511415525,Highly_Fatal_And_Damaging,18,0.575759826902272,4,train
7818,3,0.137332930641688,88.93,81.22151321786691,18,27720.603925686402,23.6986301369863,Significant_Damage_And_Serious_Injuries,0,0.201075369635773,2,train
7388,5,0.0141300920233201,82.73,60.3463992707384,10,20265.0426177619,51.6438356164384,Significant_Damage_And_Serious_Injuries,0,0.44413342949873796,2,train
2940,1,1.00601550493634,76.44,77.3473108477666,20,27416.394748810897,4.29223744292237,Highly_Fatal_And_Damaging,0,0.23461305445365999,1,train
1734,4,0.0958258956683562,79.71,79.8997265268915,10,51844.9407708145,36.7579908675799,Highly_Fatal_And_Damaging,0,0.289427335016228,2,train
11252,6,0.009828204709185741,76.11,71.55879671832271,17,40239.880261881095,36.301369863013704,Minor_Damage_And_Injuries,1,0.19494482509917002,2,train
9873,3,0.10104635089353801,76.98,70.1914311759344,10,20375.8154327724,50.7305936073059,Significant_Damage_And_Serious_Injuries,16,0.39400721240533704,3,train
3685,4,0.0345989099006415,74.85,63.6736554238833,6,18426.2771409882,52.739726027397204,Highly_Fatal_And_Damaging,1,0.30168842408943397,2,train
6501,4,0.0830504091252679,77.74,58.2953509571559,13,45199.6611272208,28.9041095890411,Highly_Fatal_And_Damaging,15,0.508684457266498,3,train
8469,7,0.00380478817408631,78.47,82.1786690975388,7,42961.728774049,82.5114155251141,Significant_Damage_And_Fatalities,11,0.28509989181392,1,train
6341,3,0.16143027469441198,84.03,72.0145852324522,7,32463.032918282002,83.6529680365297,Significant_Damage_And_Fatalities,16,0.29411539848539503,2,train
6426,1,1.34320667540424,81.84,54.876937101185,11,36512.1429761624,35.2511415525114,Significant_Damage_And_Fatalities,6,0.448100252434187,2,train
8884,5,0.0262599118503814,82.72,69.5077484047402,9,37987.349601721,41.1872146118721,Highly_Fatal_And_Damaging,1,0.431151099891814,2,train
10583,5,0.0340042459384705,85.91,57.11030082041929,14,52418.715099566,49.4063926940639,Minor_Damage_And_Injuries,14,0.350011539848539,2,train
7268,7,0.00329338480002912,78.61,45.3965360072927,8,33726.9436744342,82.2831050228311,Significant_Damage_And_Serious_Injuries,35,0.7351539848539491,2,train
7347,3,0.15489522922000698,77.68,48.222424794895204,9,31051.277966358703,52.511415525114096,Minor_Damage_And_Injuries,1,0.66988171655247,2,train
904,2,0.37781960523515,78.08,85.278030993619,10,27803.313027135497,62.6940639269406,Minor_Damage_And_Injuries,6,0.306737107825459,3,train
7571,4,0.0639610596417436,80.66,80.6745670009116,12,35236.6318842485,31.5981735159817,Highly_Fatal_And_Damaging,0,0.228121889650198,1,train
10130,5,0.0302813990715271,77.38,51.68641750227899,13,44372.3689299579,51.7351598173516,Highly_Fatal_And_Damaging,15,0.297721601153985,2,train
8645,4,0.0608983656909154,79.03,58.5688240656335,20,33228.462133580295,12.648401826484001,Significant_Damage_And_Serious_Injuries,13,0.54763144608727,3,train
6624,2,0.425813096340294,81.18,72.33363719234279,15,31603.8816790219,46.1187214611872,Minor_Damage_And_Injuries,3,0.28762423368193296,1,train
160,7,0.0016366936314751099,77.89,72.8805834092981,12,21079.2995457879,67.6712328767123,Significant_Damage_And_Fatalities,17,0.365157591056617,1,train
723,3,0.11368453220176801,85.26,54.7402005469462,13,22632.4930377954,40.9132420091324,Minor_Damage_And_Injuries,0,0.45603389830508395,2,train
7190,3,0.0798758187119946,79.76,95.077484047402,13,16271.0608157105,41.1415525114155,Significant_Damage_And_Serious_Injuries,3,0.22199134511359503,2,train
7085,3,0.151672484406703,76.49,59.0701914311759,14,30575.8127772809,37.1689497716895,Significant_Damage_And_Serious_Injuries,16,0.267790119004688,2,train
7615,4,0.055322645707744006,75.88,64.4940747493163,16,30380.734554979303,41.7351598173516,Minor_Damage_And_Injuries,0,0.274641904075009,2,train
5108,5,0.0221734338649497,80.67,76.9826800364631,8,32342.110689359903,69.9543378995434,Minor_Damage_And_Injuries,6,0.29447601875225393,1,train
4324,1,0.88583863584684,78.58,70.464904284412,16,24605.471319082997,30.4566210045662,Significant_Damage_And_Serious_Injuries,9,0.417086909484313,3,train
4236,7,0.00221636476307407,86.47,66.362807657247,9,26687.7213183341,76.027397260274,Significant_Damage_And_Fatalities,5,0.346405337179949,2,train
2283,5,0.0151993568543735,82.66,48.9061075660894,14,23011.5147890298,36.027397260274,Significant_Damage_And_Serious_Injuries,3,0.40843202307969706,0,train
3228,5,0.0230233855883476,81.83,91.3855970829535,11,34989.0604058683,57.671232876712295,Minor_Damage_And_Injuries,1,0.21153335737468398,2,train
5725,4,0.0885598042612784,79.57,89.10665451230629,17,48141.3485544039,26.621004566210004,Significant_Damage_And_Serious_Injuries,5,0.211893977641543,4,train
5055,4,0.0631125719381193,78.49,69.0519598906108,9,34285.7094677402,65.0228310502283,Minor_Damage_And_Injuries,2,0.445215290299315,3,train
7339,2,0.44294859208894,76.05,60.1640838650866,18,32682.9018146972,36.4383561643836,Minor_Damage_And_Injuries,2,0.38679480706815705,0,train
9053,2,0.41399497585172995,76.27,49.31631722880589,15,30701.4903580148,44.4292237442922,Highly_Fatal_And_Damaging,2,0.5310429138117561,0,train
11068,4,0.0867471686429157,84.1,59.3892433910666,19,47530.90621489679,31.9178082191781,Minor_Damage_And_Injuries,0,0.34496285611251304,4,train
7197,3,0.0751392310460593,86.43,61.485870556062004,8,14552.7349096771,44.4292237442922,Highly_Fatal_And_Damaging,14,0.43331482149296796,2,train
6316,6,0.00899424219999056,81.26,50.1823154056518,12,33999.249757659905,56.5753424657534,Highly_Fatal_And_Damaging,6,0.5764810674359899,0,train
7056,2,0.405792504765035,77.19,61.3947128532361,11,29984.2358223442,57.71689497716889,Minor_Damage_And_Injuries,0,0.328374323837,2,train
7304,2,0.34492667419949397,80.09,80.9480401093892,18,25605.0986574627,35.8904109589041,Minor_Damage_And_Injuries,8,0.33161990623873,0,train
1400,2,0.42155653512292696,82.27,68.7784867821331,15,31224.5282436972,22.1917808219178,Highly_Fatal_And_Damaging,1,0.17475009015506698,2,train
1793,2,0.16309337566519597,82.06,65.587967183227,11,12376.561373231201,34.8401826484018,Highly_Fatal_And_Damaging,19,0.41744752975117205,4,train
6027,2,0.19418011329717003,77.56,68.9608021877849,8,13938.951027036299,68.2648401826484,Minor_Damage_And_Injuries,15,0.15960403894698902,2,train
4736,2,0.5274874105426011,84.8,63.9927073837739,13,39157.259381573196,52.739726027397204,Minor_Damage_And_Injuries,3,0.302770284890011,2,train
5280,5,0.0133018956111364,80.77,69.5533272561531,15,19284.3364091829,56.4840182648402,Significant_Damage_And_Fatalities,0,0.29123043635052304,1,train
8761,7,0.00302333820384763,76.86,55.0136736554239,18,35794.8363803313,36.7579908675799,Highly_Fatal_And_Damaging,8,0.30709772809231894,2,train
12042,6,0.00812807991710159,81.04,80.4922515952598,17,32867.8635713521,50.0456621004566,Significant_Damage_And_Fatalities,14,0.21802452217814602,1,train
10055,7,0.00298099920855631,76.58,53.6463081130356,16,36010.8964759583,30.8219178082192,Minor_Damage_And_Injuries,14,0.48632600072124,2,train
7477,3,0.12843906928274101,81.76,65.1321786690975,16,25740.8803418544,28.493150684931503,Significant_Damage_And_Serious_Injuries,4,0.549434547421565,1,train
3062,3,0.129476650579105,84.19,65.1321786690975,16,25740.8803418544,31.1415525114155,Significant_Damage_And_Serious_Injuries,5,0.45891886043995594,2,train
5468,4,0.0785727187769532,76.07,61.2579762989973,14,43075.3746959144,23.424657534246602,Highly_Fatal_And_Damaging,18,0.448460872701046,2,train
4423,5,0.0113741105371917,77.99,52.3245214220602,15,17884.8085447038,21.2785388127854,Highly_Fatal_And_Damaging,7,0.33378362783988397,2,train
12315,4,0.0594145703785473,82.66,81.7228805834093,16,31810.9878005079,51.5525114155251,Significant_Damage_And_Fatalities,3,0.29555787955283,2,train
3488,4,0.0527454649500691,78.48,73.4731084776664,18,28852.4655752009,34.3835616438356,Minor_Damage_And_Injuries,1,0.311064551027768,2,train
88,4,0.0830290087358724,79.46,51.0483135824977,14,45610.728792073,25.616438356164398,Significant_Damage_And_Fatalities,3,0.5642199783627839,2,train
7469,2,0.315570346061336,79.85,63.90154968094811,20,23362.5382988508,27.4885844748858,Minor_Damage_And_Injuries,13,0.199632888568337,2,train
12127,2,0.0962986585465663,78.08,88.4685505925251,9,9023.69269986881,54.566210045662096,Significant_Damage_And_Serious_Injuries,5,0.36263324918860396,1,train
11561,7,0.0024919431044031102,78.4,54.7857793983592,15,26238.3376242275,20.8675799086758,Significant_Damage_And_Fatalities,1,0.34965091958168,1,train
11422,3,0.0558255168288564,76.92,44.758432087511395,13,10393.0547497419,52.4657534246575,Highly_Fatal_And_Damaging,0,0.623001081860801,2,train
7939,7,0.00266826442491109,80.25,62.5341841385597,18,30580.7516297544,46.6666666666667,Significant_Damage_And_Fatalities,0,0.30313090515687,3,train
9197,1,0.691594571833008,76.3,74.74931631722879,8,18800.883866256798,43.1963470319635,Highly_Fatal_And_Damaging,6,0.22163072484673602,3,train
9069,5,0.0199273006311425,80.53,62.5341841385597,12,30063.6622439764,31.5981735159817,Highly_Fatal_And_Damaging,12,0.314670753696357,3,train
2194,1,1.67536847267879,78.63,66.362807657247,11,45541.2367525593,46.7579908675799,Significant_Damage_And_Serious_Injuries,3,0.331980526505589,2,train
833,2,0.362925272467254,79.33,55.651777575205095,8,26637.374687927,70.0,Highly_Fatal_And_Damaging,3,0.508684457266498,0,train
334,5,0.0224080310777914,78.03,72.7438468550593,10,32944.3336789672,60.365296803653,Minor_Damage_And_Injuries,6,0.18052001442481,3,train
84,4,0.0426907022235783,77.36,89.24339106654509,6,23278.628894125497,75.98173515981729,Minor_Damage_And_Injuries,0,0.298442841687703,1,train
1820,4,0.0732355607136367,80.79,91.3855970829535,14,39651.766046119,37.7625570776256,Significant_Damage_And_Serious_Injuries,0,0.23894049765596803,2,train
12282,2,0.563297830774105,76.12,69.4165907019143,17,41493.4938799816,39.5890410958904,Minor_Damage_And_Injuries,4,0.29447601875225393,3,train
2842,4,0.0387908818557251,78.63,51.276207839562396,13,21179.1038747685,27.8538812785388,Significant_Damage_And_Fatalities,10,0.5241911287414349,3,train
9662,1,1.3155144772374399,79.49,71.1030082041933,16,35594.722894088,18.949771689497698,Highly_Fatal_And_Damaging,5,0.224876307248467,1,train
1753,6,0.00952539893935127,77.02,61.6681859617138,13,40904.2991006534,41.2785388127854,Significant_Damage_And_Serious_Injuries,13,0.45603389830508395,1,train
7416,6,0.00812807991710159,79.76,73.1996353691887,11,31227.8825232193,47.44292237442921,Significant_Damage_And_Serious_Injuries,1,0.32116191849982,2,train
2035,5,0.0200302301072619,76.01,45.487693710118506,6,29573.3521901497,63.6529680365297,Minor_Damage_And_Injuries,6,0.5209455463397039,2,train
3146,2,0.425813096340294,78.97,68.003646308113,15,31468.238156698502,45.0228310502283,Minor_Damage_And_Injuries,3,0.339914172376487,1,train
7381,6,0.00964423065045325,79.59,60.665451230628996,12,38068.070405300095,42.283105022831,Significant_Damage_And_Serious_Injuries,24,0.413120086548864,1,train
10650,2,0.44742024933316,79.53,79.535095715588,18,33067.6244116376,23.607305936073104,Significant_Damage_And_Serious_Injuries,0,0.22920375045077498,2,train
4031,4,0.0453050042984426,81.15,70.0091157702826,12,24783.150149214904,44.1552511415525,Significant_Damage_And_Serious_Injuries,7,0.42141435268662103,3,train
5555,6,0.00957553756891347,79.43,57.5660893345488,10,40114.3609726391,48.3561643835616,Significant_Damage_And_Serious_Injuries,26,0.30313090515687,2,train
2186,4,0.0817928467836764,79.62,78.4867821330902,20,45004.8195801942,4.7945205479452095,Highly_Fatal_And_Damaging,8,0.33270176703930704,0,train
7704,3,0.20178360182813,77.75,56.79124886052871,18,40489.778982726,23.8812785388128,Minor_Damage_And_Injuries,8,0.315752614496934,1,train
6344,7,0.0036221837791412296,80.44,83.1358249772106,14,36962.1315429362,59.4520547945205,Significant_Damage_And_Fatalities,1,0.269953840605842,0,train
10382,4,0.061879301225348,81.15,49.4530537830446,11,33871.586283706,36.2557077625571,Significant_Damage_And_Fatalities,5,0.5310429138117561,3,train
8859,6,0.00811692898317286,78.56,71.05742935278029,17,31651.9369994542,26.3013698630137,Significant_Damage_And_Serious_Injuries,26,0.38066426253155394,1,train
158,2,0.49055705905389296,77.17,69.2342752962625,16,36086.8999557426,40.4109589041096,Minor_Damage_And_Injuries,2,0.32368626036783194,2,train
5144,4,0.0469165754029135,82.41,65.4056517775752,10,25615.582228896,36.62100456621,Highly_Fatal_And_Damaging,10,0.578644789037144,2,train
4662,4,0.0726141852542702,79.08,73.746581586144,9,39875.6120144522,43.47031963470321,Highly_Fatal_And_Damaging,1,0.296279120086549,2,train
6949,7,0.0041686620510037395,78.5,60.3919781221513,12,43558.483161140095,65.296803652968,Significant_Damage_And_Fatalities,1,0.231728092318788,2,train
1928,4,0.0462706745428268,79.48,71.6955332725615,12,25252.7452231213,43.7899543378995,Significant_Damage_And_Serious_Injuries,3,0.18304435629282395,2,train
4266,6,0.0031625042767745603,81.26,68.5050136736554,16,14682.351416136398,30.0913242009132,Significant_Damage_And_Serious_Injuries,14,0.400498377208799,2,train
3207,7,0.0022271417831696,81.53,65.4512306289882,13,26534.3553750206,52.511415525114096,Minor_Damage_And_Injuries,2,0.46108258204110997,1,train
8195,6,0.00526925718600814,80.47,54.7402005469462,10,21422.786802028,48.9954337899543,Minor_Damage_And_Injuries,35,0.45639451857194396,1,train
2359,4,0.0563295397232032,79.71,65.9981768459435,15,31682.670938997202,20.1826484018265,Highly_Fatal_And_Damaging,2,0.5371734583483591,4,train
9519,4,0.0515663632026278,81.37,69.37101185050139,13,28510.1224862741,27.077625570776302,Highly_Fatal_And_Damaging,1,0.224876307248467,1,train
7186,3,0.152337945102486,86.13,55.788514129443904,12,30428.3031280998,44.0182648401826,Minor_Damage_And_Injuries,15,0.4120382257482871,2,train
12030,7,0.00436632490027057,76.92,80.4466727438469,16,49461.7985956107,40.9132420091324,Minor_Damage_And_Injuries,8,0.37597619906238705,2,train
9724,4,0.0398260252450034,80.52,62.1239744758432,13,21612.7535707374,39.6803652968037,Significant_Damage_And_Serious_Injuries,2,0.49389902632527904,1,train
1045,3,0.16750355692314,76.2,76.7547857793984,13,33861.5536967773,40.7762557077626,Significant_Damage_And_Serious_Injuries,5,0.272117562206996,3,train
5526,6,0.0123576408107368,87.43,77.1194165907019,17,49095.2502059493,26.5296803652968,Significant_Damage_And_Serious_Injuries,7,0.344602235845654,2,train
8839,1,1.1631821282771,81.05,50.86599817684589,12,31571.3496204891,32.6940639269406,Significant_Damage_And_Fatalities,2,0.5342884962134871,1,train
6294,6,0.00842757143418226,77.8,63.6736554238833,13,37010.443157916096,50.273972602739704,Minor_Damage_And_Injuries,0,0.334865488640461,2,train