Accident_ID,Accident_Type_Code,Adverse_Weather_Metric,Cabin_Temperature,Control_Metric,Days_Since_Inspection,Max_Elevation,Safety_Score,Severity,Total_Safety_Complaints,Turbulence_In_gforces,Violations,source
11694,2,0.65347854608736,80.16,62.7620783956244,16,48111.33802557,42.9680365296804,Minor_Damage_And_Injuries,3,0.47190119004688,1,train
2996,7,0.00229414110951528,83.15,74.567000911577,14,25716.0391227479,60.5479452054795,Significant_Damage_And_Fatalities,0,0.306015867291742,1,train
5882,7,0.0037165658789909,83.26,56.19872379216039,9,38745.576300915294,77.76255707762559,Significant_Damage_And_Serious_Injuries,15,0.45891886043995594,2,train
12067,5,0.0273168021552321,86.57,75.34184138559709,13,40561.6926747208,29.2694063926941,Highly_Fatal_And_Damaging,1,0.337750450775333,2,train
715,1,1.3954917626166998,75.31,81.5861440291705,13,37864.7528270162,29.634703196346997,Highly_Fatal_And_Damaging,0,0.43547854309412204,1,train
7509,1,1.71077585281461,79.3,82.04193254329991,15,45084.691639685305,44.3835616438356,Minor_Damage_And_Injuries,5,0.158882798413271,2,train
3902,6,0.00952539893935127,79.8,63.90154968094811,15,37550.3987735086,33.1963470319635,Significant_Damage_And_Serious_Injuries,2,0.368403173458348,0,train
5743,1,0.853373916211143,78.59,77.1649954421149,17,22938.177925299704,37.808219178082204,Minor_Damage_And_Injuries,0,0.336307969707898,0,train
808,7,0.00357842530993307,76.71,70.4193254329991,12,37882.5272097875,66.986301369863,Significant_Damage_And_Fatalities,15,0.555925712225027,0,train
12364,2,0.36782846951098397,78.43,64.4940747493163,16,27255.6195552223,42.0547945205479,Minor_Damage_And_Injuries,1,0.24651352326000697,1,train
1691,3,0.0976587800714265,75.7,58.8422971741112,6,19689.9918669284,62.7853881278539,Significant_Damage_And_Serious_Injuries,0,0.41816877028489,1,train
10343,4,0.0469165754029135,80.43,79.3527803099362,11,25758.1197982121,36.164383561643795,Highly_Fatal_And_Damaging,2,0.199632888568337,3,train
10154,6,0.0114089976100017,76.1,52.871467639015506,23,47964.94338904019,19.9086757990868,Minor_Damage_And_Injuries,1,0.40735016227912,4,train
8608,2,0.348733923104527,84.62,73.1540565177758,6,25814.2775225024,62.6940639269406,Significant_Damage_And_Serious_Injuries,2,0.35217526144969297,4,train
7318,3,0.261035850408322,79.6,69.0519598906108,13,51422.204638187,39.178082191780796,Significant_Damage_And_Serious_Injuries,7,0.32008005769924297,2,train
5917,1,0.7446476060733109,78.46,59.024612579763,5,20295.7021182553,55.7534246575342,Highly_Fatal_And_Damaging,1,0.32368626036783194,1,train
3895,3,0.23646452524774,77.51,56.7456700091158,14,47156.9384261401,37.808219178082204,Significant_Damage_And_Serious_Injuries,8,0.786362062747926,3,train
5252,7,0.00243307820685337,87.65,64.8587055606199,13,27287.792986549503,62.328767123287705,Significant_Damage_And_Fatalities,0,0.28401803101334305,1,train
7678,2,0.59878965413607,79.83,59.9817684594348,15,44295.291797244296,45.9817351598173,Minor_Damage_And_Injuries,2,0.38679480706815705,1,train
10683,7,0.00306148593828916,79.69,59.525979945305394,10,33921.7026214133,72.46575342465749,Significant_Damage_And_Fatalities,2,0.416005048683736,1,train
475,7,0.0023669714254217302,77.07,73.746581586144,14,23888.070882732998,26.3470319634703,Highly_Fatal_And_Damaging,2,0.28149368914533,2,train
7136,2,0.302231914191802,77.74,45.3965360072927,7,22443.893571404904,58.8584474885845,Minor_Damage_And_Injuries,3,0.47839235485034204,4,train
8845,3,0.0955874383678995,78.96,52.7803099361896,13,19484.2436106125,28.9041095890411,Highly_Fatal_And_Damaging,7,0.304573386224305,2,train
11086,1,1.67536847267879,78.61,45.442114858705594,13,45350.2702396058,38.6301369863014,Minor_Damage_And_Injuries,14,0.5436646231518211,2,train
4427,6,0.00526925718600814,77.02,62.07839562443029,13,20637.7837001384,41.643835616438295,Significant_Damage_And_Serious_Injuries,11,0.43944536602957107,2,train
10862,5,0.0251101485805745,82.4,86.5998176845944,12,36027.8612723001,65.662100456621,Significant_Damage_And_Fatalities,0,0.272117562206996,0,train
7734,1,0.41453735177692497,76.86,54.3755697356427,17,10587.3525848917,38.0821917808219,Highly_Fatal_And_Damaging,6,0.46721312657771297,2,train
5015,5,0.0204566081770176,79.12,85.278030993619,13,28885.5732444725,52.1917808219178,Minor_Damage_And_Injuries,3,0.296639740353408,3,train
817,7,0.0027033789472040303,85.4,71.3764813126709,14,29143.7545487936,60.136986301369895,Significant_Damage_And_Fatalities,22,0.224876307248467,3,train
11902,2,0.293093095048232,77.56,81.5405651777575,11,21526.324250148202,58.4474885844749,Minor_Damage_And_Injuries,5,0.296279120086549,1,train
5475,1,0.925208520778178,79.71,82.9990884229718,14,25111.174904879503,25.296803652968002,Highly_Fatal_And_Damaging,4,0.317916336098088,2,train
562,4,0.0340977244601301,87.0,55.469462169553296,13,18842.7886746802,30.1369863013699,Significant_Damage_And_Fatalities,14,0.430790479624955,2,train
3120,7,0.0034339365830663897,79.3,44.9407474931632,11,37495.8584854302,68.675799086758,Significant_Damage_And_Serious_Injuries,7,0.382467363865849,3,train
2979,3,0.0959492507511792,75.95,75.47857793983592,13,18869.5876217835,40.593607305936104,Significant_Damage_And_Serious_Injuries,1,0.33306238730616605,4,train
10533,2,0.25328347095111703,83.0,43.072014585232495,11,19136.0861004631,35.2511415525114,Significant_Damage_And_Fatalities,4,0.5433040028849621,3,train
2812,6,0.00627654085155748,78.46,86.9644484958979,16,24044.671508818,30.3196347031963,Significant_Damage_And_Serious_Injuries,0,0.328734944103858,4,train
10238,2,0.40308632064362293,80.92,57.520510483135794,11,29699.2142813025,34.3835616438356,Highly_Fatal_And_Damaging,7,0.47839235485034204,1,train
12326,4,0.05994597155975,76.04,63.30902461257979,13,33080.0431427359,28.9041095890411,Highly_Fatal_And_Damaging,8,0.30313090515687,1,train
8262,7,0.00279887602228124,75.71,48.8149498632635,14,31377.439247229904,59.4520547945205,Significant_Damage_And_Serious_Injuries,15,0.7351539848539491,3,train
1482,6,0.00736692430030834,80.23,66.22607110300821,11,28542.004184011003,46.1643835616438,Significant_Damage_And_Serious_Injuries,10,0.41384132708258203,3,train
4119,6,0.00433208132714267,79.29,62.07839562443029,15,18816.7236153139,32.0547945205479,Significant_Damage_And_Serious_Injuries,20,0.387876667868734,2,train
10722,4,0.0475274351310079,75.84,64.9954421148587,5,25598.804538292003,54.84018264840179,Highly_Fatal_And_Damaging,28,0.24831662459430198,4,train
1529,5,0.026949466655397998,79.17,75.25068368277121,12,38379.9835162289,53.9269406392694,Minor_Damage_And_Injuries,17,0.273199423007573,3,train
4779,3,0.190936989659089,86.96,62.7164995442115,15,38418.9535532898,31.0958904109589,Significant_Damage_And_Serious_Injuries,2,0.330898665705012,2,train
2602,3,0.0693979507759365,79.17,69.1431175934367,13,13468.0085006978,39.13242009132421,Significant_Damage_And_Serious_Injuries,2,0.38030364226469504,3,train
4235,1,1.81855821625422,75.01,72.0145852324522,15,49396.8764131783,21.461187214611897,Highly_Fatal_And_Damaging,3,0.24002235845654502,2,train
4568,4,0.0412718889170117,75.34,57.8851412944394,17,22535.7301853887,14.0639269406393,Highly_Fatal_And_Damaging,1,0.285821132347638,3,train
7483,4,0.0550599527146137,83.48,92.1148587055606,15,29639.2974629279,22.602739726027398,Highly_Fatal_And_Damaging,8,0.21117273710782503,2,train
11178,3,0.0976587800714265,78.72,63.9927073837739,11,19643.5987363401,47.71689497716889,Significant_Damage_And_Serious_Injuries,3,0.20143598990263198,0,train
2970,4,0.0753470182751743,76.95,56.8824065633546,7,40893.102413682296,46.5753424657534,Significant_Damage_And_Fatalities,0,0.47190119004688,0,train
465,3,0.202363110539689,82.7,75.2962625341842,11,40532.7854398732,46.5753424657534,Significant_Damage_And_Serious_Injuries,1,0.18304435629282395,1,train
1078,4,0.0391679024826592,76.22,63.90154968094811,14,21862.3513750712,25.9817351598173,Highly_Fatal_And_Damaging,12,0.33450486837360305,2,train
678,3,0.15954045191057098,83.28,48.0856882406563,14,31908.0400117333,46.8036529680365,Highly_Fatal_And_Damaging,3,0.516618103137396,1,train
12345,4,0.0979063303069243,74.82,56.1531449407475,14,52783.6699929497,61.41552511415521,Highly_Fatal_And_Damaging,3,0.438724125495853,3,train
10707,1,0.5637375037832261,83.08,57.8851412944394,14,16391.201556306,36.5753424657534,Significant_Damage_And_Serious_Injuries,5,0.350372160115398,1,train
2080,5,0.0193100351190768,80.47,56.335460346399294,7,28540.5531641214,60.273972602739704,Minor_Damage_And_Injuries,19,0.397252794807068,1,train
9560,4,0.0480920835357794,78.28,71.8778486782133,16,26538.322262979,18.0365296803653,Highly_Fatal_And_Damaging,6,0.27969058781103495,3,train
8129,1,1.04603639301413,80.34,71.8778486782133,13,28193.962254837003,28.675799086757998,Highly_Fatal_And_Damaging,0,0.419971871619185,2,train
8323,2,0.462514456126825,79.22,69.37101185050139,11,34315.5369200298,58.401826484018294,Minor_Damage_And_Injuries,4,0.19133862243058,2,train
3266,4,0.0717190222705393,83.6,51.0483135824977,10,38896.1729120633,49.5890410958904,Minor_Damage_And_Injuries,15,0.5404190407500901,3,train
816,5,0.0224713687000444,76.74,63.9927073837739,17,31610.955605815,25.570776255707802,Significant_Damage_And_Serious_Injuries,9,0.199632888568337,1,train
10213,4,0.0834798282891029,78.96,80.9480401093892,13,45239.9524774151,40.6392694063927,Significant_Damage_And_Serious_Injuries,8,0.306015867291742,2,train
1292,1,0.845845626344203,81.44,51.5952597994531,12,23086.070390942998,32.4200913242009,Significant_Damage_And_Fatalities,14,0.368042553191489,1,train
7546,4,0.0619475176403955,79.28,67.8213309024613,19,34016.7896094001,30.7305936073059,Minor_Damage_And_Injuries,2,0.258053371799495,1,train
7900,4,0.0546398636138145,77.38,53.7374658158614,13,29734.4413363987,49.5890410958904,Minor_Damage_And_Injuries,3,0.312867652362062,1,train
5158,4,0.0423891336784103,80.06,77.848678213309,20,23042.462103486,4.7945205479452095,Highly_Fatal_And_Damaging,5,0.34243851424450106,2,train
6378,1,0.6837035977052979,81.15,72.0145852324522,17,18856.4834123892,27.1689497716895,Significant_Damage_And_Serious_Injuries,2,0.41348070681572296,4,train
9116,1,1.3463640845786797,76.65,79.03372835004559,16,36698.1710217348,17.2602739726027,Highly_Fatal_And_Damaging,11,0.39436783267219605,2,train
9594,6,0.00547710815740949,80.27,82.9079307201459,16,23126.2919667346,30.6849315068493,Significant_Damage_And_Serious_Injuries,0,0.315752614496934,2,train
10966,4,0.0660248869185695,82.11,70.464904284412,6,36166.0039080309,50.50228310502279,Highly_Fatal_And_Damaging,1,0.249759105661738,3,train
3346,7,0.00480480829412016,84.01,68.003646308113,17,54279.8866136332,39.3607305936073,Minor_Damage_And_Injuries,0,0.3629938694554629,1,train
10686,2,0.330528596660346,77.9,37.2379216043756,16,24285.8919300678,42.5114155251142,Highly_Fatal_And_Damaging,7,0.577923548503426,2,train
9788,2,0.504117435127591,85.6,54.8313582497721,13,37251.6714030235,48.9041095890411,Highly_Fatal_And_Damaging,0,0.385352326000721,1,train
464,1,1.4435309546179598,81.11,70.0091157702826,11,39396.116621502,36.2557077625571,Highly_Fatal_And_Damaging,1,0.363715109989181,1,train
2881,1,0.775459295221691,81.43,49.589790337283496,9,21022.7432680221,40.7762557077626,Significant_Damage_And_Fatalities,1,0.4686556076451501,2,train
4532,2,0.385350791346705,76.11,70.0091157702826,15,28473.7861502813,44.337899543379,Minor_Damage_And_Injuries,6,0.547270825820411,2,train
7488,4,0.0299230513834068,81.27,74.7948951686418,9,16209.2902996607,42.2374429223744,Highly_Fatal_And_Damaging,3,0.33702921024161503,2,train
4349,4,0.0813389577595862,81.72,55.9252506836828,13,45002.0079321222,40.86757990867579,Minor_Damage_And_Injuries,2,0.550877028489001,3,train
10904,4,0.0607198408414015,82.45,77.93983591613491,11,33358.804600930496,34.429223744292194,Highly_Fatal_And_Damaging,8,0.24110421925712197,2,train
10948,2,0.41168492804541795,79.1,58.340929808568795,8,30488.796937416402,69.4520547945205,Minor_Damage_And_Injuries,2,0.38318860439956703,0,train
3383,4,0.0409263541820256,78.64,70.0091157702826,16,22297.575620694,28.9954337899543,Significant_Damage_And_Serious_Injuries,11,0.29988532275513896,1,train
12416,4,0.0539003607023165,77.25,54.056517775752106,9,29538.27364245,40.6392694063927,Significant_Damage_And_Fatalities,6,0.38030364226469504,2,train
11655,1,1.1292636605,78.97,64.9954421148587,14,30513.4373016453,35.5251141552511,Significant_Damage_And_Serious_Injuries,2,0.502193292463036,2,train
7445,2,0.168418281925373,79.26,62.853236098450296,11,12376.561373231201,57.4885844748858,Minor_Damage_And_Injuries,11,0.32801370357014,1,train
11705,4,0.0625009046598149,83.17,49.5442114858706,8,33892.7702492079,44.566210045662096,Significant_Damage_And_Fatalities,14,0.44413342949873796,2,train
419,2,0.45461802393977596,83.63,69.1431175934367,10,33523.702338797404,39.178082191780796,Highly_Fatal_And_Damaging,1,0.262020194734944,2,train
12083,4,0.0540647100858169,77.86,61.34913400182321,20,29365.0114975677,17.8995433789954,Significant_Damage_And_Serious_Injuries,9,0.5703505228993871,1,train
5113,7,0.00170172802667714,82.09,68.9608021877849,15,21703.2159005865,55.9360730593607,Significant_Damage_And_Fatalities,4,0.253725928597187,2,train
5816,1,1.4126370085277,82.34,67.7757520510483,15,38266.75565052,22.9680365296804,Highly_Fatal_And_Damaging,8,0.375254958528669,2,train
6516,7,0.00308618231767189,80.83,62.1695533272562,8,36008.6822689946,44.566210045662096,Highly_Fatal_And_Damaging,7,0.352535881716553,3,train
7608,4,0.0785727187769532,78.33,80.4010938924339,11,43136.2535286232,46.894977168949794,Significant_Damage_And_Serious_Injuries,0,0.22343382618103103,3,train
3900,5,0.0194629461559457,77.89,72.24247948951691,11,29143.7545487936,45.79908675799089,Significant_Damage_And_Serious_Injuries,17,0.19494482509917002,1,train
9593,1,1.05028681182213,79.54,79.2160437556974,15,28433.3299479963,44.4748858447489,Minor_Damage_And_Injuries,0,0.358305805986296,2,train
9831,4,0.0532825062350489,80.09,82.86235186873292,13,28994.8333817836,29.3607305936073,Highly_Fatal_And_Damaging,10,0.17330760908763,2,train
6491,3,0.22768113033405804,75.61,60.6198723792161,8,45864.178042370404,54.5205479452055,Significant_Damage_And_Serious_Injuries,1,0.43042985935809597,3,train
10405,2,0.48676549536893604,78.11,51.50410209662721,15,35845.563111678195,43.3333333333333,Highly_Fatal_And_Damaging,4,0.4902928236566889,2,train
5362,2,0.599471586142847,77.27,67.00091157702829,12,44263.043507370196,65.4337899543379,Significant_Damage_And_Fatalities,12,0.293394157951677,3,train
4484,6,0.010108419161522,77.8,64.5852324521422,13,40686.3843910211,39.9543378995434,Significant_Damage_And_Serious_Injuries,4,0.24651352326000697,1,train
3115,2,0.266623438582304,78.02,71.05742935278029,15,20020.2701860792,45.296803652967995,Minor_Damage_And_Injuries,1,0.28149368914533,1,train
1444,2,0.47376346047178997,78.67,55.469462169553296,12,35070.3331931138,55.8447488584475,Highly_Fatal_And_Damaging,0,0.5995607645149661,2,train
3495,4,0.0783387334083711,78.2,73.6554238833182,11,43204.168991685496,34.337899543379,Highly_Fatal_And_Damaging,8,0.404104579877389,1,train
1717,4,0.0664963794143816,77.36,62.351868732907896,15,36420.956296758304,34.0639269406393,Significant_Damage_And_Serious_Injuries,1,0.339192931842769,2,train
7540,3,0.17589478548064097,79.47,74.2023701002735,10,35378.132922494704,51.232876712328796,Significant_Damage_And_Serious_Injuries,6,0.207205914172377,2,train
12479,5,0.0203538907847209,77.26,74.52142206016408,10,29921.134495497598,37.4885844748858,Highly_Fatal_And_Damaging,21,0.36443635052289897,1,train
760,1,0.770245196670641,88.57,71.64995442114859,9,20970.593544561998,75.2511415525114,Significant_Damage_And_Fatalities,0,0.300245943021998,4,train
3578,1,0.936484556293277,77.96,72.4247948951687,18,25722.528024218398,36.0730593607306,Minor_Damage_And_Injuries,1,0.28762423368193296,2,train
9196,4,0.0320057521178953,79.58,92.9808568824066,15,17933.0502822011,19.954337899543397,Highly_Fatal_And_Damaging,13,0.23894049765596803,4,train
10641,4,0.0659522021298071,79.51,75.70647219690059,9,36315.727010331604,40.7305936073059,Highly_Fatal_And_Damaging,1,0.325849981968986,4,train
775,7,0.00165483628932035,81.84,40.154968094804,11,19333.5256049062,70.41095890410959,Significant_Damage_And_Fatalities,14,0.26165957446808497,4,train
4686,7,0.00311862643459303,83.6,68.003646308113,17,33951.338673945,38.767123287671204,Minor_Damage_And_Injuries,2,0.253004688063469,3,train
11381,4,0.0566664273024785,78.09,62.1239744758432,14,30858.543137353397,37.1689497716895,Significant_Damage_And_Serious_Injuries,7,0.42177497295348,3,train
4402,7,0.00243727393194409,79.93,69.8268003646308,10,26338.727324295298,72.5570776255708,Significant_Damage_And_Fatalities,1,0.263823296069239,2,train
5686,1,0.9710988332523001,84.82,56.8368277119417,20,26365.386318176803,28.675799086757998,Highly_Fatal_And_Damaging,0,0.378139920663541,1,train
5732,3,0.227253121797105,85.1,45.897903372834996,14,45760.7560852147,47.351598173515995,Highly_Fatal_And_Damaging,8,0.623001081860801,2,train
10346,2,0.423631715612385,77.91,50.86599817684589,12,31318.386111058902,53.9269406392694,Minor_Damage_And_Injuries,23,0.5003901911287411,1,train
1322,3,0.193090443884492,84.45,56.1531449407475,14,38780.390941521,25.616438356164398,Significant_Damage_And_Fatalities,7,0.523469888207717,3,train
5037,3,0.147855294184092,78.11,73.1540565177758,14,29660.963488358902,37.4885844748858,Significant_Damage_And_Serious_Injuries,0,0.27788748647674,1,train
897,1,1.2138584565258002,77.0,74.9316317228806,12,33036.6523319837,29.8630136986301,Highly_Fatal_And_Damaging,6,0.265626397403534,2,train
11866,2,0.318991757762705,83.03,65.1321786690975,16,23749.036045163797,42.283105022831,Minor_Damage_And_Injuries,28,0.24831662459430198,3,train
2624,4,0.0480000313191448,79.16,69.91795806745671,10,26338.727324295298,37.4885844748858,Highly_Fatal_And_Damaging,12,0.237858636855391,2,train
837,6,0.0126013358091873,84.48,78.80583409298092,14,51862.7961315608,34.7488584474886,Significant_Damage_And_Serious_Injuries,5,0.302770284890011,2,train
2547,6,0.0100127073666848,78.95,76.02552415679129,15,40538.7808167345,32.2374429223744,Significant_Damage_And_Serious_Injuries,4,0.316473855030653,2,train
12151,6,0.00645951923367222,84.43,64.35733819507749,19,26247.7092999525,18.949771689497698,Significant_Damage_And_Serious_Injuries,0,0.256610890732059,1,train
4115,2,0.44231497740864395,76.95,67.86690975387421,15,32848.2932837612,46.3470319634703,Minor_Damage_And_Injuries,0,0.395810313739632,3,train
1278,7,0.00248905628236379,76.21,80.08204193254329,9,25796.9485308804,42.9680365296804,Highly_Fatal_And_Damaging,24,0.40374395961053006,2,train
11958,4,0.0651636744257849,76.41,84.8678213309025,15,35535.2005207219,31.1415525114155,Significant_Damage_And_Serious_Injuries,0,0.20396033177064501,0,train
4702,4,0.046132903592417,80.85,66.9097538742024,15,24651.9666266097,20.2283105022831,Highly_Fatal_And_Damaging,3,0.41636566895059496,2,train
8807,5,0.0279580962570193,80.42,67.0920692798541,15,40406.306332232205,45.205479452054796,Minor_Damage_And_Injuries,8,0.385352326000721,1,train
12319,1,1.50398754286448,81.34,68.5961713764813,16,40821.1958847229,31.1415525114155,Significant_Damage_And_Serious_Injuries,5,0.22884313018391603,1,train
3218,2,0.338607930649641,78.67,64.9954421148587,11,25033.3668940275,70.0,Minor_Damage_And_Injuries,7,0.52599423007573,2,train
8041,2,0.637636244705519,77.17,63.90154968094811,16,46974.390404833,42.4657534246575,Minor_Damage_And_Injuries,2,0.378139920663541,2,train
10594,2,0.28708841944468,79.16,89.42570647219691,11,21123.6615107182,34.429223744292194,Highly_Fatal_And_Damaging,9,0.200354129102055,3,train
2095,1,1.00725096824699,81.97,89.88149498632629,18,26991.8380389602,11.826484018264802,Highly_Fatal_And_Damaging,5,0.48163793725207393,2,train
4678,1,1.22964533075899,77.09,70.9206927985415,13,33393.5930883868,29.406392694063896,Highly_Fatal_And_Damaging,5,0.430790479624955,2,train
7986,4,0.0543696861900085,81.72,71.05742935278029,14,29830.019294451,23.9269406392694,Highly_Fatal_And_Damaging,1,0.482359177785791,2,train
2851,2,0.348853856288148,78.03,71.7411121239745,11,25723.8293580535,58.401826484018294,Minor_Damage_And_Injuries,4,0.354699603317706,3,train
11050,6,0.0103375714698017,77.2,70.8751139471286,14,38151.5060215647,48.9954337899543,Minor_Damage_And_Injuries,6,0.46757374684457303,1,train
8143,2,0.40791045331298403,79.31,54.7857793983592,17,30190.765314686498,50.273972602739704,Significant_Damage_And_Serious_Injuries,7,0.309622069960331,2,train
5219,4,0.0531772420885427,81.44,68.5050136736554,8,29261.0724381254,46.027397260274,Highly_Fatal_And_Damaging,8,0.41744752975117205,1,train
3448,2,0.362925272467254,80.63,68.1403828623519,11,26755.007941369702,58.675799086758005,Minor_Damage_And_Injuries,5,0.21297583844211998,3,train
9238,2,0.34702939046229303,78.92,83.8195077484048,15,25487.6050171112,46.2100456621004,Minor_Damage_And_Injuries,15,0.263823296069239,3,train
7595,7,0.00279527608367061,76.63,73.0173199635369,22,29660.963488358902,24.063926940639302,Minor_Damage_And_Injuries,4,0.265987017670393,4,train
7246,2,0.25453838091895603,79.2,75.70647219690059,9,19550.4236118066,65.7534246575342,Minor_Damage_And_Injuries,0,0.224876307248467,0,train
11827,3,0.17629482794463602,85.17,54.4667274384686,16,35285.2690352296,29.223744292237395,Minor_Damage_And_Injuries,7,0.410235124413992,2,train
7883,7,0.00476454771995168,83.07,74.7948951686418,16,48535.6561942994,53.74429223744289,Significant_Damage_And_Fatalities,2,0.325489361702128,0,train
8055,4,0.0497094031861019,80.64,58.5232452142206,9,27518.7235157539,41.780821917808204,Highly_Fatal_And_Damaging,3,0.304573386224305,2,train
7881,4,0.0523874971383086,79.1,54.3755697356427,18,29487.099203913,32.8767123287671,Minor_Damage_And_Injuries,3,0.527797331410025,2,train
66,5,0.0245984678638604,77.86,72.105742935278,11,35974.8217427248,46.1643835616438,Significant_Damage_And_Serious_Injuries,7,0.351454020915975,3,train
4709,6,0.00910387785121973,79.89,39.8814949863264,12,37292.129029615804,54.794520547945204,Highly_Fatal_And_Damaging,5,0.676733501622791,1,train
10858,7,0.0033294282629078398,78.64,84.5487693710119,10,33601.5718975099,73.1050228310502,Significant_Damage_And_Fatalities,1,0.298442841687703,2,train
6010,7,0.0044929035955593105,85.02,55.9252506836828,10,50713.1701646172,76.39269406392691,Significant_Damage_And_Serious_Injuries,1,0.45639451857194396,2,train
8808,6,0.00751640494849503,79.15,64.2661804922516,12,28783.699290521003,32.557077625570805,Highly_Fatal_And_Damaging,7,0.324046880634692,2,train
11540,5,0.0217946673291327,77.9,54.69462169553329,12,33249.3810676588,32.6940639269406,Significant_Damage_And_Fatalities,3,0.404104579877389,1,train
2163,4,0.0718018696549619,77.26,73.1996353691887,12,39140.6113678675,31.0958904109589,Highly_Fatal_And_Damaging,25,0.325489361702128,0,train
524,4,0.0807511705606393,79.05,56.2898814949863,13,43852.845351907796,30.6392694063927,Significant_Damage_And_Fatalities,3,0.46649188604399605,4,train
10890,3,0.19247728400988298,78.63,56.8824065633546,12,38800.9673142313,30.5022831050228,Highly_Fatal_And_Damaging,1,0.555204471691309,2,train
695,7,0.00277618537959387,97.51,70.2825888787603,13,31300.065715163302,50.3196347031963,Minor_Damage_And_Injuries,5,0.5461889650198339,1,train
297,3,0.13136338669314698,83.21,79.2160437556974,13,26346.5048146761,39.178082191780796,Significant_Damage_And_Serious_Injuries,3,0.296639740353408,3,train
7071,4,0.055088709360491,82.33,67.36554238833179,13,29628.1684072965,41.689497716895,Significant_Damage_And_Serious_Injuries,6,0.37236999639379703,3,train
3131,5,0.0216476009652135,81.26,60.57429352780311,10,33111.5733657375,73.2876712328767,Significant_Damage_And_Fatalities,6,0.220548864046159,2,train
7266,7,0.00265908783298855,78.37,45.3965360072927,9,30305.5164786489,73.1050228310502,Significant_Damage_And_Serious_Injuries,4,0.63742589253516,2,train
6183,5,0.0272071381784127,81.14,70.4193254329991,13,40360.2154058748,50.5479452054795,Minor_Damage_And_Injuries,0,0.296279120086549,3,train
6909,2,0.347298540906663,78.91,75.8432087511395,15,25688.520495908302,44.5205479452055,Minor_Damage_And_Injuries,0,0.33883231157591,2,train
10283,1,1.0889628054204499,76.99,74.29352780309941,12,29123.2583793699,32.739726027397296,Highly_Fatal_And_Damaging,7,0.23280995311936498,2,train
5049,4,0.0743422954353934,78.11,66.5451230628988,13,40524.8951127185,28.0821917808219,Highly_Fatal_And_Damaging,8,0.305294626758024,3,train
2175,4,0.05994597155975,85.58,37.511394712853296,14,33020.6826803039,25.296803652968002,Significant_Damage_And_Fatalities,17,0.5945120807789399,3,train
9926,5,0.0169721831895714,80.67,76.4813126709207,8,26328.7717447473,68.03652968036529,Minor_Damage_And_Injuries,0,0.32152253876667897,1,train
9061,2,0.579229481985553,79.22,72.0145852324522,14,42622.3715192289,48.4474885844749,Minor_Damage_And_Injuries,6,0.35109340064911604,2,train
3366,2,0.48844605168649396,88.4,70.1458523245214,9,36389.9128217396,65.8447488584475,Minor_Damage_And_Injuries,18,0.301327803822575,4,train
4572,3,0.11037399040250902,79.8,73.2452142206017,16,22172.7226577113,19.1780821917808,Highly_Fatal_And_Damaging,4,0.23894049765596803,2,train
11886,5,0.025353860841502998,77.32,70.6472196900638,14,36343.4164886713,59.04109589041099,Significant_Damage_And_Fatalities,2,0.43295420122610906,2,train
4802,3,0.0840330252227932,78.55,69.5989061075661,13,16902.3486971747,39.908675799086794,Significant_Damage_And_Serious_Injuries,3,0.31214641182834496,2,train
9868,4,0.0634463747371802,78.22,51.8231540565178,13,34711.4746197655,40.821917808219204,Significant_Damage_And_Serious_Injuries,0,0.491014064190407,2,train
9650,7,0.00170172802667714,81.62,68.7329079307201,8,21703.2159005865,81.4611872146119,Significant_Damage_And_Fatalities,0,0.199632888568337,3,train
2722,7,0.003992843623840021,78.31,57.155879671832295,11,46975.2757673933,70.5479452054795,Significant_Damage_And_Serious_Injuries,1,0.4985870897944461,2,train
8580,2,0.52322078087498,78.78,63.719234275296294,17,38615.126561795696,38.6301369863014,Minor_Damage_And_Injuries,2,0.32080129823296005,1,train
301,4,0.0581459892078883,81.89,52.0510483135825,11,31317.092105583703,33.9269406392694,Significant_Damage_And_Fatalities,7,0.42249621348719796,3,train
8384,7,0.00247774512911839,77.36,65.7247037374658,17,27607.9009089188,13.789954337899498,Highly_Fatal_And_Damaging,5,0.19350234403173397,2,train
5925,4,0.0688968672168701,77.3,66.5907019143118,20,37616.414931202904,27.4885844748858,Minor_Damage_And_Injuries,17,0.38030364226469504,2,train
12146,4,0.0609647807572276,79.85,77.93983591613491,11,33492.6098878444,34.474885844748805,Highly_Fatal_And_Damaging,8,0.24579228272628895,2,train
9703,2,0.40359393619200296,77.19,71.0118505013674,15,29821.782357109503,21.369863013698602,Highly_Fatal_And_Damaging,5,0.350011539848539,3,train
5411,3,0.21561080303091198,75.55,64.2661804922516,15,43075.3746959144,33.287671232876704,Significant_Damage_And_Serious_Injuries,10,0.462525063108547,2,train
5351,6,0.005452119072786039,78.33,56.7000911577028,9,21995.418195127997,78.58447488584471,Significant_Damage_And_Serious_Injuries,14,0.5029145329967539,3,train
5378,3,0.264749960840887,77.27,69.37101185050139,7,58297.4802661454,47.899543378995396,Highly_Fatal_And_Damaging,18,0.440887847097007,2,train
9663,2,0.5323831645572229,82.71,53.6918869644485,16,39434.2561052846,40.5479452054794,Highly_Fatal_And_Damaging,11,0.548713306887847,4,train