Accident_ID,Accident_Type_Code,Adverse_Weather_Metric,Cabin_Temperature,Control_Metric,Days_Since_Inspection,Max_Elevation,Safety_Score,Severity,Total_Safety_Complaints,Turbulence_In_gforces,Violations,source
12138,4,0.0691843136690765,78.63,65.0865998176846,14,37949.724386183996,25.570776255707802,Highly_Fatal_And_Damaging,15,0.38931914893617,1,train
9390,7,0.00283676253405104,79.52,76.9371011850502,15,32099.6049465887,20.2283105022831,Highly_Fatal_And_Damaging,8,0.38174612333213104,4,train
4191,1,1.3463640845786797,81.91,46.03463992707379,14,36638.3487690938,23.424657534246602,Significant_Damage_And_Fatalities,0,0.438724125495853,3,train
9664,4,0.0847717786435794,78.93,62.351868732907896,17,46291.3905755955,13.698630136986301,Highly_Fatal_And_Damaging,34,0.585496574107465,2,train
2936,2,0.276520836417221,86.34,50.3646308113035,12,20204.6489775497,56.5753424657534,Highly_Fatal_And_Damaging,13,0.44485467003245505,1,train
2926,2,0.25328347095111703,81.08,45.8067456700091,12,19136.0861004631,34.2922374429224,Significant_Damage_And_Fatalities,7,0.410595744680851,0,train
4256,6,0.00992998080917035,77.91,71.6043755697357,14,40181.9844552875,35.7990867579909,Significant_Damage_And_Serious_Injuries,4,0.22704002884962102,1,train
12497,6,0.006788015161854379,81.38,87.6481312670921,7,26215.0186448036,60.4566210045662,Significant_Damage_And_Serious_Injuries,9,0.239661738189686,3,train
12358,4,0.0503844630892246,78.47,66.362807657247,10,27222.894127003397,60.821917808219204,Minor_Damage_And_Injuries,10,0.41672628921745397,1,train
8053,3,0.114141494579157,77.9,64.1294439380128,13,22941.1815763691,39.908675799086794,Significant_Damage_And_Serious_Injuries,4,0.33125928597187204,2,train
10576,4,0.0578632306636776,76.11,74.74931631722879,12,31531.7961960508,31.8264840182648,Highly_Fatal_And_Damaging,2,0.222351965380454,2,train
12405,3,0.13410692303771402,81.04,78.669097538742,12,27158.3568595258,32.9223744292237,Highly_Fatal_And_Damaging,1,0.249759105661738,2,train
1818,6,0.00651040283031829,82.88,78.4867821330902,15,26977.613452267597,33.6529680365297,Significant_Damage_And_Serious_Injuries,0,0.363354489722322,2,train
1365,1,1.56620755459219,82.02,55.241567912488605,12,42639.1391996363,30.1369863013699,Significant_Damage_And_Fatalities,1,0.47154056978002207,3,train
1245,4,0.0720532143220995,76.17,72.2880583409298,8,39280.6384452088,46.25570776255711,Highly_Fatal_And_Damaging,1,0.249759105661738,2,train
2328,6,0.009514099172600541,78.16,69.2342752962625,17,42282.1578814098,27.397260273972602,Significant_Damage_And_Serious_Injuries,6,0.32368626036783194,2,train
10865,4,0.0765664060964708,79.27,74.1567912488605,16,41573.9651981208,17.077625570776302,Highly_Fatal_And_Damaging,0,0.284739271547061,2,train
7391,5,0.0284866706906088,79.25,60.3463992707384,11,42277.9678950802,56.4840182648402,Minor_Damage_And_Injuries,20,0.35361774251712896,2,train
11803,6,0.0082521314597267,85.42,60.1185050136736,11,35902.3547465078,45.2511415525114,Significant_Damage_And_Serious_Injuries,2,0.42213559322033894,4,train
10897,4,0.0610267085365182,78.0,71.64995442114859,16,33596.650764813996,16.8036529680365,Highly_Fatal_And_Damaging,14,0.306737107825459,1,train
11184,5,0.0273168021552321,80.44,68.869644484959,12,41124.4763700121,54.794520547945204,Minor_Damage_And_Injuries,2,0.28149368914533,1,train
6608,7,0.00170172802667714,78.87,58.5232452142206,14,21179.1038747685,60.1826484018265,Significant_Damage_And_Fatalities,13,0.5436646231518211,1,train
4625,6,0.00890099870458009,81.15,78.4867821330902,17,35557.6780853689,38.0365296803653,Minor_Damage_And_Injuries,0,0.3936465921384779,2,train
2964,2,0.481719619088506,86.43,57.520510483135794,12,35580.6487001058,53.9269406392694,Minor_Damage_And_Injuries,34,0.437642264695276,1,train
11718,3,0.18526859547038,79.53,74.9772105742936,13,37209.4334568823,39.178082191780796,Significant_Damage_And_Serious_Injuries,3,0.36155138838802703,1,train
10042,1,0.8313007031938701,77.16,63.90154968094811,13,22730.4709071459,26.7123287671233,Highly_Fatal_And_Damaging,25,0.199632888568337,1,train
6789,1,1.00860793316672,79.82,75.6608933454877,18,26991.8380389602,9.49771689497717,Highly_Fatal_And_Damaging,19,0.39436783267219605,0,train
10719,3,0.151460169601184,77.3,64.9954421148587,10,30197.474974980298,48.81278538812779,Significant_Damage_And_Serious_Injuries,0,0.175471330688784,2,train
4619,5,0.0306133067658192,81.92,58.02187784867821,13,44502.4966181395,52.55707762557079,Minor_Damage_And_Injuries,4,0.28726361341507395,1,train
9988,7,0.0038889087914448102,79.74,33.9562443026436,14,43993.907529507,46.8493150684931,Highly_Fatal_And_Damaging,19,0.6828640461593941,1,train
1126,3,0.21102920894167698,80.98,66.40838650866,15,42493.8649575514,33.972602739726,Significant_Damage_And_Serious_Injuries,0,0.38751604760187497,2,train
3286,3,0.0802203986001877,79.45,59.9817684594348,20,16252.900892824098,18.3561643835616,Significant_Damage_And_Serious_Injuries,3,0.46829498737829,0,train
2229,1,0.53645874914724,76.89,60.847766636280795,14,14096.2612551949,37.5342465753425,Significant_Damage_And_Serious_Injuries,1,0.492095924990984,2,train
3018,5,0.0145494650084558,82.15,75.11394712853242,13,20432.2797281007,50.5936073059361,Minor_Damage_And_Injuries,12,0.281133068878471,1,train
5528,5,0.0210316608109044,77.77,64.1294439380128,15,30497.8886605549,44.566210045662096,Minor_Damage_And_Injuries,0,0.442330328164443,1,train
2072,3,0.14223250604765397,82.41,62.7620783956244,11,28759.0997547688,45.2511415525114,Significant_Damage_And_Serious_Injuries,1,0.329095564370718,0,train
9289,5,0.014990810229226001,81.55,64.8587055606199,13,23861.037409217002,62.511415525114096,Significant_Damage_And_Fatalities,1,0.368403173458348,3,train
2661,3,0.156147792298604,84.52,48.723792160437604,10,31228.509317742402,51.6438356164384,Minor_Damage_And_Injuries,1,0.42898737829066,2,train
5913,2,0.569552534009889,84.51,37.8304466727438,15,42041.4474613388,35.1141552511415,Minor_Damage_And_Injuries,14,0.600282005048683,0,train
6730,1,1.60962628025298,81.03,88.0583409298086,6,43154.905667115,50.7305936073059,Highly_Fatal_And_Damaging,9,0.29591849981969,2,train
8939,6,0.00941040617354535,82.91,64.35733819507749,17,37664.9213225571,27.305936073059396,Significant_Damage_And_Serious_Injuries,6,0.442690948431302,1,train
4751,3,0.10722252309721698,76.62,67.2743846855059,15,21608.8096954077,33.698630136986296,Significant_Damage_And_Serious_Injuries,6,0.41744752975117205,1,train
216,4,0.0796140496419091,82.8,58.7967183226983,7,43915.3628054386,47.3059360730593,Highly_Fatal_And_Damaging,0,0.4120382257482871,1,train
623,7,0.00230284346998378,82.69,51.9143117593437,17,26534.3553750206,49.0867579908676,Significant_Damage_And_Serious_Injuries,2,0.480556076451497,1,train
7454,7,0.00285657160914241,79.63,79.535095715588,14,29154.544588408302,25.251141552511395,Highly_Fatal_And_Damaging,3,0.33378362783988397,2,train
12110,3,0.135864511061758,78.03,59.0701914311759,14,27327.474372056,36.7579908675799,Significant_Damage_And_Serious_Injuries,0,0.434396682293545,2,train
3689,4,0.037029030621957004,79.61,57.11030082041929,14,20375.8154327724,49.315068493150704,Minor_Damage_And_Injuries,14,0.440887847097007,0,train
10471,5,0.0239585750349758,83.11,70.510483135825,8,36421.5736321992,70.0,Minor_Damage_And_Injuries,15,0.39148287053732395,3,train
12143,2,0.422623432615956,75.76,97.9945305378305,11,31117.2543741181,59.4063926940639,Minor_Damage_And_Injuries,12,0.21297583844211998,2,train
7609,2,0.715453968554195,80.32,53.463992707383795,12,52978.479059002304,41.9178082191781,Minor_Damage_And_Injuries,15,0.477671114316625,1,train
8475,2,0.37341368105690204,78.68,59.0701914311759,13,27518.7235157539,51.232876712328796,Minor_Damage_And_Injuries,3,0.316834475297511,2,train
1037,3,0.17922537652847503,80.96,59.4348222424795,21,36059.2215837245,19.1324200913242,Highly_Fatal_And_Damaging,0,0.267429498737829,2,train
6387,7,0.00460286344892508,77.32,64.9954421148587,13,49951.1427599292,28.2191780821918,Highly_Fatal_And_Damaging,0,0.42285683375405697,3,train
6855,4,0.0847717786435794,81.57,71.6043755697357,6,46540.2720370916,52.648401826484005,Highly_Fatal_And_Damaging,7,0.43006923909123707,2,train
11679,2,0.541152830444993,80.49,61.212397447584294,15,40233.9092796223,33.7899543378995,Significant_Damage_And_Serious_Injuries,2,0.318276956364948,3,train
1121,4,0.0356172029643824,79.8,81.4038286235187,18,19984.5446103508,24.8858447488584,Significant_Damage_And_Serious_Injuries,3,0.224876307248467,2,train
10697,4,0.0533984110646786,76.96,89.88149498632629,18,28605.2978494095,11.6438356164384,Highly_Fatal_And_Damaging,0,0.200354129102055,1,train
12084,4,0.0653570076442063,80.14,67.2743846855059,13,35662.4808598967,27.945205479452,Highly_Fatal_And_Damaging,3,0.35542084385142403,2,train
11688,2,0.7730096114867209,79.06,67.6390154968095,16,54788.2470429217,40.9132420091324,Minor_Damage_And_Injuries,23,0.375615578795528,3,train
10513,4,0.0395779155196466,80.13,63.9927073837739,13,21651.0494588669,30.3196347031963,Highly_Fatal_And_Damaging,3,0.45603389830508395,2,train
10794,6,0.0083982544312787,78.92,71.7411121239745,11,35974.8217427248,44.885844748858396,Significant_Damage_And_Serious_Injuries,13,0.350011539848539,2,train
4898,6,0.0100127073666848,80.16,100.0,8,39017.575919213596,56.7579908675799,Significant_Damage_And_Serious_Injuries,3,0.21441831950955603,3,train
4184,3,0.11189706282859697,76.53,52.461257976299,6,22484.6223323146,74.703196347032,Highly_Fatal_And_Damaging,14,0.366960692390912,3,train
7804,3,0.179067509065716,78.79,55.0592525068368,10,35818.6532209991,50.95890410958901,Significant_Damage_And_Serious_Injuries,29,0.475868012982329,2,train
921,4,0.0398597732035959,84.03,57.8851412944394,14,21763.437598859,22.922374429223698,Highly_Fatal_And_Damaging,8,0.448100252434187,3,train
3916,2,0.533857644869173,81.44,53.6463081130356,18,39434.2561052846,34.3835616438356,Highly_Fatal_And_Damaging,11,0.440887847097007,3,train
11444,3,0.12486886731060699,76.93,68.64175022789429,15,25093.1260664619,33.1506849315068,Significant_Damage_And_Serious_Injuries,2,0.251922827262892,3,train
2386,1,0.775459295221691,76.99,51.8231540565178,10,21043.0745957428,38.9954337899543,Significant_Damage_And_Fatalities,0,0.540058420483231,1,train
8532,6,0.00810038539197636,77.53,64.4940747493163,8,31387.7303250155,57.1689497716895,Significant_Damage_And_Serious_Injuries,2,0.339553552109629,4,train
794,6,0.00851993296409385,79.17,76.4813126709207,11,33319.453887057796,35.296803652968,Highly_Fatal_And_Damaging,2,0.243989181391994,3,train
12369,1,1.41153842752558,76.27,74.9316317228806,12,38318.5677725656,30.593607305936104,Highly_Fatal_And_Damaging,6,0.282936170212766,2,train
329,2,0.33510716798142304,75.27,60.7110300820419,10,25016.3637851441,61.324200913241995,Minor_Damage_And_Injuries,1,0.328374323837,3,train
3459,2,0.34702939046229303,77.95,32.4977210574293,9,25662.0840183609,41.0958904109589,Highly_Fatal_And_Damaging,12,0.5425827623512439,1,train
6209,3,0.176919345779094,79.74,72.0145852324522,17,35557.6780853689,27.1232876712329,Significant_Damage_And_Serious_Injuries,1,0.41348070681572296,1,train
47,4,0.0641501985769842,78.52,66.3172288058341,10,34921.555305988,36.986301369863,Highly_Fatal_And_Damaging,6,0.334144248106743,3,train
3625,3,0.146658421571538,79.22,72.0145852324522,19,29457.1314157155,20.136986301369898,Significant_Damage_And_Serious_Injuries,8,0.34027479264334604,4,train
8278,1,1.29142485015568,78.83,76.6180492251596,17,35132.226456787,37.3972602739726,Minor_Damage_And_Injuries,1,0.3352261089073211,2,train
2348,4,0.0610195919364493,80.98,76.6180492251596,14,33358.804600930496,23.6529680365297,Highly_Fatal_And_Damaging,0,0.22884313018391603,1,train
6411,2,0.21472378959680102,77.18,66.362807657247,11,16069.2651727545,57.44292237442921,Minor_Damage_And_Injuries,0,0.40013775694194004,3,train
63,4,0.0413384526477102,80.05,85.5515041020967,16,22016.952274007002,19.9086757990868,Highly_Fatal_And_Damaging,0,0.215500180310133,2,train
4122,3,0.236847335689612,84.1,70.464904284412,15,47530.90621489679,34.1095890410959,Significant_Damage_And_Serious_Injuries,1,0.33125928597187204,4,train
10077,3,0.223008337378143,76.13,58.8422971741112,6,44792.4219458738,63.8356164383562,Significant_Damage_And_Serious_Injuries,2,0.42538117562207,4,train
3170,3,0.16370405083918801,78.83,51.640838650866,15,32746.028665476402,33.0593607305936,Minor_Damage_And_Injuries,15,0.368042553191489,2,train
11499,4,0.0486700861808518,78.7,78.7602552415679,12,26501.859027862003,54.794520547945204,Minor_Damage_And_Injuries,1,0.39076163000360603,1,train
4135,2,0.403546822916697,82.99,49.042844120328205,14,29638.263973482797,46.9406392694064,Highly_Fatal_And_Damaging,19,0.251201586729174,1,train
1416,2,0.3963760419839571,81.56,73.60984503190521,15,29261.078068929102,45.296803652967995,Minor_Damage_And_Injuries,3,0.40590768121168397,3,train
10689,1,1.7872888721267501,76.78,74.24794895168641,16,48882.9969470896,18.310502283105,Highly_Fatal_And_Damaging,1,0.20432095203750503,1,train
534,4,0.0453407640350258,76.28,66.4995442114859,18,24613.548891670096,12.9223744292237,Highly_Fatal_And_Damaging,3,0.26815073927154703,1,train
6976,3,0.156527896644788,79.11,53.281677301731996,16,31200.252729710297,30.8219178082192,Minor_Damage_And_Injuries,5,0.34315975477821803,2,train
300,5,0.00259797974810656,82.09,82.04193254329991,15,4030.1411242967297,44.3835616438356,Minor_Damage_And_Injuries,5,0.31719509556437103,3,train
11094,2,0.6773000189219929,78.32,66.4995442114859,11,50138.8533250908,58.310502283105,Minor_Damage_And_Injuries,2,0.36768193292463,1,train
11219,3,0.20988934904073603,81.42,54.3755697356427,17,42065.3824301481,38.0821917808219,Highly_Fatal_And_Damaging,0,0.5995607645149661,3,train
4011,2,0.12268690410919199,81.37,48.222424794895204,11,9666.94055790232,36.2100456621005,Significant_Damage_And_Fatalities,5,0.43006923909123707,3,train
3545,6,0.00804897104676357,78.49,64.3117593436645,17,32439.2562768273,26.2557077625571,Significant_Damage_And_Serious_Injuries,13,0.445215290299315,2,train
3942,3,0.237190414799633,84.0,69.5077484047402,9,47530.90621489679,41.1872146118721,Highly_Fatal_And_Damaging,0,0.42177497295348,2,train
16,3,0.182024489853589,82.69,73.2907930720146,14,36541.849137828,34.703196347032,Significant_Damage_And_Serious_Injuries,13,0.33306238730616605,2,train
10380,2,0.7730096114867209,75.14,70.0091157702826,16,61815.498289526506,42.100456621004604,Minor_Damage_And_Injuries,5,0.41816877028489,2,train
11642,7,0.0037027802441402897,84.19,66.2716499544212,9,38745.576300915294,55.2511415525114,Significant_Damage_And_Serious_Injuries,10,0.395449693472773,0,train
7064,4,0.0548654683705585,81.37,51.0938924339107,12,29832.3547137758,43.3333333333333,Minor_Damage_And_Injuries,10,0.34171727371078203,1,train
1222,3,0.233867615945716,82.19,60.665451230628996,13,46938.709331052196,39.634703196347,Significant_Damage_And_Serious_Injuries,1,0.43259358095925005,0,train
6685,4,0.090371602684173,79.73,56.517775752051,16,50122.019751680804,41.415525114155294,Highly_Fatal_And_Damaging,7,0.322965019834114,3,train
11991,3,0.16876079449003398,87.1,55.6061987237922,2,33757.0053641767,72.5570776255708,Minor_Damage_And_Injuries,11,0.45891886043995594,2,train
5539,6,0.00668708180660719,76.18,74.3391066545123,6,26733.763247326002,74.6575342465753,Minor_Damage_And_Injuries,6,0.47839235485034204,2,train
9221,1,0.7218484758610161,78.52,65.3600729261623,15,19463.3735981959,22.1917808219178,Highly_Fatal_And_Damaging,6,0.274641904075009,2,train
9739,4,0.0389899651600754,75.34,66.7274384685506,17,21193.4253281044,14.0639269406393,Highly_Fatal_And_Damaging,9,0.26815073927154703,2,train
4603,2,0.643975973223763,76.67,60.7110300820419,10,47324.952775232996,60.136986301369895,Minor_Damage_And_Injuries,2,0.38030364226469504,3,train
1163,5,0.025793731905657,80.53,78.6235186873291,12,39951.2140343375,54.337899543379,Minor_Damage_And_Injuries,2,0.313228272628922,4,train
11387,4,0.0605695652954106,82.81,37.511394712853296,17,32744.1706846197,12.9680365296804,Significant_Damage_And_Fatalities,0,0.602806346916697,2,train
7710,2,0.7295762379724829,81.96,56.8824065633546,11,52978.479059002304,47.4885844748858,Minor_Damage_And_Injuries,2,0.47190119004688,1,train
4600,2,0.33705119434062397,81.71,58.158614402917,15,24781.9158687558,46.1187214611872,Minor_Damage_And_Injuries,0,0.303852145690588,2,train
3178,3,0.118795587606853,83.32,84.8678213309025,14,24101.1426632183,37.1689497716895,Significant_Damage_And_Serious_Injuries,14,0.255529029931482,3,train
3230,2,0.551419592392081,77.36,52.18778486782129,10,40813.3057574463,61.0502283105023,Highly_Fatal_And_Damaging,3,0.460361341507393,1,train
11464,4,0.0650374206705968,79.47,67.00091157702829,14,35594.532894004704,37.7168949771689,Significant_Damage_And_Serious_Injuries,4,0.29447601875225393,2,train
3035,1,0.6601729640902421,79.6,52.0966271649954,15,17307.2747036961,20.8675799086758,Significant_Damage_And_Fatalities,14,0.49353840605842003,2,train
2447,1,0.901972619496758,79.27,72.3792160437557,14,24605.471319082997,34.6118721461187,Significant_Damage_And_Serious_Injuries,5,0.41348070681572296,2,train
178,2,0.390799415182943,79.54,90.154968094804,12,28885.5732444725,54.246575342465704,Minor_Damage_And_Injuries,0,0.26815073927154703,2,train
863,2,0.429665880521725,77.65,73.60984503190521,11,31638.629323933998,35.7077625570776,Highly_Fatal_And_Damaging,10,0.40590768121168397,3,train
2983,7,0.00304457767393473,77.16,60.75660893345489,14,34472.083799485,58.9954337899543,Significant_Damage_And_Fatalities,25,0.41672628921745397,0,train
7843,1,1.04371906696974,84.48,78.94257064721971,16,28364.6114565323,42.0091324200913,Minor_Damage_And_Injuries,13,0.32116191849982,3,train
11607,1,1.2229712083589799,81.39,65.4056517775752,11,33157.4372829421,33.9269406392694,Highly_Fatal_And_Damaging,22,0.334865488640461,2,train
10528,5,0.0302458106880006,78.96,45.897903372834996,16,43627.7949755618,30.593607305936104,Minor_Damage_And_Injuries,2,0.549795167688424,3,train
11490,3,0.189062380253031,86.52,35.2780309936189,12,37920.6754100736,42.4200913242009,Significant_Damage_And_Serious_Injuries,17,0.8819264334655601,1,train
5811,2,0.27577871914119106,75.93,70.3281677301732,10,20520.7410460176,60.0913242009132,Minor_Damage_And_Injuries,3,0.226679408582762,2,train
7991,4,0.0882316474042015,75.84,67.7757520510483,15,48288.1424354103,21.461187214611897,Highly_Fatal_And_Damaging,3,0.253004688063469,2,train
5210,6,0.0077465553627925595,80.16,50.820419325432994,18,31006.5572504406,25.251141552511395,Minor_Damage_And_Injuries,13,0.7686916696718359,3,train
4948,3,0.0917993426892184,83.23,46.4904284412033,11,18438.3908710865,57.7625570776256,Highly_Fatal_And_Damaging,3,0.45134583483591795,2,train
1156,7,0.00203449803469911,77.79,64.2661804922516,13,19742.2730195278,62.9680365296804,Significant_Damage_And_Fatalities,19,0.23064623151821104,2,train
5356,2,0.39194180719536603,84.34,82.1786690975388,13,28885.5732444725,52.4657534246575,Minor_Damage_And_Injuries,1,0.199993508835196,2,train
5849,7,0.00332774857972545,79.6,62.3974475843209,15,33387.8483064781,55.79908675799089,Significant_Damage_And_Fatalities,11,0.431511720158673,3,train
9782,1,1.2858791156290201,78.74,73.5186873290793,10,35132.226456787,38.1278538812785,Highly_Fatal_And_Damaging,1,0.39472845293905495,1,train
2078,1,1.2391773127288501,77.25,57.7028258887876,10,33700.4226788016,37.5799086757991,Highly_Fatal_And_Damaging,12,0.448100252434187,2,train
7442,5,0.0198462668231589,78.46,60.847766636280795,14,31151.7511553384,38.0365296803653,Significant_Damage_And_Serious_Injuries,2,0.37128813559322,2,train
1745,3,0.18069912567921198,77.9,65.8614402917047,10,36507.3632475873,39.3607305936073,Highly_Fatal_And_Damaging,14,0.323325640100974,2,train
5124,7,0.00165483628932035,77.5,50.136736554238794,18,22795.7118759796,13.105022831050197,Significant_Damage_And_Fatalities,13,0.482719798052651,2,train
8610,4,0.0692368044281072,76.36,71.05742935278029,14,37868.6045618699,23.9269406392694,Highly_Fatal_And_Damaging,6,0.30637648755860103,1,train
2496,2,0.28708841944468,78.63,67.0464904284412,12,21213.1243663008,42.5114155251142,Significant_Damage_And_Serious_Injuries,6,0.413120086548864,2,train
2567,4,0.0531058897859763,81.25,77.3473108477666,11,28855.418666474303,35.205479452054796,Highly_Fatal_And_Damaging,2,0.269953840605842,2,train
5205,1,0.306645190585444,81.26,70.510483135825,16,12542.5506074795,19.2237442922374,Highly_Fatal_And_Damaging,6,0.434396682293545,0,train
4350,2,0.30300731695565697,82.01,63.947128532361,14,22674.847654793797,49.2237442922374,Minor_Damage_And_Injuries,6,0.24579228272628895,1,train
2872,6,0.00671581825621283,80.34,78.80583409298092,14,27827.8514266594,35.0228310502283,Significant_Damage_And_Serious_Injuries,4,0.27644500540930395,2,train
11146,4,0.0648774547016707,79.79,82.9079307201459,7,35819.066500176,70.3196347031963,Minor_Damage_And_Injuries,0,0.18845366029570798,4,train
4217,2,0.309756512735612,78.95,62.4886052871468,15,22969.338276676,45.9817351598173,Minor_Damage_And_Injuries,0,0.28870609448251,3,train
12034,2,0.3592587112154339,79.99,55.651777575205095,14,26770.2625354896,47.6255707762557,Highly_Fatal_And_Damaging,14,0.281133068878471,1,train
12324,1,1.5556538287658601,84.23,68.9608021877849,10,42321.2915275766,48.7214611872146,Significant_Damage_And_Serious_Injuries,7,0.4120382257482871,1,train
2706,4,0.0471571412717711,80.13,53.919781221513205,10,25562.603471169303,49.0867579908676,Minor_Damage_And_Injuries,0,0.461803822574828,0,train
2593,4,0.0908497525568715,77.85,73.0173199635369,9,49233.348705214405,54.4292237442922,Significant_Damage_And_Serious_Injuries,23,0.330898665705012,0,train
5424,1,1.55274182690122,76.48,69.5077484047402,15,42416.270428752796,32.9223744292237,Significant_Damage_And_Serious_Injuries,0,0.255529029931482,2,train
3022,3,0.20989097427362,78.56,73.5186873290793,11,42084.199125663,47.899543378995396,Significant_Damage_And_Serious_Injuries,2,0.388958528669311,1,train
10886,7,0.00226741238790717,80.74,64.5396536007293,18,23004.894787473397,11.5068493150685,Highly_Fatal_And_Damaging,3,0.24218608005769898,2,train
6216,6,0.00427834417018891,80.07,69.64448495897899,15,17572.9254839105,33.9269406392694,Significant_Damage_And_Serious_Injuries,3,0.357223945185719,2,train
7879,5,0.00565999846684,80.23,66.362807657247,9,12090.304195308501,76.39269406392691,Significant_Damage_And_Fatalities,8,0.32116191849982,3,train
6361,3,0.18052770276598998,84.67,62.5341841385597,18,35803.9837737331,46.712328767123296,Significant_Damage_And_Fatalities,1,0.30313090515687,3,train
8064,3,0.17583752963143803,82.49,80.5834092980857,12,35393.989690318704,42.8767123287671,Significant_Damage_And_Serious_Injuries,3,0.340996033177064,2,train
2236,3,0.162108139005818,81.14,69.64448495897899,8,32554.6018713331,57.260273972602704,Significant_Damage_And_Serious_Injuries,5,0.382467363865849,2,train
10599,3,0.18690900082285397,83.57,61.5770282588879,15,37550.3987735086,31.5981735159817,Significant_Damage_And_Serious_Injuries,2,0.368763793725207,2,train
7882,4,0.0543242124048425,78.9,29.8997265268915,19,29692.0223611367,7.44292237442922,Significant_Damage_And_Fatalities,9,0.8180966462315179,2,train
2911,2,0.537889903702334,83.51,77.1649954421149,15,39679.1148162806,43.47031963470321,Minor_Damage_And_Injuries,0,0.23461305445365999,3,train
10232,4,0.0630468196657716,80.07,78.5323609845032,11,34640.546869596605,32.9223744292237,Highly_Fatal_And_Damaging,15,0.32224377930039694,1,train
4601,2,0.412493537274305,76.35,40.3372835004558,11,30393.236609017596,56.6666666666667,Highly_Fatal_And_Damaging,6,0.541140281283808,2,train
3442,6,0.00836791646951353,80.66,82.9079307201459,12,36292.1949816483,31.415525114155198,Highly_Fatal_And_Damaging,2,0.3629938694554629,0,train
702,2,0.414941704093137,78.56,92.8896991795807,14,30792.6950346444,49.0867579908676,Minor_Damage_And_Injuries,5,0.21153335737468398,2,train
931,3,0.160097408556503,77.05,69.64448495897899,15,32150.910882931003,33.8812785388128,Significant_Damage_And_Serious_Injuries,2,0.324046880634692,2,train
12256,5,0.0172239467347377,86.4,66.7730173199635,11,24783.150149214904,45.296803652967995,Significant_Damage_And_Serious_Injuries,8,0.37345185719437396,2,train
5506,2,0.627545993999708,78.82,46.718322698268004,11,45903.4682004767,56.25570776255711,Highly_Fatal_And_Damaging,13,0.487768481788677,1,train
3823,6,0.007594775661073491,80.79,56.19872379216039,8,30637.0708362277,68.675799086758,Significant_Damage_And_Serious_Injuries,20,0.475868012982329,3,train
2298,6,0.0059310930744335,78.92,83.68277119416591,18,24379.671119604103,24.2465753424658,Significant_Damage_And_Serious_Injuries,4,0.31719509556437103,2,train
8444,5,0.0362715401061526,78.12,62.2151321786691,13,51044.7091093402,51.232876712328796,Minor_Damage_And_Injuries,19,0.525272989542012,2,train
12483,6,0.00751493305751333,77.34,80.9024612579763,13,28520.1977697407,38.219178082191796,Significant_Damage_And_Serious_Injuries,2,0.350372160115398,3,train
5713,2,0.549198026049296,77.13,87.1011850501367,16,40744.7030223456,41.689497716895,Minor_Damage_And_Injuries,4,0.346405337179949,3,train
355,6,0.00559553599617865,80.07,80.4010938924339,6,22597.0959547712,62.739726027397296,Significant_Damage_And_Serious_Injuries,4,0.30854020915975394,3,train
11009,2,0.382453188083348,79.43,58.20419325433001,1,28183.3231299795,65.3424657534246,Highly_Fatal_And_Damaging,8,0.31214641182834496,2,train
1111,2,0.617217585058776,79.71,73.4731084776664,10,45300.0270165971,60.5479452054795,Minor_Damage_And_Injuries,12,0.423217454020916,2,train
9136,3,0.114141494579157,79.84,64.4940747493163,6,22977.015151507203,76.1187214611872,Minor_Damage_And_Injuries,21,0.398695275874504,2,train
8408,6,0.00701608590015726,78.63,65.67912488605289,13,26744.8667985702,27.7168949771689,Highly_Fatal_And_Damaging,2,0.4257417958889289,2,train
4534,6,0.0055107397932919,78.95,76.02552415679129,19,21762.5037953773,8.53881278538813,Highly_Fatal_And_Damaging,1,0.39436783267219605,2,train
11079,4,0.0775283006898538,79.26,68.3682771194166,8,42166.418878527795,43.6529680365297,Highly_Fatal_And_Damaging,6,0.27752686620988104,3,train
4698,7,0.0036621820245714603,77.75,78.1221513217867,12,38623.3910253659,30.1826484018265,Highly_Fatal_And_Damaging,2,0.390401009736747,1,train
7081,4,0.106775559667783,77.91,76.4813126709207,11,62471.874798541394,36.0730593607306,Highly_Fatal_And_Damaging,1,0.3352261089073211,2,train
7930,4,0.0311584829016707,82.31,75.25068368277121,15,17117.8257190775,21.2785388127854,Highly_Fatal_And_Damaging,17,0.289427335016228,2,train
6218,3,0.20409022088832396,76.53,65.9981768459435,20,40871.5373160811,16.986301369863,Significant_Damage_And_Serious_Injuries,20,0.40374395961053006,1,train
11907,6,0.007594775661073491,80.61,59.115770282588905,17,29091.2626956314,38.0821917808219,Minor_Damage_And_Injuries,3,0.458558240173098,2,train
11855,3,0.0989186225161352,77.74,58.5232452142206,12,19721.1573415103,43.150684931506795,Significant_Damage_And_Serious_Injuries,21,0.5833328525063111,2,train
5007,1,1.37759041351401,80.09,83.3637192342753,14,37558.9268302818,25.570776255707802,Highly_Fatal_And_Damaging,9,0.255529029931482,0,train
6757,4,0.0435688687075891,78.21,67.36554238833179,12,23787.7963047131,32.4200913242009,Highly_Fatal_And_Damaging,10,0.298803461954562,1,train
2807,4,0.060013008820757,78.41,65.587967183227,15,32734.2222720854,21.2328767123288,Highly_Fatal_And_Damaging,2,0.553401370357014,3,train