Accident_ID,Accident_Type_Code,Adverse_Weather_Metric,Cabin_Temperature,Control_Metric,Days_Since_Inspection,Max_Elevation,Safety_Score,Severity,Total_Safety_Complaints,Turbulence_In_gforces,Violations,source
4809,4,0.0611836711383713,81.68,69.00638103919779,8,33143.6112412512,45.15981735159821,Highly_Fatal_And_Damaging,4,0.6756516408222141,2,train
12009,7,0.00256162599965324,76.56,72.33363719234279,15,29596.464222992403,33.1050228310502,Significant_Damage_And_Serious_Injuries,7,0.27103570140641897,2,train
3975,2,0.411158531593447,77.32,64.0382862351869,12,30536.5363889344,30.9132420091324,Highly_Fatal_And_Damaging,1,0.462885683375405,1,train
37,4,0.0519373150685612,79.24,58.4776663628077,13,28183.3231299795,27.534246575342497,Highly_Fatal_And_Damaging,28,0.30168842408943397,1,train
8047,4,0.0616426529691811,85.13,80.53783044667279,13,33385.1482642618,29.3150684931507,Highly_Fatal_And_Damaging,1,0.24579228272628895,1,train
3426,2,0.47877893631486496,78.4,84.22971741112129,12,35377.2441941688,53.8356164383562,Minor_Damage_And_Injuries,8,0.256610890732059,0,train
5873,1,1.10726459904649,77.94,73.746581586144,17,30017.310608521402,39.4520547945205,Minor_Damage_And_Injuries,4,0.28221492967904804,1,train
100,3,0.0476009651917602,86.39,61.5314494074749,13,831.6955534213299,38.8127853881278,Significant_Damage_And_Serious_Injuries,0,0.42429931482149297,3,train
4976,3,0.163023626452417,81.45,47.2196900638104,15,32986.7833036824,33.8356164383562,Minor_Damage_And_Injuries,5,0.515896862603678,1,train
165,3,0.195609414135821,83.03,72.69826800364629,14,38942.250883069,36.7579908675799,Significant_Damage_And_Serious_Injuries,3,0.219106382978723,3,train
630,4,0.0592292289020824,79.22,56.1531449407475,10,32342.3133839545,37.2146118721461,Significant_Damage_And_Fatalities,2,0.34532347637937205,0,train
6916,5,0.0251101485805745,80.0,51.4585232452142,14,36256.6780282692,59.6803652968037,Highly_Fatal_And_Damaging,0,0.556286332491886,3,train
6153,6,0.0053353160716145,77.41,73.0628988149499,14,22253.1682025273,60.5479452054795,Significant_Damage_And_Fatalities,11,0.260938333934367,1,train
5798,3,0.13544581285781299,78.31,69.91795806745671,11,26782.0242843159,45.7534246575342,Significant_Damage_And_Serious_Injuries,17,0.425020555355211,2,train
2556,2,0.44307751270827794,79.97,50.6836827711942,19,32847.0379561099,19.9086757990868,Minor_Damage_And_Injuries,3,0.43944536602957107,1,train
7520,2,0.7469087401266341,81.44,80.99361896080221,17,54429.811908463606,16.1643835616438,Highly_Fatal_And_Damaging,12,0.431151099891814,0,train
12455,4,0.0462059771710494,83.6,55.6973564266181,10,25223.047167445297,51.7808219178082,Minor_Damage_And_Injuries,0,0.25985647313379,1,train
1792,3,0.23187073722273,75.84,69.9635369188697,12,46415.1734269839,41.0502283105023,Significant_Damage_And_Serious_Injuries,21,0.425020555355211,1,train
7933,1,1.36336943621395,81.52,39.972652689152206,10,37034.4056430355,38.767123287671204,Significant_Damage_And_Fatalities,2,0.558089433826181,2,train
7905,1,1.41869503093969,76.49,59.4348222424795,15,38752.9477457052,21.506849315068497,Highly_Fatal_And_Damaging,2,0.38282798413270797,2,train
7572,2,0.51978130044264,81.44,55.788514129443904,12,38406.931881458,43.698630136986296,Minor_Damage_And_Injuries,14,0.440887847097007,0,train
5312,3,0.0793015994353502,78.95,64.8587055606199,13,15928.1520352656,62.6940639269406,Significant_Damage_And_Fatalities,1,0.28401803101334305,3,train
248,7,0.00206604918836995,85.99,58.6144029170465,15,19398.1511532957,56.1643835616438,Significant_Damage_And_Fatalities,4,0.377058059862964,1,train
7817,3,0.121754699866092,83.76,51.276207839562396,12,24604.4655931727,41.9634703196347,Minor_Damage_And_Injuries,4,0.5681868012982328,1,train
8644,1,0.74859438088771,77.16,43.80127620783961,14,20124.3050610838,23.561643835616398,Significant_Damage_And_Fatalities,8,0.5436646231518211,3,train
8479,2,0.278446237781689,77.74,45.3965360072927,7,20799.925591698302,46.6666666666667,Significant_Damage_And_Fatalities,17,0.725777857915614,1,train
5361,4,0.04534915917696799,78.34,59.89061075660889,17,24750.8715934395,28.2191780821918,Minor_Damage_And_Injuries,11,0.409513883880274,3,train
8860,6,0.0065469609654996205,81.11,35.2780309936189,12,28126.4685617393,42.5114155251142,Significant_Damage_And_Serious_Injuries,13,0.869304724125496,4,train
5628,4,0.0867471686429157,81.21,62.1695533272562,10,47132.95710729981,40.273972602739704,Highly_Fatal_And_Damaging,6,0.41564442841687704,2,train
9531,4,0.0554629237628166,79.51,47.265268915223395,13,30677.1054511937,28.8584474885845,Significant_Damage_And_Fatalities,2,0.421053732419762,2,train
9105,4,0.0660394623674445,80.2,77.1194165907019,7,35967.375523048395,46.8493150684931,Highly_Fatal_And_Damaging,4,0.232449332852506,0,train
246,6,0.00539594244887619,77.91,57.5660893345488,10,21995.418195127997,48.2648401826484,Significant_Damage_And_Serious_Injuries,26,0.47875297511720205,4,train
6362,3,0.138546714150985,80.92,74.0200546946217,13,27827.8514266594,41.1415525114155,Significant_Damage_And_Serious_Injuries,3,0.250119725928597,3,train
10218,7,0.00145443416670772,80.72,61.6226071103008,19,14240.572631078501,29.9543378995434,Significant_Damage_And_Fatalities,8,0.368763793725207,2,train
4240,4,0.0317660254151927,87.06,53.6463081130356,8,17318.5484826987,44.566210045662096,Significant_Damage_And_Fatalities,0,0.24579228272628895,3,train
6861,7,0.00391760256780998,77.62,55.6973564266181,21,43590.4452092247,1.68949771689498,Significant_Damage_And_Fatalities,0,0.48416227912008597,4,train
10999,2,0.378611274088549,78.37,48.5870556061987,14,27787.0718761387,25.8904109589041,Significant_Damage_And_Fatalities,0,0.6349015506671469,1,train
11585,1,1.53512561822023,76.27,76.6180492251596,12,41720.133549862796,33.1963470319635,Highly_Fatal_And_Damaging,1,0.38318860439956703,2,train
2509,3,0.11925273727862598,78.35,77.3473108477666,19,24272.059107843197,21.9178082191781,Significant_Damage_And_Serious_Injuries,2,0.272117562206996,1,train
11873,4,0.0398611264038201,77.91,64.0382862351869,12,21651.0494588669,30.9132420091324,Highly_Fatal_And_Damaging,3,0.417086909484313,1,train
4640,4,0.0598503906370371,80.09,97.3108477666363,13,32951.988822232204,28.675799086757998,Highly_Fatal_And_Damaging,10,0.311064551027768,2,train
8748,7,0.00187823876236286,82.53,74.7948951686418,12,20600.5849948309,66.62100456620999,Significant_Damage_And_Fatalities,4,0.22163072484673602,2,train
1267,5,0.0085309014094308,81.55,65.2689152233364,15,13118.537295639298,21.461187214611897,Highly_Fatal_And_Damaging,2,0.523469888207717,2,train
12145,2,0.370578626594456,81.18,79.489516864175,14,27206.7774652661,46.8493150684931,Minor_Damage_And_Injuries,4,0.292672917417959,3,train
9158,6,0.0108897273268416,80.84,69.5533272561531,12,42860.1610777543,44.0639269406393,Significant_Damage_And_Serious_Injuries,24,0.329095564370718,2,train
8111,2,0.603490069579617,78.17,61.5770282588879,7,44899.0705087481,61.232876712328796,Highly_Fatal_And_Damaging,2,0.250119725928597,3,train
4729,3,0.182930118985126,80.96,57.8395624430264,16,36830.544529353996,18.310502283105,Highly_Fatal_And_Damaging,4,0.309622069960331,1,train
1845,4,0.048734112740565994,78.46,67.2743846855059,13,26890.6802773688,27.8995433789954,Highly_Fatal_And_Damaging,3,0.327292463036423,3,train
4093,4,0.0701249966785418,77.74,65.9981768459435,15,38399.455104896,20.2283105022831,Highly_Fatal_And_Damaging,5,0.236776776054814,0,train
12500,1,1.06763304103432,77.41,71.8322698268004,13,28923.9002638104,63.105022831050206,Significant_Damage_And_Fatalities,19,0.19494482509917002,4,train
791,3,0.12374128673581,79.8,59.024612579763,18,24854.1018365485,22.1917808219178,Significant_Damage_And_Serious_Injuries,3,0.219106382978723,2,train
10048,3,0.109711641703001,83.94,79.03372835004559,12,22169.208595891498,30.9132420091324,Highly_Fatal_And_Damaging,3,0.390401009736747,3,train
6783,2,0.5630571754205699,78.6,64.5396536007293,18,41622.392719958,11.5068493150685,Highly_Fatal_And_Damaging,13,0.305294626758024,2,train
8823,3,0.152337945102486,76.66,54.557885141294406,18,30360.3969405546,33.013698630137,Minor_Damage_And_Injuries,7,0.442330328164443,3,train
10625,2,0.7809947454136509,81.11,73.88331814038291,11,59108.8771655082,46.3470319634703,Significant_Damage_And_Serious_Injuries,5,0.37092751532636103,4,train
2062,6,0.0128953266110588,77.79,60.57429352780311,11,49860.818872997304,36.4383561643836,Highly_Fatal_And_Damaging,3,0.369124413992066,3,train
5597,2,0.506635384734012,75.67,50.7748404740201,11,37459.086597803,47.1232876712329,Minor_Damage_And_Injuries,0,0.49389902632527904,1,train
2677,3,0.26094087948419603,84.82,58.8422971741112,15,52411.3766964889,34.337899543379,Significant_Damage_And_Serious_Injuries,19,0.508323836999639,2,train
146,2,0.43780010525287205,79.63,73.4275296262534,11,32342.110689359903,56.9406392694064,Minor_Damage_And_Injuries,1,0.29736098088712604,2,train
7712,4,0.0656931235224539,78.15,60.3463992707384,11,35867.2301422482,33.7442922374429,Highly_Fatal_And_Damaging,0,0.375615578795528,4,train
5619,7,0.00469611599491054,81.79,52.82588878760261,11,54660.6342971425,68.63013698630141,Significant_Damage_And_Serious_Injuries,2,0.363354489722322,2,train
540,5,0.0244090469441248,84.93,71.55879671832271,17,36166.0039080309,36.62100456621,Minor_Damage_And_Injuries,0,0.24831662459430198,1,train
12159,1,1.16677479820232,80.47,85.5515041020967,17,31850.859255581403,16.3470319634703,Highly_Fatal_And_Damaging,5,0.27139632167327804,1,train
2586,6,0.00897420847805014,82.66,66.8641750227894,12,36191.032215045496,43.47031963470321,Significant_Damage_And_Serious_Injuries,3,0.251201586729174,2,train
8769,3,0.18526859547038,79.89,52.5524156791249,12,37070.4548537427,42.4200913242009,Minor_Damage_And_Injuries,10,0.548713306887847,3,train
11595,7,0.00340300794355129,80.66,86.5998176845944,11,38986.2869388142,67.6712328767123,Significant_Damage_And_Fatalities,1,0.272117562206996,2,train
8406,7,0.00245895525239092,77.09,73.3819507748405,13,23568.4726202252,29.5433789954338,Highly_Fatal_And_Damaging,7,0.25264406779661,2,train
7789,2,0.32022960837060305,78.93,74.29352780309941,11,23568.4726202252,36.11872146118721,Highly_Fatal_And_Damaging,6,0.23894049765596803,3,train
4791,7,0.00311862643459303,80.19,54.7857793983592,16,34371.8627634336,50.273972602739704,Significant_Damage_And_Serious_Injuries,7,0.5995607645149661,3,train
8877,1,1.29244238360314,79.39,52.9170464904284,8,35207.228555631096,44.794520547945204,Significant_Damage_And_Fatalities,3,0.426823656689506,2,train
3368,2,0.348598243853363,85.04,82.86235186873292,15,25814.2775225024,46.2100456621004,Minor_Damage_And_Injuries,18,0.462885683375405,1,train
10075,6,0.00638052631766798,76.98,75.11394712853242,17,25719.1596833656,27.8538812785388,Significant_Damage_And_Serious_Injuries,6,0.20179661016949102,2,train
11191,3,0.164009610870493,82.49,74.74931631722879,14,32708.139141712403,35.5251141552511,Significant_Damage_And_Serious_Injuries,8,0.281133068878471,2,train
6330,4,0.0690777355402737,78.86,67.36554238833179,12,38011.0212226692,67.53424657534251,Significant_Damage_And_Fatalities,15,0.324768121168409,5,train
9735,2,0.446483481726605,80.03,69.4165907019143,13,32990.9149372376,51.9634703196347,Minor_Damage_And_Injuries,8,0.298803461954562,2,train
2910,7,0.00281938218356537,80.43,82.86235186873292,19,29289.651761483197,41.643835616438295,Significant_Damage_And_Fatalities,9,0.371648755860079,2,train
6308,4,0.0796140496419091,83.56,57.8395624430264,11,43693.778543788,37.2146118721461,Highly_Fatal_And_Damaging,1,0.304573386224305,2,train
9220,3,0.12044619210622698,80.03,62.57976298997271,16,24242.431985578998,30.9132420091324,Significant_Damage_And_Serious_Injuries,2,0.339192931842769,2,train
1099,7,0.00400941681555015,81.84,45.077484047402,16,44888.763138246504,42.0547945205479,Highly_Fatal_And_Damaging,1,0.6637511720158671,3,train
2954,5,0.0165265950657187,89.13,67.5934366453965,12,25170.3306255207,31.050228310502302,Highly_Fatal_And_Damaging,3,0.245071042192571,1,train
9437,3,0.115148815425775,81.7,55.6061987237922,16,23159.6988748288,50.22831050228311,Significant_Damage_And_Serious_Injuries,5,0.374533717994951,1,train
12330,2,0.40693396192835896,78.01,63.217866909753894,11,29893.733510433398,45.890410958904106,Significant_Damage_And_Serious_Injuries,12,0.25841399206635396,1,train
11932,2,0.45369397511610404,81.44,69.2342752962625,11,33523.702338797404,35.7077625570776,Highly_Fatal_And_Damaging,8,0.276084385142445,1,train
6998,4,0.0421404182107254,83.58,69.00638103919779,18,22976.1312277351,35.388127853881294,Minor_Damage_And_Injuries,1,0.46829498737829,3,train
4361,3,0.160237023074609,80.36,61.5770282588879,15,32127.8884623933,32.0091324200913,Significant_Damage_And_Serious_Injuries,3,0.453509556437072,1,train
2841,1,1.2708080559078798,79.42,66.6362807657247,10,34626.8862524966,51.41552511415521,Significant_Damage_And_Serious_Injuries,9,0.37273061666065604,3,train
3049,6,0.006066866594977179,77.58,74.1567912488605,18,24323.5075076492,12.374429223744302,Highly_Fatal_And_Damaging,5,0.27031446087270106,4,train
6380,3,0.146661195079346,77.94,76.4813126709207,11,29572.3317315177,35.296803652968,Highly_Fatal_And_Damaging,1,0.243989181391994,1,train
7366,2,0.41740739591575804,79.43,73.2907930720146,19,31046.6876028269,8.53881278538813,Highly_Fatal_And_Damaging,9,0.323325640100974,3,train
2791,4,0.0806562395147276,78.86,80.35551504102101,7,43912.8212802953,49.6803652968036,Highly_Fatal_And_Damaging,0,0.22884313018391603,3,train
7444,3,0.112551766589855,79.83,62.351868732907896,15,22470.3747333267,58.082191780821894,Significant_Damage_And_Fatalities,2,0.40266209880995296,2,train
7899,5,0.0155641500919886,83.36,70.1458523245214,11,23770.7567352549,35.0684931506849,Highly_Fatal_And_Damaging,0,0.308900829426614,4,train
6343,4,0.0577759264269542,76.49,54.922515952598,15,31533.396152706202,20.136986301369898,Significant_Damage_And_Fatalities,1,0.34965091958168,1,train
4980,1,1.1732698995271102,77.87,76.5268915223336,13,31758.9281763219,27.1232876712329,Highly_Fatal_And_Damaging,0,0.281854309412189,3,train
11537,2,0.529397252616345,80.95,65.4512306289882,17,39069.3760403725,38.8584474885845,Minor_Damage_And_Injuries,7,0.272478182473855,2,train
6370,1,1.69386357691072,81.42,56.9279854147676,11,45027.3857299155,34.0639269406393,Significant_Damage_And_Fatalities,1,0.522748647673999,3,train
2337,1,1.0652076809531899,77.91,64.4029170464904,13,29021.2749490607,27.8995433789954,Highly_Fatal_And_Damaging,8,0.417086909484313,2,train
3976,6,0.0131871755343616,87.34,78.07657247037379,18,49095.2502059493,23.6529680365297,Significant_Damage_And_Serious_Injuries,7,0.39797403534078596,4,train
11836,5,0.0244090469441248,79.85,71.55879671832271,17,36002.5313878639,36.0730593607306,Minor_Damage_And_Injuries,1,0.333423007573026,3,train
7192,5,0.0160590028237088,76.93,73.2907930720146,8,24044.671508818,57.4885844748858,Significant_Damage_And_Serious_Injuries,0,0.35217526144969297,2,train
4472,2,0.314050656397823,78.56,73.4275296262534,11,23026.629664007203,56.8493150684931,Minor_Damage_And_Injuries,0,0.419971871619185,2,train
7831,2,0.438728976114531,79.53,54.557885141294406,18,32417.9301673667,32.8767123287671,Minor_Damage_And_Injuries,7,0.372009376126938,4,train
11571,2,0.25328347095111703,77.52,43.072014585232495,18,19136.0861004631,33.607305936073104,Highly_Fatal_And_Damaging,6,0.47911359538406,3,train
7121,7,0.0022016488687736603,77.66,65.9070191431176,10,22925.932038374798,73.5159817351598,Significant_Damage_And_Fatalities,1,0.298803461954562,0,train
3429,6,0.008138342681266859,79.2,71.8778486782133,14,31993.458888341,37.077625570776206,Significant_Damage_And_Serious_Injuries,12,0.350011539848539,1,train
2416,4,0.0556599827434588,77.5,73.6554238833182,6,30360.2984407479,74.1095890410959,Minor_Damage_And_Injuries,9,0.334144248106743,3,train
3409,7,0.0037494647511730705,78.97,57.9762989972653,15,43425.6129456688,57.1232876712329,Significant_Damage_And_Fatalities,16,0.47839235485034204,4,train
5548,2,0.429534515417133,81.26,77.02825888787599,12,31661.628809564303,53.9269406392694,Minor_Damage_And_Injuries,7,0.324768121168409,1,train
7009,4,0.086532665384485,80.32,53.600729261622604,13,47156.9384261401,40.6392694063927,Minor_Damage_And_Injuries,19,0.606412549585286,3,train
11560,2,0.35017958188076004,76.31,63.76481312670921,15,25806.0480465467,43.3333333333333,Minor_Damage_And_Injuries,10,0.448460872701046,1,train
11877,3,0.160231707920052,79.67,62.1695533272562,19,32187.543777080897,20.045662100456603,Significant_Damage_And_Serious_Injuries,8,0.492095924990984,2,train
3109,6,0.0117758107745166,77.12,51.00273473108479,4,47156.9384261401,58.4931506849315,Significant_Damage_And_Serious_Injuries,10,0.7686916696718359,4,train
737,4,0.0317004518773675,77.38,73.0628988149499,13,17884.8085447038,30.0,Highly_Fatal_And_Damaging,8,0.33306238730616605,2,train
6742,7,0.00279628317028023,83.22,69.7812215132179,17,30696.568878763,48.8584474885845,Significant_Damage_And_Fatalities,5,0.22884313018391603,1,train
7636,3,0.10722252309721698,77.65,69.5989061075661,13,21725.043634178302,39.9543378995434,Significant_Damage_And_Serious_Injuries,2,0.355060223584565,3,train
10269,2,0.5436698186662849,80.09,69.5533272561531,10,40139.0396270965,73.42465753424659,Significant_Damage_And_Fatalities,19,0.283296790479625,2,train
3305,4,0.0499587226487135,79.88,80.99361896080221,21,27249.288201108502,21.324200913242,Minor_Damage_And_Injuries,6,0.29159105661738105,2,train
11041,4,0.0592112001916615,79.51,75.11394712853242,7,32183.6566153411,48.2648401826484,Highly_Fatal_And_Damaging,6,0.288345474215651,0,train
9773,4,0.0735227854053321,78.46,38.9699179580674,14,40671.275067023904,25.251141552511395,Significant_Damage_And_Fatalities,8,0.707746844572664,1,train
1702,7,0.00265756641815923,77.36,65.9070191431176,6,29457.688489650296,76.1187214611872,Minor_Damage_And_Injuries,17,0.398695275874504,1,train
5846,7,0.00290611292624657,83.11,83.9106654512306,11,30207.8523138926,57.5799086757991,Minor_Damage_And_Injuries,9,0.24290732059141698,3,train
2423,4,0.0544392802512786,82.31,86.64539653600728,15,29715.391097543197,20.5022831050228,Highly_Fatal_And_Damaging,9,0.31214641182834496,2,train
3724,7,0.0042971745609235,77.39,64.2661804922516,13,45795.5029606522,61.872146118721396,Significant_Damage_And_Fatalities,20,0.40807140281283794,1,train
5062,4,0.0824277038157889,79.01,76.02552415679129,20,44409.5661929747,5.75342465753425,Highly_Fatal_And_Damaging,0,0.39436783267219605,2,train
4556,4,0.0553078262715637,81.45,45.5332725615314,14,30677.1054511937,24.1552511415525,Significant_Damage_And_Fatalities,5,0.42465993508835204,3,train
4938,2,0.3100966719209,78.32,69.18869644484961,17,23214.4912184096,37.3972602739726,Minor_Damage_And_Injuries,0,0.4087926433465561,2,train
10795,4,0.0564238689532988,77.04,56.1531449407475,15,30982.4858135607,57.077625570776206,Significant_Damage_And_Serious_Injuries,1,0.546910205553552,2,train
10817,4,0.016530971355129,77.82,69.00638103919779,11,9560.909439384692,69.36073059360729,Significant_Damage_And_Fatalities,10,0.428266137756942,2,train
11628,1,0.867035653679287,77.99,52.9626253418414,12,23825.2466613463,30.1826484018265,Significant_Damage_And_Fatalities,0,0.382467363865849,1,train
10537,4,0.0503257845074554,83.56,54.7857793983592,15,27190.7936061396,19.5433789954338,Significant_Damage_And_Fatalities,44,0.46757374684457303,2,train
2054,5,0.0282665799569333,76.09,57.474931631722896,12,42842.0382744754,55.0228310502283,Minor_Damage_And_Injuries,4,0.42538117562207,1,train
3549,2,0.307623471832018,79.66,65.4512306289882,12,22671.8172128642,54.885844748858396,Minor_Damage_And_Injuries,1,0.578644789037144,0,train
102,4,0.0507365851904243,84.87,55.9252506836828,13,27569.720835006403,40.1826484018265,Minor_Damage_And_Injuries,4,0.44485467003245505,2,train
8427,1,1.62366182311179,83.92,59.480401093892496,14,43419.8755634569,38.767123287671204,Significant_Damage_And_Serious_Injuries,5,0.47190119004688,1,train
4613,2,0.5737489438521589,79.28,69.4165907019143,15,42416.270428752796,43.7899543378995,Minor_Damage_And_Injuries,3,0.30637648755860103,3,train
2550,4,0.0593966255335747,77.85,59.2980856882407,17,32127.8884623933,39.8173515981735,Minor_Damage_And_Injuries,3,0.538976559682654,2,train
5458,2,0.519355070097568,82.97,82.4521422060164,17,38360.573071955296,26.1187214611872,Significant_Damage_And_Serious_Injuries,1,0.18809304002885,1,train
751,3,0.120843466623102,79.1,62.07839562443029,18,24133.6121321743,25.570776255707802,Significant_Damage_And_Serious_Injuries,2,0.518421204471691,1,train
8593,7,0.00285292274889008,86.59,37.6481312670921,14,28384.5263097579,48.9954337899543,Minor_Damage_And_Injuries,9,0.607133790119004,2,train
7362,6,0.00691660370224402,76.21,66.04375569735639,18,26271.871631451402,22.2831050228311,Significant_Damage_And_Serious_Injuries,10,0.254447169130905,2,train
8306,2,0.678555591591014,76.33,39.8814949863264,14,49762.797061373894,61.41552511415521,Highly_Fatal_And_Damaging,0,0.6349015506671469,2,train
10871,5,0.0210028454861726,78.27,69.3254329990884,19,31041.738511205698,31.5981735159817,Minor_Damage_And_Injuries,9,0.38030364226469504,2,train
4131,3,0.12870766465902,77.73,90.154968094804,12,26032.9419014836,42.3744292237443,Significant_Damage_And_Serious_Injuries,1,0.29700036062026697,2,train
6011,3,0.141031133810539,78.09,59.2980856882407,8,28135.917314679198,46.0730593607306,Highly_Fatal_And_Damaging,3,0.364796970789758,2,train
1106,5,0.0235713550866848,77.55,56.7000911577028,6,34371.8627634336,62.0091324200913,Minor_Damage_And_Injuries,19,0.6724060584204828,3,train
10539,2,0.5201902304072461,88.48,69.00638103919779,11,38384.4318243461,68.7214611872146,Significant_Damage_And_Fatalities,15,0.37309123692751506,4,train
9208,6,0.0053353160716145,79.37,53.783044667274396,17,23007.8887592863,47.899543378995396,Significant_Damage_And_Serious_Injuries,22,0.437642264695276,0,train
1680,6,0.007654088910414509,79.2,82.9079307201459,18,32328.2199170687,24.8858447488584,Significant_Damage_And_Serious_Injuries,9,0.337750450775333,2,train
1596,7,0.00157999699052863,78.4,68.5050136736554,11,20061.5449045476,35.7077625570776,Highly_Fatal_And_Damaging,7,0.24759538406058398,1,train
10595,7,0.0023784050751280397,76.92,72.0145852324522,15,25158.3121080831,43.972602739726,Minor_Damage_And_Injuries,11,0.30998269022719105,1,train
1289,4,0.0422835255042087,78.7,74.24794895168641,16,23049.1459255511,18.7214611872146,Highly_Fatal_And_Damaging,1,0.23894049765596803,2,train
9010,4,0.05994597155975,76.61,68.003646308113,9,32800.8368678312,65.0228310502283,Minor_Damage_And_Injuries,0,0.24002235845654502,2,train
1422,5,0.0203538907847209,82.92,76.8915223336372,11,29213.278125625402,58.2648401826484,Minor_Damage_And_Injuries,7,0.426823656689506,1,train
9099,1,1.1418573845188,76.88,71.7866909753874,16,31038.901790292202,16.5296803652968,Highly_Fatal_And_Damaging,0,0.398695275874504,4,train
4840,2,0.582155821255315,75.33,70.1002734731085,12,43310.601476650496,53.8812785388128,Minor_Damage_And_Injuries,11,0.354699603317706,0,train
396,5,0.0227672349062548,81.89,52.3245214220602,15,35275.1736500642,43.47031963470321,Highly_Fatal_And_Damaging,7,0.4686556076451501,1,train
3833,4,0.0680573980642769,85.53,50.7748404740201,11,37212.1921502745,34.5662100456621,Significant_Damage_And_Fatalities,6,0.481277316985214,2,train
117,3,0.0945616410103572,76.74,62.5341841385597,20,19136.2788759055,17.351598173516,Significant_Damage_And_Serious_Injuries,12,0.276805625676163,2,train
11303,4,0.0392372027056285,85.04,71.8322698268004,17,21536.2194666649,15.707762557077599,Highly_Fatal_And_Damaging,0,0.315752614496934,2,train
3391,6,0.00644871247685485,78.58,70.0091157702826,15,27480.0655746523,31.9634703196347,Significant_Damage_And_Serious_Injuries,7,0.33306238730616605,3,train
4531,6,0.007672060965200609,76.13,64.4029170464904,14,33138.5437445535,58.9954337899543,Significant_Damage_And_Fatalities,8,0.462525063108547,2,train
5825,2,0.35682265469168,77.34,77.98541476754791,11,26430.500959507,36.164383561643795,Highly_Fatal_And_Damaging,3,0.25084096646231496,1,train
7855,7,0.0034714018958536103,77.63,74.9316317228806,12,37119.543380037205,29.8630136986301,Highly_Fatal_And_Damaging,6,0.22920375045077498,2,train
10001,4,0.0217637427833155,79.72,62.0328167730173,20,12598.3641491423,27.1232876712329,Minor_Damage_And_Injuries,2,0.452067075369635,2,train
11995,1,1.2581610297204,80.99,77.073837739289,11,34239.8497938214,57.71689497716889,Minor_Damage_And_Injuries,4,0.232449332852506,0,train
6307,4,0.0707412082678978,81.2,49.863263445761206,19,38634.4918369471,9.31506849315068,Significant_Damage_And_Fatalities,9,0.362272628921745,1,train
10800,3,0.131214852950511,80.12,58.6144029170465,15,26210.1922272661,54.7488584474886,Significant_Damage_And_Fatalities,3,0.219467003245582,1,train
6052,2,0.45949541165729707,77.49,67.4111212397448,14,33848.1611167429,48.2648401826484,Minor_Damage_And_Injuries,2,0.300606563288856,2,train
1507,2,0.579515445156363,77.03,66.9553327256153,12,42734.061309104196,53.8812785388128,Minor_Damage_And_Injuries,7,0.302770284890011,2,train
8286,6,0.0102550034172396,80.55,56.19872379216039,14,39646.0018104717,23.0593607305936,Highly_Fatal_And_Damaging,15,0.36263324918860396,3,train
2440,7,0.00135636474701727,78.65,82.0875113947128,13,14957.1522640326,29.1324200913242,Highly_Fatal_And_Damaging,10,0.268871979805265,2,train
6531,3,0.194627896518072,83.73,53.600729261622604,13,39380.291354963796,41.2785388127854,Minor_Damage_And_Injuries,17,0.548713306887847,2,train
5495,2,0.592942659255445,77.8,52.68915223336371,6,44097.24315896651,63.105022831050206,Minor_Damage_And_Injuries,12,0.366960692390912,1,train
1554,4,0.0529759992897854,81.03,92.3883318140383,15,28994.8333817836,22.0547945205479,Highly_Fatal_And_Damaging,7,0.18520807789397797,1,train
9175,3,0.19142620910584804,84.92,70.8751139471286,13,38405.2090260466,38.584474885844706,Significant_Damage_And_Serious_Injuries,5,0.30745834835917796,1,train
3838,1,1.0886984822425798,79.0,66.22607110300821,8,29433.300719752202,46.027397260274,Highly_Fatal_And_Damaging,8,0.572514244500541,2,train
2891,3,0.0807340349465771,76.75,77.3473108477666,19,15865.8721701261,20.5022831050228,Significant_Damage_And_Serious_Injuries,2,0.35578146411828293,1,train
10995,6,0.0121013358844603,78.93,71.8778486782133,13,53323.6708564959,40.3196347031963,Significant_Damage_And_Serious_Injuries,13,0.35542084385142403,1,train
9426,4,0.0520195059207914,83.08,55.9708295350957,13,28454.4613989612,38.0365296803653,Minor_Damage_And_Injuries,2,0.585496574107465,2,train
315,4,0.0266542637449122,80.12,65.8614402917047,16,15301.251956966202,19.954337899543397,Highly_Fatal_And_Damaging,4,0.399416516408222,2,train
12495,3,0.18639385316730397,79.43,92.616226071103,9,37268.6477821181,40.7762557077626,Highly_Fatal_And_Damaging,1,0.22379444644789004,1,train
983,3,0.121638567542421,79.56,59.7082953509572,14,24784.549688901898,36.7579908675799,Significant_Damage_And_Serious_Injuries,10,0.40771078254597903,3,train
1609,7,0.00400200391853314,80.21,77.02825888787599,10,45031.0840390284,38.2648401826484,Highly_Fatal_And_Damaging,1,0.324768121168409,2,train
11354,2,0.480311362723386,77.27,38.9699179580674,14,35589.593621627406,59.4063926940639,Highly_Fatal_And_Damaging,9,0.7856408222142092,2,train