Accident_ID,Accident_Type_Code,Adverse_Weather_Metric,Cabin_Temperature,Control_Metric,Days_Since_Inspection,Max_Elevation,Safety_Score,Severity,Total_Safety_Complaints,Turbulence_In_gforces,Violations,source
8968,4,0.0423891336784103,78.2,69.5533272561531,10,23275.652222331402,73.5159817351598,Significant_Damage_And_Fatalities,19,0.246874143526866,2,train
9396,1,1.1843343933899901,83.36,64.9954421148587,20,32394.7045379385,4.65753424657534,Highly_Fatal_And_Damaging,8,0.45891886043995594,2,train
1925,4,0.0613438548147005,78.27,72.151321786691,6,33425.2255805168,50.136986301369895,Highly_Fatal_And_Damaging,3,0.308900829426614,1,train
11016,2,0.429534515417133,82.2,57.247037374658206,10,31738.5463084419,63.698630136986296,Minor_Damage_And_Injuries,12,0.538615939415795,1,train
6271,2,0.32022960837060305,80.77,65.1321786690975,12,23768.2796029631,44.337899543379,Significant_Damage_And_Serious_Injuries,1,0.330538045438154,3,train
6222,3,0.163199733689906,80.23,49.2707383773929,14,32732.6183611824,25.8904109589041,Significant_Damage_And_Fatalities,1,0.438002884962135,1,train
7099,7,0.00399140734965052,78.55,60.665451230628996,12,45795.5029606522,42.283105022831,Significant_Damage_And_Serious_Injuries,18,0.35361774251712896,3,train
5885,4,0.0966766638812981,80.98,58.0674567000912,10,50314.7204576381,39.8173515981735,Highly_Fatal_And_Damaging,18,0.434396682293545,3,train
8941,5,0.0199277151957828,76.37,30.7201458523245,12,29067.5618479554,44.0182648401826,Minor_Damage_And_Injuries,6,0.820260367832672,4,train
7990,3,0.217998520668368,76.53,70.464904284412,16,44556.1666064992,30.3196347031963,Significant_Damage_And_Serious_Injuries,5,0.39472845293905495,2,train
6419,2,0.462514456126825,82.67,93.66453965360078,12,34177.244084915,56.027397260274,Minor_Damage_And_Injuries,2,0.17655319148936105,3,train
11186,5,0.0227520656738623,80.75,78.5779398359162,9,34578.1339583837,54.7488584474886,Significant_Damage_And_Serious_Injuries,9,0.311064551027768,2,train
6300,1,1.2036414840358702,87.65,55.3783044667274,12,32919.0524774902,30.3196347031963,Significant_Damage_And_Fatalities,5,0.253004688063469,1,train
2752,5,0.0188573942980396,81.2,69.1431175934367,12,28510.1224862741,42.191780821917796,Significant_Damage_And_Serious_Injuries,2,0.32008005769924297,3,train
8083,4,0.0556296473123615,77.29,63.30902461257979,17,30477.319081756603,13.789954337899498,Highly_Fatal_And_Damaging,12,0.251922827262892,2,train
6773,4,0.0664512614802825,77.67,50.1823154056518,11,36010.8964759583,35.205479452054796,Significant_Damage_And_Fatalities,12,0.484522899386945,3,train
406,6,0.009234319901736971,80.05,89.24339106654509,8,35640.052334414504,57.1689497716895,Significant_Damage_And_Serious_Injuries,5,0.25985647313379,1,train
10407,1,1.55274182690122,78.52,64.35733819507749,19,42453.4527180898,18.904109589041102,Significant_Damage_And_Serious_Injuries,8,0.337389830508475,1,train
11959,4,0.0620379742960961,80.61,73.9744758432088,8,33892.7702492079,44.84018264840179,Highly_Fatal_And_Damaging,10,0.339553552109629,1,train
174,5,0.0330801193794526,79.22,70.60164083865091,19,48367.5893217614,31.1872146118721,Minor_Damage_And_Injuries,38,0.339914172376487,1,train
10224,7,0.00226741238790717,81.82,57.0191431175934,21,25229.7819974548,19.1780821917808,Highly_Fatal_And_Damaging,0,0.37597619906238705,1,train
1935,4,0.0455923069020736,82.12,76.9371011850502,15,25245.6347673321,20.3196347031963,Highly_Fatal_And_Damaging,8,0.28437865128020196,2,train
5652,2,0.346527327910913,75.71,68.003646308113,15,25598.804538292003,44.4292237442922,Minor_Damage_And_Injuries,2,0.24002235845654502,0,train
8510,2,0.35709460651991903,78.06,46.080218778486795,9,26365.8261288618,40.6392694063927,Significant_Damage_And_Fatalities,6,0.40807140281283794,4,train
11783,6,0.00841764201499157,77.91,63.90154968094811,17,34422.3971922439,16.5296803652968,Highly_Fatal_And_Damaging,29,0.37958240173097707,3,train
627,7,0.00360683476794685,81.8,45.2597994530538,10,36969.1983790329,61.5068493150685,Highly_Fatal_And_Damaging,5,0.47839235485034204,1,train
5598,2,0.48294237169226506,79.22,44.8951686417502,13,35508.1831470116,27.442922374429198,Significant_Damage_And_Fatalities,1,0.409874504147133,3,train
10848,3,0.164830368934041,80.06,76.8003646308113,14,33319.453887057796,25.296803652968002,Highly_Fatal_And_Damaging,3,0.24290732059141698,3,train
7159,2,0.339470394778478,79.8,71.7866909753874,20,25114.395402466,27.4885844748858,Minor_Damage_And_Injuries,3,0.44665777136675106,2,train
1351,3,0.150239798754167,84.48,63.8559708295351,12,30580.7516297544,42.191780821917796,Significant_Damage_And_Serious_Injuries,0,0.302770284890011,4,train
8671,7,0.00329233679584091,83.58,66.6818596171377,22,33784.9537224768,29.9543378995434,Significant_Damage_And_Fatalities,0,0.30637648755860103,1,train
6946,6,0.006099969548080461,76.98,76.5724703737466,17,25045.593970414,27.8995433789954,Significant_Damage_And_Serious_Injuries,6,0.265987017670393,2,train
2120,1,0.832143765453817,81.88,65.587967183227,14,22730.4709071459,25.1598173515982,Highly_Fatal_And_Damaging,11,0.236776776054814,0,train
5439,1,1.1830452678624899,80.03,65.1321786690975,16,32562.577235293702,42.283105022831,Minor_Damage_And_Injuries,7,0.329095564370718,3,train
4425,3,0.147082418871215,79.4,62.807657247037405,18,29457.1314157155,21.9178082191781,Significant_Damage_And_Serious_Injuries,13,0.330898665705012,2,train
8549,3,0.0984961040817364,77.58,68.869644484959,20,20059.3847114503,15.753424657534199,Significant_Damage_And_Serious_Injuries,28,0.267429498737829,2,train
9024,1,1.05500303749009,79.94,63.90154968094811,17,28677.9558577841,15.4337899543379,Highly_Fatal_And_Damaging,2,0.401580238009376,3,train
10554,1,0.9051847038624209,82.02,56.563354603464,11,24420.713003042,36.027397260274,Significant_Damage_And_Fatalities,14,0.475507392715471,3,train
11234,2,0.5510408050069999,77.78,70.0091157702826,17,40744.7030223456,50.0456621004566,Significant_Damage_And_Fatalities,14,0.354699603317706,1,train
4416,1,2.0484904799918704,76.85,62.2607110300821,13,55683.7444753324,28.9041095890411,Highly_Fatal_And_Damaging,4,0.38390984493328495,1,train
4994,1,0.685290136584357,81.49,63.5824977210575,17,19243.133090562398,38.0365296803653,Minor_Damage_And_Injuries,2,0.32080129823296005,3,train
5560,2,0.553503805823988,79.07,75.38742023701,14,41118.8952653631,48.310502283105,Minor_Damage_And_Injuries,8,0.395810313739632,1,train
3482,3,0.15878504252787198,80.23,56.7456700091158,13,32044.556375918197,40.7762557077626,Minor_Damage_And_Injuries,19,0.548713306887847,3,train
405,6,0.00623447084626441,79.12,77.93983591613491,13,23807.854178782203,40.3196347031963,Significant_Damage_And_Serious_Injuries,15,0.249759105661738,1,train
10241,6,0.010121604078669001,78.74,76.7547857793984,17,42138.1904119064,26.2557077625571,Significant_Damage_And_Serious_Injuries,4,0.30709772809231894,3,train
12160,3,0.19741451870446697,83.97,69.64448495897899,13,39759.020002548,50.50228310502279,Minor_Damage_And_Injuries,13,0.425020555355211,3,train
2346,5,0.0313585716185308,78.49,64.35733819507749,9,46418.3805063549,64.8401826484018,Minor_Damage_And_Injuries,0,0.448460872701046,2,train
192,3,0.112244853314345,77.3,61.212397447584294,10,22475.1258704004,48.7214611872146,Significant_Damage_And_Serious_Injuries,1,0.368042553191489,2,train
5614,7,0.00262759331216413,83.92,56.7000911577028,6,31827.6148641008,62.648401826484005,Minor_Damage_And_Injuries,1,0.495702127659574,1,train
8305,4,0.0928046600866946,83.64,57.8851412944394,15,52249.610146137195,34.474885844748805,Significant_Damage_And_Serious_Injuries,23,0.508323836999639,2,train
361,7,0.00230004418283243,79.72,67.0464904284412,1,25135.8514798608,58.4931506849315,Significant_Damage_And_Serious_Injuries,20,0.409513883880274,2,train
5636,4,0.05298780403596,76.64,65.67912488605289,11,29234.3163901548,33.1963470319635,Highly_Fatal_And_Damaging,2,0.368042553191489,0,train
8226,7,0.0038460374795458,77.94,75.75205104831359,13,43771.0964842182,62.6940639269406,Significant_Damage_And_Fatalities,16,0.33306238730616605,2,train
5044,7,0.00273357546202374,77.62,63.5369188696445,13,28451.0147010119,64.20091324200911,Significant_Damage_And_Fatalities,7,0.5130119004688061,1,train
10315,7,0.0020601739139869,86.4,60.57429352780311,10,21530.9638754351,72.9223744292237,Significant_Damage_And_Fatalities,19,0.36732131265777096,2,train
1199,6,0.00821422374383652,80.96,72.7894257064722,12,31603.8816790219,44.0639269406393,Significant_Damage_And_Serious_Injuries,4,0.273560043274432,2,train
12190,3,0.168586748894355,79.9,81.9051959890611,10,33729.9660574611,48.6301369863014,Significant_Damage_And_Serious_Injuries,2,0.226679408582762,4,train
9092,5,0.0331848565099239,79.3,73.6554238833182,9,49233.348705214405,64.5662100456621,Minor_Damage_And_Injuries,14,0.335947349441038,1,train
9025,5,0.0247342686946216,81.79,51.2306289881495,15,36354.4884269448,44.0639269406393,Highly_Fatal_And_Damaging,7,0.6330984493328521,2,train
10608,7,0.00290241121216763,76.37,66.22607110300821,14,31652.7562487891,58.7214611872146,Significant_Damage_And_Fatalities,7,0.423217454020916,2,train
9977,3,0.18250220288498104,83.1,61.5770282588879,7,36841.5011117076,61.232876712328796,Significant_Damage_And_Serious_Injuries,2,0.38030364226469504,2,train
4470,3,0.200329336130819,78.54,73.1540565177758,14,40147.9702892872,38.7214611872146,Significant_Damage_And_Serious_Injuries,9,0.317916336098088,2,train
3278,1,1.82919128625319,80.2,35.9161349134002,14,49433.5375323875,36.027397260274,Minor_Damage_And_Injuries,3,0.5631381175622071,3,train
9961,2,0.7414782931591322,79.97,50.957155879671895,19,57472.2115284175,30.776255707762605,Highly_Fatal_And_Damaging,2,0.527076090876307,2,train
12157,1,0.387799082295146,79.21,51.8231540565178,10,10730.4301304362,38.9954337899543,Significant_Damage_And_Fatalities,17,0.540058420483231,4,train
5965,6,0.007581612352230821,84.15,60.300820419325504,14,30262.442886275097,36.712328767123296,Significant_Damage_And_Serious_Injuries,3,0.243989181391994,2,train
5962,4,0.0392842404749492,81.76,66.22607110300821,12,21762.6987765703,32.511415525114195,Highly_Fatal_And_Damaging,5,0.6107399927875939,3,train
4579,1,1.0826987518548299,81.82,91.11212397447581,18,29801.506524573102,22.8310502283105,Significant_Damage_And_Serious_Injuries,22,0.351814641182834,0,train
6156,3,0.11368453220176801,79.51,81.4038286235187,16,22753.313252124502,30.9132420091324,Significant_Damage_And_Serious_Injuries,2,0.24218608005769898,0,train
1882,1,1.7872888721267501,77.37,44.758432087511395,13,48855.489824051605,28.9041095890411,Significant_Damage_And_Fatalities,2,0.687191489361702,2,train
8784,4,0.0623374264236487,79.64,69.18869644484961,8,33766.1821180728,46.027397260274,Highly_Fatal_And_Damaging,3,0.6756516408222141,2,train
4502,5,0.0309501756806459,77.71,50.7748404740201,15,45760.7560852147,43.698630136986296,Highly_Fatal_And_Damaging,7,0.645720158672917,2,train
11120,6,0.00869067328026623,75.68,64.2206016408387,16,36742.9903189402,31.0958904109589,Significant_Damage_And_Serious_Injuries,5,0.462525063108547,3,train
8609,6,0.0105864665990747,79.04,80.6745670009116,10,43136.2535286232,50.50228310502279,Significant_Damage_And_Serious_Injuries,0,0.24002235845654502,3,train
3362,3,0.21159615197315498,80.75,69.9635369188697,14,42630.26184936,38.767123287671204,Significant_Damage_And_Serious_Injuries,22,0.38066426253155394,2,train
10564,3,0.15149360081567903,79.57,73.70100273473109,10,30361.873105802402,48.4474885844749,Significant_Damage_And_Serious_Injuries,6,0.37020627479264295,2,train
5169,7,0.0023244458703826198,75.61,87.23792160437559,7,26960.231513311002,82.23744292237441,Significant_Damage_And_Fatalities,11,0.28509989181392,0,train
12170,6,0.005557064300178999,79.43,62.2607110300821,9,22564.437202318102,76.62100456620999,Significant_Damage_And_Fatalities,1,0.461803822574828,3,train
1731,2,0.592942659255445,80.27,75.2962625341842,16,43972.097174903,41.324200913242,Minor_Damage_And_Injuries,1,0.312867652362062,1,train
7988,3,0.18127256401021696,78.05,74.65815861440291,11,36295.1033532213,47.5799086757991,Significant_Damage_And_Serious_Injuries,10,0.28509989181392,1,train
1864,6,0.00367858356276741,78.03,77.98541476754791,11,14955.1363680224,46.1643835616438,Significant_Damage_And_Serious_Injuries,3,0.363354489722322,1,train
11229,4,0.0607198408414015,86.58,61.485870556062004,9,33184.1078820385,41.0958904109589,Highly_Fatal_And_Damaging,11,0.352535881716553,1,train
492,4,0.0575073942485794,79.51,77.52962625341841,7,31078.8333618556,48.2648401826484,Highly_Fatal_And_Damaging,11,0.207205914172377,3,train
2473,4,0.0732355607136367,77.95,51.9143117593437,17,39522.7931084241,24.8858447488584,Minor_Damage_And_Injuries,0,0.507241976199062,3,train
1836,6,0.0065306456156929,78.33,45.3965360072927,10,27780.3160869946,50.1826484018265,Minor_Damage_And_Injuries,4,0.476589253516048,3,train
4796,6,0.007545438471834629,76.18,72.8805834092981,16,29311.5725785883,31.0958904109589,Significant_Damage_And_Serious_Injuries,7,0.351814641182834,4,train
10906,2,0.319962377604897,80.84,67.4111212397448,10,23787.7963047131,61.324200913241995,Minor_Damage_And_Injuries,9,0.24543166245943,3,train
907,6,0.00914579273394588,76.8,80.0364630811304,16,33323.2909885593,41.324200913242,Minor_Damage_And_Injuries,2,0.23425243418680103,1,train
4392,4,0.083610549525106,80.53,54.147675478577995,19,45290.8837505859,22.8767123287671,Minor_Damage_And_Injuries,7,0.592348359177785,3,train
6791,4,0.0888961552082543,80.24,45.3965360072927,10,48400.6194864647,50.9132420091324,Minor_Damage_And_Injuries,0,0.727941579516768,2,train
1187,2,0.426934615801289,77.17,85.278030993619,10,31396.950082081497,62.1917808219178,Minor_Damage_And_Injuries,6,0.35109340064911604,3,train
3129,2,0.339886381510903,78.83,72.4247948951687,18,25114.395402466,36.4383561643836,Minor_Damage_And_Injuries,1,0.35109340064911604,2,train
4508,2,0.374206789143652,83.76,52.415679124886104,15,27654.2850151467,34.8401826484018,Minor_Damage_And_Injuries,3,0.629852866931121,3,train
7185,3,0.189062380253031,77.93,75.8887876025524,18,37964.288088699905,24.8858447488584,Significant_Damage_And_Serious_Injuries,7,0.22956437071763397,2,train
11903,2,0.279104058078208,77.01,58.6599817684595,20,20737.020881289798,41.689497716895,Significant_Damage_And_Fatalities,9,0.284739271547061,1,train
7489,4,0.0501829965944103,78.39,55.6061987237922,5,27384.8076695731,66.8036529680365,Minor_Damage_And_Injuries,9,0.300967183555716,1,train
8991,4,0.0481186113732843,77.73,90.154968094804,12,26032.9419014836,42.328767123287705,Significant_Damage_And_Serious_Injuries,1,0.28690299314821505,1,train
525,2,0.509526604628516,81.6,50.820419325432994,14,37572.3349371428,46.8493150684931,Highly_Fatal_And_Damaging,3,0.618313018391633,3,train
8202,4,0.0673084209630457,76.35,57.748404740200606,18,36896.7612819041,46.894977168949794,Significant_Damage_And_Fatalities,0,0.356502704652002,3,train
3669,2,0.33855966784126096,75.14,69.4165907019143,16,25016.3637851441,40.091324200913206,Minor_Damage_And_Injuries,5,0.337389830508475,2,train
10420,2,0.653318296764309,79.94,80.2643573381951,10,48139.7159902045,63.6529680365297,Minor_Damage_And_Injuries,0,0.297721601153985,0,train
3424,4,0.0609647807572276,77.35,58.933454876937105,15,33651.5805229688,33.287671232876704,Significant_Damage_And_Serious_Injuries,2,0.399055896141363,1,train
2160,4,0.0867471686429157,79.07,70.1458523245214,17,47182.814607408094,13.698630136986301,Highly_Fatal_And_Damaging,34,0.23064623151821104,1,train
1433,4,0.0568993839144786,76.44,76.02552415679129,20,31531.7961960508,4.93150684931507,Highly_Fatal_And_Damaging,1,0.309622069960331,2,train
6719,7,0.0027663663365077897,78.61,58.20419325433001,20,28451.0147010119,28.949771689497698,Significant_Damage_And_Fatalities,13,0.554122610890732,2,train
3132,1,0.9938911411849691,82.53,61.7593436645397,14,27108.1286016377,25.8447488584475,Highly_Fatal_And_Damaging,3,0.32224377930039694,1,train
10319,5,0.0309501756806459,80.64,62.7164995442115,14,45881.8023814062,58.9954337899543,Significant_Damage_And_Fatalities,7,0.317916336098088,2,train
1927,2,0.42635288133115595,76.86,56.6545123062899,17,31546.4382673113,38.401826484018294,Minor_Damage_And_Injuries,23,0.404104579877389,1,train
11764,4,0.0193619574602432,77.9,47.9033728350046,18,11063.868047830501,10.6392694063927,Significant_Damage_And_Fatalities,6,0.54402524341868,2,train
10771,6,0.009890656392419959,79.83,65.587967183227,8,40754.718327522794,56.62100456620999,Significant_Damage_And_Serious_Injuries,6,0.318276956364948,0,train
1495,5,0.00451160449111055,79.23,72.24247948951691,9,5573.652213293571,64.5662100456621,Minor_Damage_And_Injuries,14,0.41420194734944105,2,train
5014,4,0.0847856393439959,78.59,57.8851412944394,15,46047.5076270262,22.328767123287697,Highly_Fatal_And_Damaging,27,0.46757374684457303,1,train
9213,3,0.13041566373018199,80.35,62.6709206927985,17,26274.692889461498,26.1643835616438,Significant_Damage_And_Serious_Injuries,0,0.400498377208799,2,train
3408,4,0.0178040949925781,80.13,52.5524156791249,11,5142.286073104389,37.5799086757991,Significant_Damage_And_Fatalities,6,0.629852866931121,2,train
3493,6,0.00574876068558583,79.56,65.0865998176846,5,22248.3350362665,93.78995433789949,Significant_Damage_And_Fatalities,0,0.339553552109629,3,train
2290,3,0.0714622900944116,78.23,61.5770282588879,15,14797.071153236799,32.100456621004604,Significant_Damage_And_Serious_Injuries,19,0.48596538045438104,3,train
4641,4,0.0693300746864775,80.37,59.2980856882407,10,38050.4413138882,39.2694063926941,Highly_Fatal_And_Damaging,3,0.334865488640461,2,train
12278,1,0.7410000858734129,77.75,51.5952597994531,17,20061.6577544012,15.296803652967998,Significant_Damage_And_Fatalities,8,0.44485467003245505,1,train
156,4,0.0392021889100851,81.74,72.8805834092981,11,21620.8716439398,33.8812785388128,Highly_Fatal_And_Damaging,6,0.336668589974756,1,train
3001,6,0.0012063587479691099,82.01,55.9708295350957,11,4866.798542125829,57.260273972602704,Highly_Fatal_And_Damaging,7,0.409153263613415,2,train
7004,5,0.0266123032873258,78.02,59.252506836827706,18,38017.7118627644,12.4657534246575,Highly_Fatal_And_Damaging,9,0.39148287053732395,2,train
7733,3,0.197770829155602,81.72,53.96536007292621,8,39488.301465335695,46.5753424657534,Significant_Damage_And_Fatalities,10,0.605691309051569,3,train
4515,6,0.009819602798823691,80.96,65.1321786690975,12,38801.3690549755,44.5205479452055,Significant_Damage_And_Serious_Injuries,3,0.364796970789758,1,train
7215,3,0.223615476753343,78.73,64.5396536007293,19,45004.8195801942,18.7214611872146,Significant_Damage_And_Serious_Injuries,8,0.34171727371078203,0,train
8579,4,0.0561870785595682,81.31,61.6226071103008,7,30372.7583025121,48.6301369863014,Highly_Fatal_And_Damaging,2,0.4261024161557879,1,train
10610,2,0.33878977989692605,86.56,76.6180492251596,16,24761.256633685098,19.1780821917808,Highly_Fatal_And_Damaging,1,0.32765308330328097,4,train
6743,5,0.0198897526403846,82.11,65.5423883318141,10,31152.238667477002,62.1461187214612,Minor_Damage_And_Injuries,10,0.318276956364948,2,train
10730,3,0.119711370429235,77.78,38.787602552415706,19,23849.2248125527,20.8675799086758,Minor_Damage_And_Injuries,14,0.556646952758745,1,train
8188,3,0.132638956145098,80.98,76.5724703737466,17,26632.0129708879,25.251141552511395,Significant_Damage_And_Serious_Injuries,0,0.239661738189686,2,train
6334,3,0.0959492507511792,79.81,59.161349134001796,19,19494.8587357381,18.7214611872146,Significant_Damage_And_Serious_Injuries,1,0.48632600072124,0,train
9762,1,1.05500303749009,83.52,61.9872379216044,16,28817.1039612992,19.7716894977169,Highly_Fatal_And_Damaging,0,0.46613126577713604,1,train
2115,1,1.28056792439571,76.19,73.4275296262534,15,34544.1444583375,22.8310502283105,Highly_Fatal_And_Damaging,2,0.463246303642264,3,train
6131,2,0.234689040083959,85.19,72.151321786691,14,17090.3155124177,49.2694063926941,Minor_Damage_And_Injuries,3,0.358305805986296,1,train
1074,7,0.0032238601136394,78.09,62.07839562443029,15,33069.8621344115,32.0091324200913,Significant_Damage_And_Serious_Injuries,7,0.36119076812116796,2,train
5776,2,0.5566065946101539,79.07,77.52962625341841,15,41118.8952653631,45.433789954337904,Minor_Damage_And_Injuries,10,0.355060223584565,2,train
4924,3,0.160231707920052,81.11,80.4010938924339,12,32185.6984169855,44.9315068493151,Significant_Damage_And_Serious_Injuries,3,0.378139920663541,3,train
10029,7,0.00172068366497551,80.79,87.37465815861441,14,21790.7339062999,23.9269406392694,Highly_Fatal_And_Damaging,2,0.296279120086549,5,train
12371,5,0.0281059369478195,85.72,85.4147675478578,8,41870.0262217125,68.03652968036529,Minor_Damage_And_Injuries,0,0.43475730256040296,3,train
8676,3,0.173891473900548,81.53,65.1321786690975,12,34987.9832316897,42.328767123287705,Significant_Damage_And_Serious_Injuries,3,0.40302271907681203,0,train
6201,3,0.22568423147531,81.78,57.474931631722896,10,44882.6151076864,39.3607305936073,Highly_Fatal_And_Damaging,0,0.43583916336098,2,train
11382,6,0.00651040283031829,78.85,65.0865998176846,8,27305.7293869438,56.7579908675799,Significant_Damage_And_Serious_Injuries,4,0.339553552109629,2,train
8544,2,0.3836741210361911,82.38,68.8240656335461,11,28510.1224862741,57.260273972602704,Minor_Damage_And_Injuries,0,0.254086548864046,3,train
4812,1,0.647130362493558,75.61,79.85414767547859,6,17927.3384159879,52.283105022831,Significant_Damage_And_Serious_Injuries,24,0.27103570140641897,2,train
12375,6,0.0092353588658826,78.56,82.3154056517776,12,36929.4217155852,42.4200913242009,Significant_Damage_And_Serious_Injuries,7,0.161046520014425,1,train
6235,4,0.0750429331718821,82.25,51.4129443938013,8,41018.7515716556,44.703196347032005,Significant_Damage_And_Fatalities,11,0.527436711143166,0,train
7598,4,0.0688847896387925,79.15,40.5195989061076,8,37237.144736921204,69.8630136986301,Significant_Damage_And_Serious_Injuries,7,0.52960043274432,1,train
7597,4,0.0490314461556636,82.49,99.95442114858709,13,27009.595368617098,28.630136986301398,Highly_Fatal_And_Damaging,2,0.37092751532636103,3,train
9299,6,0.0056033729569485,81.86,72.0145852324522,13,22544.981456830497,38.584474885844706,Significant_Damage_And_Serious_Injuries,6,0.33161990623873,2,train
10157,7,0.00332737623643381,77.3,66.8641750227894,8,35468.9976035531,44.4748858447489,Highly_Fatal_And_Damaging,2,0.251201586729174,3,train
10997,3,0.15110353553781303,78.05,74.7037374658159,11,30361.873105802402,47.899543378995396,Significant_Damage_And_Serious_Injuries,9,0.33702921024161503,1,train
7120,4,0.0710959797816375,78.3,82.04193254329991,21,38634.4918369471,21.324200913242,Minor_Damage_And_Injuries,6,0.360108907320591,2,train
2666,6,0.0128097660558823,81.71,61.850501367365595,14,52513.9126928886,58.082191780821894,Significant_Damage_And_Fatalities,7,0.491014064190407,3,train
2484,7,0.0024140516354806602,78.23,88.0127620783956,16,24842.6498966652,53.287671232876704,Significant_Damage_And_Fatalities,0,0.258774612333213,2,train
7514,3,0.147077299443035,80.81,57.383773928897,13,29542.2935498954,51.232876712328796,Minor_Damage_And_Injuries,14,0.440887847097007,4,train
9883,2,0.458227397462646,77.3,55.560619872379206,13,33905.3514045601,52.2374429223744,Highly_Fatal_And_Damaging,1,0.6049700685178511,3,train
6163,2,0.373623459926084,78.84,67.4567000911577,14,27650.349575831602,47.8538812785388,Minor_Damage_And_Injuries,2,0.39833465560764497,2,train
8874,7,0.00291873197749456,77.74,56.9279854147676,4,28535.262401524702,77.3059360730594,Significant_Damage_And_Serious_Injuries,2,0.487768481788677,2,train
7501,4,0.0388511850530627,80.21,94.84958979033729,12,21267.7043733175,32.1917808219178,Highly_Fatal_And_Damaging,10,0.19278110349801603,2,train
4388,1,1.49815531093095,80.75,87.23792160437559,8,40431.3115633387,80.5936073059361,Significant_Damage_And_Fatalities,7,0.28509989181392,0,train
7531,4,0.0384517831023515,76.51,55.6973564266181,15,20862.6343445671,22.1004566210046,Significant_Damage_And_Fatalities,3,0.39292535160476,3,train
7083,1,1.0601220101462099,77.44,61.34913400182321,20,28746.8446050309,16.986301369863,Significant_Damage_And_Serious_Injuries,9,0.44305156869816104,3,train
2776,5,0.0165265950657187,79.42,74.9316317228806,19,24905.0619902748,31.689497716894998,Minor_Damage_And_Injuries,0,0.337750450775333,2,train
2068,5,0.00259797974810656,83.51,78.2588878760255,13,5573.652213293571,50.7762557077626,Minor_Damage_And_Injuries,8,0.34315975477821803,3,train
12231,3,0.0209268310262037,79.73,55.6061987237922,16,8981.315459517758,41.780821917808204,Highly_Fatal_And_Damaging,7,0.36948503425892504,1,train
10920,2,0.43780010525287205,81.66,54.557885141294406,18,32417.9301673667,33.698630136986296,Minor_Damage_And_Injuries,10,0.605691309051569,4,train
4372,6,0.0047760663608893104,85.64,70.1914311759344,11,19100.8703857173,58.584474885844706,Minor_Damage_And_Injuries,3,0.316834475297511,1,train
12239,2,0.459353706346865,83.74,68.64175022789429,15,33951.338673945,45.205479452054796,Minor_Damage_And_Injuries,1,0.251922827262892,2,train
8765,4,0.077011310665794,87.47,76.7547857793984,11,42282.7920364201,47.4885844748858,Significant_Damage_And_Serious_Injuries,9,0.292672917417959,3,train
640,2,0.300683552375606,80.35,72.0145852324522,15,22253.1682025273,44.337899543379,Minor_Damage_And_Injuries,14,0.27788748647674,2,train
1085,1,1.11090302185844,80.43,47.9033728350046,15,30380.8615154131,32.4657534246575,Minor_Damage_And_Injuries,1,0.40771078254597903,2,train
2796,7,0.0030233534603612802,78.59,69.8723792160438,8,32554.6018713331,57.3972602739726,Significant_Damage_And_Serious_Injuries,3,0.382467363865849,1,train
5151,4,0.0680573980642769,79.19,78.4867821330902,19,37616.414931202904,6.347031963470321,Highly_Fatal_And_Damaging,7,0.34243851424450106,1,train
7717,6,0.00892827044876468,81.85,72.24247948951691,11,34924.7418304277,45.79908675799089,Significant_Damage_And_Serious_Injuries,17,0.335586729174179,1,train
7314,5,0.0183426417789464,81.26,67.2743846855059,13,28222.6869817888,28.4018264840183,Highly_Fatal_And_Damaging,5,0.298803461954562,2,train
11335,2,0.519355070097568,82.73,69.5989061075661,11,38384.4318243461,58.401826484018294,Minor_Damage_And_Injuries,4,0.42141435268662103,0,train
3,4,0.0583398233039638,77.91,52.5979945305378,10,32253.3806018104,37.2146118721461,Significant_Damage_And_Fatalities,3,0.45603389830508395,1,train
8094,3,0.13544581285781299,76.0,75.432999088423,18,26734.014032412597,12.4657534246575,Highly_Fatal_And_Damaging,2,0.327292463036423,0,train
2009,5,0.0331848565099239,76.48,45.487693710118506,13,48814.08678091231,51.324200913241995,Highly_Fatal_And_Damaging,1,0.47839235485034204,2,train
7894,6,0.0112910935761171,80.03,55.834092980856894,12,45399.1945658495,56.25570776255711,Highly_Fatal_And_Damaging,3,0.320440677966102,0,train
7325,3,0.0989432469809368,75.95,69.8268003646308,13,19872.4691787797,40.86757990867579,Significant_Damage_And_Serious_Injuries,1,0.416005048683736,4,train
3727,4,0.0915074626693022,76.27,50.86599817684589,14,49288.6355066503,25.570776255707802,Significant_Damage_And_Fatalities,2,0.527076090876307,3,train
789,5,0.0284866706906088,75.33,73.70100273473109,12,42688.636920867204,53.8812785388128,Minor_Damage_And_Injuries,17,0.29483663901911306,1,train
8073,1,1.25637083671277,79.35,64.3117593436645,14,34183.351199220895,58.9954337899543,Significant_Damage_And_Fatalities,7,0.40374395961053006,1,train
10877,2,0.116198848524886,82.53,79.99088422971741,14,8232.843654717059,58.7214611872146,Significant_Damage_And_Fatalities,7,0.308900829426614,3,train