Accident_ID,Accident_Type_Code,Adverse_Weather_Metric,Cabin_Temperature,Control_Metric,Days_Since_Inspection,Max_Elevation,Safety_Score,Severity,Total_Safety_Complaints,Turbulence_In_gforces,Violations,source
4949,7,0.00325551820679858,76.86,64.17502278942571,19,34582.733162784505,41.689497716895,Significant_Damage_And_Fatalities,5,0.4185293905517489,2,train
10844,3,0.18395910365292498,78.53,74.29352780309941,15,37178.3769732465,32.8310502283105,Significant_Damage_And_Serious_Injuries,15,0.251562206996033,1,train
10660,7,0.0033245921784687397,77.0,75.75205104831359,12,36315.727010331604,29.7260273972603,Highly_Fatal_And_Damaging,1,0.36046952758745,1,train
11686,6,0.00507961089685079,80.42,72.5615314494075,14,22429.337175223198,35.0228310502283,Significant_Damage_And_Serious_Injuries,2,0.37489433826181,1,train
5982,2,0.3139417150984,76.96,63.76481312670921,16,23197.3294465658,43.3333333333333,Minor_Damage_And_Injuries,10,0.448460872701046,2,train
3688,2,0.25937755896550496,77.32,72.0145852324522,14,19525.85738177,48.4474885844749,Minor_Damage_And_Injuries,1,0.37345185719437396,2,train
2001,1,0.942924513782212,76.61,81.7684594348222,15,25520.9245281417,22.602739726027398,Highly_Fatal_And_Damaging,15,0.21658204111070997,1,train
7281,2,0.46436065937593995,77.36,79.3072014585233,10,34174.581605999396,61.324200913241995,Minor_Damage_And_Injuries,13,0.31034331049404995,2,train
10763,1,2.1761498796845,81.14,49.179580674567006,14,55934.468569702,25.9817351598173,Significant_Damage_And_Fatalities,2,0.45278831590335294,1,train
3056,4,0.0497643329463912,83.73,63.6736554238833,9,27432.9987675072,54.0639269406393,Highly_Fatal_And_Damaging,1,0.30168842408943397,3,train
2356,7,0.00353978635402655,81.84,42.023701002734704,13,37495.8584854302,61.872146118721396,Significant_Damage_And_Fatalities,7,0.445215290299315,3,train
11915,2,0.38826118548322797,78.74,72.4247948951687,17,28770.8750092367,36.4840182648402,Minor_Damage_And_Injuries,0,0.28762423368193296,2,train
10312,2,0.367490581778457,79.52,69.2342752962625,10,27234.680124837596,61.5068493150685,Minor_Damage_And_Injuries,5,0.246874143526866,3,train
10262,1,0.942297419702323,83.6,84.1385597082954,13,25820.201823365,50.365296803653,Minor_Damage_And_Injuries,0,0.29519725928597196,2,train
3233,6,0.0047760663608893104,79.14,67.4111212397448,15,17576.823227723,56.1187214611872,Significant_Damage_And_Fatalities,4,0.31034331049404995,1,train
8568,3,0.134288189902806,82.19,78.6235186873291,14,26977.613452267597,36.712328767123296,Significant_Damage_And_Serious_Injuries,0,0.39797403534078596,2,train
3052,4,0.0659522021298071,86.57,85.5970829535096,13,36065.2085271643,29.2694063926941,Highly_Fatal_And_Damaging,0,0.281133068878471,0,train
2743,7,0.0030441132408250303,76.12,45.897903372834996,19,32944.2751416848,41.415525114155294,Significant_Damage_And_Serious_Injuries,11,0.623001081860801,2,train
7025,5,0.0245406632757047,80.44,45.5332725615314,12,35903.2114970254,54.703196347032005,Highly_Fatal_And_Damaging,2,0.52238802740714,2,train
2681,1,0.6837035977052979,78.76,85.5059252506837,13,18807.983759411498,27.7168949771689,Highly_Fatal_And_Damaging,0,0.19133862243058,1,train
7168,2,0.32809530982753,78.35,76.5724703737466,12,24305.390903594598,56.62100456620999,Minor_Damage_And_Injuries,6,0.281854309412189,1,train
2985,5,0.0130313613858333,83.5,64.6308113035552,15,19433.6327994899,46.1187214611872,Minor_Damage_And_Injuries,2,0.5029145329967539,2,train
6805,2,0.38229781948811603,79.99,57.11030082041929,14,28208.2593702175,49.2237442922374,Minor_Damage_And_Injuries,6,0.372009376126938,3,train
2935,3,0.190936989659089,77.95,79.2160437556974,14,38146.3856724747,36.4383561643836,Significant_Damage_And_Serious_Injuries,6,0.21333645870898002,3,train
4673,2,0.273440189207303,83.36,82.3609845031905,10,20228.1228705605,62.328767123287705,Minor_Damage_And_Injuries,20,0.4336754417598271,3,train
9161,3,0.20312108342873397,80.66,57.9762989972653,11,41187.0679632975,45.890410958904106,Significant_Damage_And_Serious_Injuries,0,0.43259358095925005,2,train
9792,7,0.00179098046175975,78.11,65.8158614402917,13,19742.2730195278,62.328767123287705,Significant_Damage_And_Fatalities,7,0.26165957446808497,3,train
4511,4,0.0546421866657251,84.14,57.748404740200606,12,29784.7464710627,32.9223744292237,Highly_Fatal_And_Damaging,7,0.39400721240533704,2,train
6534,4,0.0015233035421831,80.03,60.6198723792161,8,10850.5497369271,54.5205479452055,Significant_Damage_And_Serious_Injuries,3,0.31863757663180603,2,train
4381,4,0.0311427687291141,82.22,78.07657247037379,18,18002.7881913085,23.6529680365297,Significant_Damage_And_Serious_Injuries,7,0.36768193292463,2,train
6911,7,0.00250158912835895,82.86,50.0,11,24079.424360651603,59.315068493150704,Significant_Damage_And_Serious_Injuries,3,0.7524637576631801,2,train
8346,2,0.41168492804541795,79.09,70.6472196900638,15,30451.566012661402,46.1187214611872,Minor_Damage_And_Injuries,3,0.30745834835917796,1,train
5337,2,0.4244823581168529,83.57,46.353691886964505,18,31355.613492598197,34.0182648401826,Highly_Fatal_And_Damaging,0,0.663029931482149,1,train
12280,4,0.0320057521178953,80.64,76.8915223336372,14,17735.214441938002,23.4703196347032,Highly_Fatal_And_Damaging,0,0.28437865128020196,1,train
2880,4,0.0261055313866679,81.44,51.276207839562396,13,14367.9657224963,27.8538812785388,Significant_Damage_And_Fatalities,5,0.526354850342589,3,train
7616,7,0.00204597176580611,78.47,67.5934366453965,13,19406.5744440946,52.4657534246575,Minor_Damage_And_Injuries,11,0.256971510998918,2,train
7728,6,0.00736692430030834,79.03,73.1996353691887,11,29454.471556176803,46.894977168949794,Significant_Damage_And_Serious_Injuries,1,0.27139632167327804,1,train
3514,4,0.053751422666227004,77.79,64.6763901549681,13,29333.0700005052,64.5205479452055,Significant_Damage_And_Fatalities,19,0.23064623151821104,5,train
389,5,0.0119474272929286,76.19,65.22333637192351,8,15196.443520096398,68.7671232876712,Minor_Damage_And_Injuries,15,0.588742156509196,3,train
4995,2,0.42706926105017995,75.55,63.76481312670921,15,31546.4382673113,43.287671232876704,Minor_Damage_And_Injuries,9,0.36046952758745,2,train
6991,3,0.193090443884492,82.28,85.18687329079309,14,38768.3708037408,47.4885844748858,Minor_Damage_And_Injuries,4,0.27969058781103495,3,train
9093,4,0.0501829965944103,79.71,89.9726526891523,14,27179.0519600046,23.9269406392694,Highly_Fatal_And_Damaging,0,0.29700036062026697,2,train
8768,3,0.17078321571126004,82.31,48.49589790337279,18,34452.597870784,35.7077625570776,Highly_Fatal_And_Damaging,4,0.610018752253877,1,train
4861,2,0.38950067725705795,77.89,70.8751139471286,14,28671.295422820498,48.767123287671204,Minor_Damage_And_Injuries,7,0.38607356653443897,2,train
9485,4,0.0672593000875387,84.32,77.073837739289,13,36963.934273337996,30.0,Highly_Fatal_And_Damaging,11,0.240743598990263,3,train
9712,7,0.00358141558579445,84.85,41.5679124886053,6,40193.9641196735,93.42465753424659,Significant_Damage_And_Serious_Injuries,26,0.725777857915614,2,train
11320,1,1.71077585281461,78.64,73.83773928896991,5,45741.2045089614,54.84018264840179,Highly_Fatal_And_Damaging,0,0.36984565452578405,1,train
3273,6,0.0047760663608893104,77.91,68.91522333637201,20,18000.505628973602,4.7945205479452095,Highly_Fatal_And_Damaging,1,0.189535521096285,4,train
3837,7,0.00402538761167156,79.17,58.38650865998179,22,45714.9303141309,23.1963470319635,Minor_Damage_And_Injuries,6,0.28726361341507395,1,train
2287,4,0.0471571412717711,77.53,75.8887876025524,14,25770.4611825875,24.8401826484018,Highly_Fatal_And_Damaging,5,0.306737107825459,3,train
4599,1,0.8492890674264709,76.73,60.80218778486779,10,23171.5450883006,37.5799086757991,Highly_Fatal_And_Damaging,10,0.3705668950595021,3,train
1276,3,0.27447787565096,83.28,61.440291704649105,18,56224.4463125981,24.8401826484018,Significant_Damage_And_Serious_Injuries,33,0.36443635052289897,4,train
10542,1,1.1122169439196001,81.23,82.9079307201459,16,30415.652244997997,18.1278538812785,Highly_Fatal_And_Damaging,5,0.27103570140641897,1,train
6727,6,0.0101185628153381,81.21,82.2242479489517,13,41695.975178656,38.7214611872146,Significant_Damage_And_Serious_Injuries,6,0.4340360620266861,3,train
10654,2,0.23253948197019397,87.43,49.13400182315411,8,17182.4727749403,68.1278538812785,Highly_Fatal_And_Damaging,11,0.42249621348719796,2,train
7313,4,0.0745708540130751,84.69,66.0893345487694,18,40142.0806841499,12.9680365296804,Highly_Fatal_And_Damaging,2,0.365878831590335,3,train
1244,3,0.255142001183452,82.34,66.6362807657247,19,50882.168768630305,20.958904109589,Significant_Damage_And_Serious_Injuries,7,0.504717634331049,4,train
1687,5,0.0244657939434174,89.13,55.9252506836828,12,37014.2169525702,32.3744292237443,Significant_Damage_And_Fatalities,8,0.240382978723404,4,train
5937,3,0.19253211227734598,79.49,61.3947128532361,14,38550.1322252062,36.027397260274,Significant_Damage_And_Serious_Injuries,3,0.273560043274432,2,train
4627,2,0.7469087401266341,78.37,45.3965360072927,9,60676.860208169805,65.4337899543379,Significant_Damage_And_Serious_Injuries,37,0.725777857915614,2,train
6962,1,1.56365104590688,81.91,54.4667274384686,18,42453.4527180898,11.826484018264802,Significant_Damage_And_Fatalities,6,0.340996033177064,2,train
4229,7,0.00145443416670772,78.32,61.7593436645397,15,12758.4528479477,31.278538812785396,Significant_Damage_And_Serious_Injuries,7,0.36119076812116796,2,train
11288,3,0.159335323690078,77.62,64.4484958979034,13,32044.556375918197,41.415525114155294,Significant_Damage_And_Serious_Injuries,20,0.51878182473855,2,train
2267,6,0.00701671348954173,79.81,35.2780309936189,12,28108.6735227329,42.4200913242009,Significant_Damage_And_Serious_Injuries,19,0.705583122971511,1,train
3881,6,0.0077776895832287595,87.51,79.8997265268915,12,31058.212763556603,43.7899543378995,Significant_Damage_And_Serious_Injuries,2,0.396892174540209,1,train
4574,4,0.0648774547016707,79.17,70.7383773928897,14,35594.722894088,25.662100456620998,Highly_Fatal_And_Damaging,10,0.207205914172377,2,train
2582,3,0.0558255168288564,79.06,68.003646308113,15,10813.8493443795,34.474885844748805,Significant_Damage_And_Serious_Injuries,23,0.34568409664623106,2,train
9222,1,1.34784952706186,83.75,74.1567912488605,15,37141.6341480605,21.2785388127854,Highly_Fatal_And_Damaging,8,0.457115759105661,3,train
4410,2,0.703340359053397,76.63,68.64175022789429,11,52239.3434352204,37.2146118721461,Highly_Fatal_And_Damaging,0,0.33306238730616605,1,train
3329,6,0.00607740767699834,86.94,80.4466727438469,14,25080.5824492383,34.7488584474886,Significant_Damage_And_Serious_Injuries,6,0.30313090515687,4,train
9710,3,0.147784430513303,77.74,45.487693710118506,5,29830.851137973197,65.98173515981729,Minor_Damage_And_Injuries,12,0.48632600072124,2,train
11898,4,0.0426371192652351,75.21,60.3463992707384,11,22817.2949504869,33.7442922374429,Highly_Fatal_And_Damaging,5,0.34315975477821803,3,train
7451,4,0.0543696861900085,82.49,57.9762989972653,14,29725.9981708031,23.8356164383562,Highly_Fatal_And_Damaging,0,0.30854020915975394,2,train
8624,4,0.0488280924393362,79.89,78.8969917958068,13,27009.595368617098,27.6255707762557,Highly_Fatal_And_Damaging,2,0.39797403534078596,0,train
936,3,0.173410918167831,80.03,64.4029170464904,14,34715.2361473509,36.5753424657534,Significant_Damage_And_Serious_Injuries,10,0.462525063108547,1,train
3618,2,0.391140729739186,80.64,76.6180492251596,14,28855.418666474303,23.561643835616398,Highly_Fatal_And_Damaging,0,0.281854309412189,2,train
6409,3,0.183405433181803,81.74,44.758432087511395,15,36889.7195181602,22.7853881278539,Significant_Damage_And_Fatalities,9,0.620837360259647,1,train
11221,7,0.00426087484941131,81.1,68.003646308113,15,43635.754690978596,34.0639269406393,Significant_Damage_And_Serious_Injuries,9,0.36984565452578405,1,train
2549,5,0.0210316608109044,81.78,69.5989061075661,12,28878.395817138302,41.780821917808204,Significant_Damage_And_Serious_Injuries,9,0.37850054093040003,2,train
3766,6,0.005389074790336929,78.35,69.9635369188697,13,20520.7410460176,39.8173515981735,Significant_Damage_And_Serious_Injuries,30,0.207205914172377,4,train
7435,7,0.00282277903157932,79.97,53.1905195989061,9,31227.754214610097,54.4748858447489,Minor_Damage_And_Injuries,0,0.5631381175622071,3,train
7110,4,0.0344640314807206,82.19,62.57976298997271,15,19028.4936151418,20.1826484018265,Highly_Fatal_And_Damaging,3,0.402301478543094,4,train
8147,1,1.2229712083589799,79.21,61.7593436645397,12,33302.6143992798,31.2328767123288,Highly_Fatal_And_Damaging,14,0.472622430580599,2,train
9328,1,1.341418869718,79.81,62.6709206927985,17,36512.1429761624,14.1095890410959,Highly_Fatal_And_Damaging,1,0.477671114316625,2,train
4329,4,0.0480632914673825,76.27,51.4585232452142,14,26257.387922929902,25.9817351598173,Significant_Damage_And_Fatalities,1,0.526354850342589,3,train
8183,4,0.067317117305982,80.98,33.9562443026436,14,36889.7195181602,23.424657534246602,Significant_Damage_And_Fatalities,23,0.61939487919221,2,train
7851,2,0.3911825356711121,76.64,65.9981768459435,11,28960.8000088282,34.3835616438356,Highly_Fatal_And_Damaging,8,0.362272628921745,0,train
6606,2,0.48443043199403496,82.64,84.2752962625342,9,36027.8612723001,62.6940639269406,Minor_Damage_And_Injuries,27,0.18665055896141297,3,train
3088,4,0.0489849322409907,84.53,43.80127620783961,14,26709.191583207998,23.561643835616398,Significant_Damage_And_Fatalities,7,0.687191489361702,1,train
5999,4,0.0865139983925863,81.44,73.60984503190521,10,47147.8297247954,36.62100456621,Highly_Fatal_And_Damaging,11,0.38607356653443897,2,train
371,5,0.021602470060268,81.88,62.7164995442115,14,33138.5437445535,58.8584474885845,Significant_Damage_And_Fatalities,7,0.402301478543094,2,train
5474,6,0.00715823864903642,76.79,65.587967183227,13,30122.3193576333,38.8127853881278,Significant_Damage_And_Serious_Injuries,8,0.26815073927154703,1,train
6151,3,0.12374128673581,78.78,70.5560619872379,17,24905.0619902748,26.1643835616438,Significant_Damage_And_Serious_Injuries,0,0.33125928597187204,3,train
3324,5,0.0228367689591343,79.54,88.6052871467639,12,33601.5718975099,55.9817351598173,Minor_Damage_And_Injuries,0,0.27500252434186795,1,train
10968,7,0.0033339249750162,80.16,85.0957155879672,13,35377.2441941688,52.55707762557079,Minor_Damage_And_Injuries,5,0.269953840605842,1,train
11638,7,0.00357842530993307,78.49,66.6818596171377,13,37949.724386183996,30.1826484018265,Highly_Fatal_And_Damaging,8,0.35542084385142403,1,train
9807,5,0.0154811954456512,76.28,64.4940747493163,6,22484.6223323146,75.296803652968,Minor_Damage_And_Injuries,7,0.331980526505589,5,train
2943,4,0.0586465282610382,78.37,49.0884229717411,15,32429.458723446,20.2283105022831,Significant_Damage_And_Fatalities,2,0.641753335737468,2,train
391,4,0.0688120785579381,79.31,70.464904284412,7,37266.7647637815,49.6803652968036,Highly_Fatal_And_Damaging,3,0.25841399206635396,3,train
3078,2,0.42155653512292696,79.89,49.2707383773929,11,31187.3406270671,68.9954337899543,Highly_Fatal_And_Damaging,10,0.251201586729174,2,train
7573,4,0.0817928467836764,82.82,57.2926162260711,8,44444.642388080705,46.5753424657534,Highly_Fatal_And_Damaging,20,0.43619978362784007,1,train
9524,3,0.162844235963404,77.98,61.2579762989973,17,32785.6459081019,27.397260273972602,Significant_Damage_And_Serious_Injuries,0,0.48632600072124,0,train
11864,1,0.6555001130072979,78.48,78.4867821330902,17,17081.905105441598,38.0365296803653,Minor_Damage_And_Injuries,0,0.276805625676163,1,train
9949,6,0.0128953266110588,74.95,45.3965360072927,7,52783.6699929497,60.1826484018265,Minor_Damage_And_Injuries,4,0.476228633249188,1,train
374,3,0.10720324016291,80.07,82.3154056517776,6,21479.2851210825,62.739726027397296,Significant_Damage_And_Serious_Injuries,2,0.30998269022719105,3,train
4525,3,0.22023816400114898,80.62,70.7839562443026,17,44313.057976137,24.566210045662103,Significant_Damage_And_Serious_Injuries,0,0.480556076451497,2,train
5543,5,0.024785917294132,78.35,57.0191431175934,16,35495.525407636,19.4063926940639,Significant_Damage_And_Fatalities,7,0.313228272628922,2,train
3389,7,0.0014597965734335198,82.11,76.5268915223336,15,14050.4656498714,55.7534246575342,Significant_Damage_And_Fatalities,4,0.26021709340064897,3,train
489,7,0.00469611599491054,76.68,48.268003646308095,17,47882.5666610854,50.0,Significant_Damage_And_Serious_Injuries,12,0.508684457266498,1,train
11141,6,0.00348349072368721,80.35,74.4302643573382,4,12666.7712047322,58.6301369863014,Highly_Fatal_And_Damaging,2,0.4686556076451501,3,train
12362,7,0.00171823991731958,78.67,65.9981768459435,19,21725.9744764813,41.5068493150685,Significant_Damage_And_Fatalities,11,0.426823656689506,2,train
9571,4,0.0614525873393909,80.65,82.0875113947128,13,33344.0480231335,29.0867579908676,Highly_Fatal_And_Damaging,10,0.33234114677244897,0,train
4895,3,0.217998520668368,87.0,50.86599817684589,11,43786.8471432262,34.885844748858396,Significant_Damage_And_Fatalities,0,0.553401370357014,2,train
4847,4,0.0824277038157889,81.8,57.611668185961705,8,44882.6151076864,42.7853881278539,Highly_Fatal_And_Damaging,1,0.48848972232239396,2,train
10323,3,0.118532326369117,79.96,81.3582497721058,5,23758.0297826798,100.0,Significant_Damage_And_Fatalities,3,0.30313090515687,2,train
6869,3,0.147082418871215,77.02,61.485870556062004,11,29365.0114975677,46.1643835616438,Significant_Damage_And_Serious_Injuries,12,0.5703505228993871,1,train
370,1,1.2858791156290201,78.61,73.6554238833182,7,35207.228555631096,46.6666666666667,Highly_Fatal_And_Damaging,2,0.392204111071042,2,train
61,7,0.00365795623306935,79.66,64.9042844120328,18,40657.7633959541,47.5342465753425,Significant_Damage_And_Fatalities,0,0.40302271907681203,1,train
6910,1,0.44959469891974896,78.68,58.979033728350004,13,11212.8547952203,28.675799086757998,Highly_Fatal_And_Damaging,6,0.284739271547061,2,train
11163,6,0.0027925418240612302,78.08,74.0200546946217,15,9759.36233674942,45.342465753424705,Minor_Damage_And_Injuries,5,0.178356292823656,2,train
1012,2,0.234689040083959,83.74,62.7620783956244,8,17341.3048298456,70.0,Minor_Damage_And_Injuries,2,0.323325640100974,4,train
2049,5,0.0148082405234847,78.18,76.9826800364631,9,20761.9844156144,64.61187214611871,Minor_Damage_And_Injuries,14,0.36948503425892504,3,train
11103,2,0.321668685211402,79.6,68.64175022789429,7,23665.6603699134,70.5022831050228,Minor_Damage_And_Injuries,4,0.251922827262892,1,train
9848,6,0.008268865439556029,86.31,69.5533272561531,12,36468.4292231444,44.1552511415525,Significant_Damage_And_Serious_Injuries,2,0.38174612333213104,2,train
12398,4,0.0571970099697241,84.15,77.073837739289,13,31592.253491779,29.3607305936073,Highly_Fatal_And_Damaging,14,0.272838802740714,2,train
1897,2,0.489792359544856,84.72,65.9981768459435,16,36109.012871701096,30.3196347031963,Significant_Damage_And_Serious_Injuries,0,0.43547854309412204,4,train
11698,7,0.0012577203693944,79.09,70.9206927985415,10,16229.7283441618,72.46575342465749,Significant_Damage_And_Fatalities,10,0.269953840605842,3,train
6927,2,0.162877092965986,82.69,66.8641750227894,11,11938.9093113064,58.310502283105,Minor_Damage_And_Injuries,4,0.27500252434186795,1,train
3667,2,0.582155821255315,82.41,65.0410209662717,11,43203.9825103468,34.474885844748805,Highly_Fatal_And_Damaging,4,0.457115759105661,3,train
9101,3,0.185178267435191,77.34,77.02825888787599,13,37178.3769732465,38.3561643835616,Significant_Damage_And_Serious_Injuries,2,0.29447601875225393,3,train
7112,1,0.695191987332048,80.06,59.2980856882407,16,18584.990656943897,17.7168949771689,Highly_Fatal_And_Damaging,2,0.42429931482149297,1,train
8210,1,0.7996976559849308,78.54,77.4840474020055,14,21554.55213466,38.767123287671204,Significant_Damage_And_Serious_Injuries,14,0.314670753696357,1,train
1669,3,0.16082128754966898,81.27,67.18322698268001,12,32060.336418976298,44.566210045662096,Significant_Damage_And_Serious_Injuries,6,0.38354922466642605,4,train
147,6,0.00985056613714295,81.06,59.7538742023701,20,41712.9089196373,40.5479452054794,Significant_Damage_And_Fatalities,10,0.300245943021998,2,train
7761,4,0.0575081967404916,76.93,72.8805834092981,15,30938.8209970298,22.0091324200913,Highly_Fatal_And_Damaging,3,0.259135232600072,3,train
3522,1,1.54658153040591,78.75,48.5870556061987,15,42040.4447033276,22.1917808219178,Significant_Damage_And_Fatalities,12,0.61939487919221,1,train
2958,3,0.147855294184092,79.43,49.2707383773929,13,29656.9767538356,50.3196347031963,Highly_Fatal_And_Damaging,1,0.662308690948431,1,train
2344,4,0.0597560868165434,78.72,62.807657247037405,11,32722.0299055594,48.082191780821894,Significant_Damage_And_Serious_Injuries,2,0.329095564370718,3,train
2404,7,0.0024140516354806602,79.39,62.0328167730173,21,23308.3336502321,1.14155251141552,Highly_Fatal_And_Damaging,1,0.45278831590335294,2,train
4463,5,0.026629536451197002,80.71,58.02187784867821,9,40114.3609726391,54.657534246575295,Significant_Damage_And_Serious_Injuries,1,0.31214641182834496,3,train
1828,6,0.00382077314919613,77.56,48.31358249772101,12,14139.9067872575,43.972602739726,Minor_Damage_And_Injuries,9,0.4185293905517489,2,train
7827,1,1.1334592090213402,76.49,65.0865998176846,10,30918.2798878022,36.712328767123296,Highly_Fatal_And_Damaging,7,0.31358889289578,3,train
6197,6,0.00443320081094456,76.96,55.2871467639016,12,16880.6767680653,44.611872146118706,Minor_Damage_And_Injuries,14,0.420332491886044,1,train
122,5,0.0183646919990325,78.48,55.9708295350957,16,26640.109079398702,54.4292237442922,Highly_Fatal_And_Damaging,16,0.4120382257482871,2,train
12409,2,0.610441182645266,77.52,87.19234275296259,7,45084.691639685305,70.5479452054795,Minor_Damage_And_Injuries,1,0.16248900108186098,3,train
6368,2,0.440110495001411,80.98,77.848678213309,15,32538.6591268151,44.337899543379,Minor_Damage_And_Injuries,19,0.24759538406058398,2,train
5478,4,0.0311441175214931,81.97,67.0464904284412,19,18002.7881913085,8.0365296803653,Highly_Fatal_And_Damaging,20,0.39833465560764497,3,train
4524,6,0.008357925668864,79.92,70.82953509571558,15,34289.0143128188,32.8767123287671,Significant_Damage_And_Serious_Injuries,0,0.368042553191489,4,train
5503,4,0.0775419698101819,79.69,64.3117593436645,18,42500.2232326123,9.49771689497717,Highly_Fatal_And_Damaging,9,0.417086909484313,1,train
7992,2,0.404487468588732,77.99,79.5806745670009,11,29881.473065472,59.9086757990868,Minor_Damage_And_Injuries,13,0.224876307248467,2,train
806,6,0.00861890402207977,77.16,69.3254329990884,19,36997.329884366,31.1872146118721,Minor_Damage_And_Injuries,11,0.462885683375405,2,train
8070,4,0.0396756532782891,84.99,73.33637192342749,12,21651.0494588669,31.050228310502302,Highly_Fatal_And_Damaging,3,0.342799134511359,1,train
3901,3,0.070398450593241,80.12,63.947128532361,12,14139.9067872575,55.342465753424705,Minor_Damage_And_Injuries,9,0.39400721240533704,2,train
2341,4,0.0463365072382216,75.14,61.2579762989973,17,24613.548891670096,15.068493150684901,Highly_Fatal_And_Damaging,0,0.25625027046520005,1,train
6423,2,0.43780010525287205,80.97,67.86690975387421,15,32374.9519273225,45.9817351598173,Minor_Damage_And_Injuries,0,0.309261449693473,0,train
6749,3,0.160069959821759,78.29,48.31358249772101,12,32346.154299062997,42.283105022831,Minor_Damage_And_Injuries,8,0.414923187883159,2,train
12343,7,0.00238118653379434,77.97,61.6681859617138,12,25006.934761332202,65.662100456621,Significant_Damage_And_Fatalities,9,0.342799134511359,2,train
2809,4,0.0290802124759881,81.23,71.2397447584321,20,16252.900892824098,29.634703196346997,Minor_Damage_And_Injuries,4,0.37020627479264295,1,train
7390,3,0.14769240129321498,84.53,73.2452142206017,16,29660.963488358902,19.2237442922374,Highly_Fatal_And_Damaging,7,0.306015867291742,2,train
1380,4,0.0544079288215145,79.94,63.4457611668186,9,29887.2364975067,42.7853881278539,Highly_Fatal_And_Damaging,1,0.256610890732059,2,train
1079,1,1.84388606166323,79.99,78.669097538742,15,51183.882564596795,42.9680365296804,Minor_Damage_And_Injuries,8,0.338471691309052,3,train
7374,5,0.0167089995452952,79.53,39.7447584320875,13,25490.6441643368,28.9041095890411,Highly_Fatal_And_Damaging,0,0.585857194374324,2,train
7967,3,0.101519827745638,83.22,62.7620783956244,16,20295.7021182553,42.9680365296804,Minor_Damage_And_Injuries,3,0.323325640100974,1,train
596,4,0.0710959797816375,81.02,57.9762989972653,14,38817.0897087123,37.671232876712295,Significant_Damage_And_Serious_Injuries,8,0.312507032095204,1,train
1618,4,0.0392500739871597,76.44,79.03372835004559,16,21620.8716439398,17.442922374429198,Highly_Fatal_And_Damaging,9,0.34243851424450106,3,train
10575,3,0.0751392310460593,80.2,69.5989061075661,17,14625.1742357841,37.4429223744292,Minor_Damage_And_Injuries,0,0.355060223584565,4,train
1131,3,0.10448097133157701,77.27,68.9608021877849,12,20871.6060187312,42.8767123287671,Significant_Damage_And_Serious_Injuries,14,0.192059862964299,2,train
6303,4,0.0783387334083711,79.47,68.1403828623519,15,42760.6401322885,20.2283105022831,Highly_Fatal_And_Damaging,5,0.253365308330328,2,train
30,2,0.541152830444993,78.95,66.1349134001823,12,40019.496871603,55.5707762557078,Minor_Damage_And_Injuries,2,0.266347637937252,2,train
12223,7,0.00376125904569119,78.18,66.6818596171377,20,42734.061309104196,40.4109589041096,Significant_Damage_And_Fatalities,8,0.308900829426614,3,train
8973,3,0.0920649095425722,77.63,73.2907930720146,12,18110.9171033295,44.7488584474886,Significant_Damage_And_Serious_Injuries,3,0.306015867291742,3,train
3660,4,0.0597560868165434,78.94,40.4740200546946,9,32655.841930990802,52.511415525114096,Minor_Damage_And_Injuries,2,0.584775333573747,0,train
2046,7,0.00373408886789247,79.48,65.8614402917047,14,38272.3004557261,25.1141552511416,Highly_Fatal_And_Damaging,9,0.5209455463397039,2,train
2414,4,0.0453323988881035,77.9,55.6061987237922,11,24737.3367850912,47.4885844748858,Minor_Damage_And_Injuries,20,0.4856047601875229,2,train
2656,3,0.237190414799633,81.43,57.8851412944394,13,47462.7280298216,51.6438356164384,Minor_Damage_And_Injuries,5,0.41348070681572296,2,train
10389,1,1.84388606166323,78.06,57.155879671832295,9,50122.019751680804,62.7853881278539,Highly_Fatal_And_Damaging,4,0.308900829426614,3,train
3592,3,0.0941870401804358,81.98,47.7666362807658,16,18842.7886746802,29.1324200913242,Minor_Damage_And_Injuries,7,0.42970861882437794,1,train
592,3,0.10104635089353801,82.26,74.52142206016408,12,20487.8674821751,41.9178082191781,Significant_Damage_And_Serious_Injuries,4,0.363354489722322,1,train
11200,4,0.0786903089512543,84.0,82.1786690975388,13,43306.5874531553,40.684931506849296,Significant_Damage_And_Serious_Injuries,6,0.23894049765596803,1,train
2470,5,0.0184283725792126,77.36,62.07839562443029,7,26936.0955432909,71.324200913242,Highly_Fatal_And_Damaging,1,0.496423368193292,2,train
590,1,1.24112616899926,80.47,99.95442114858709,13,33737.3071201569,28.630136986301398,Highly_Fatal_And_Damaging,0,0.37236999639379703,3,train
10248,5,0.0212527753729633,80.97,72.24247948951691,15,33425.2255805168,45.0684931506849,Minor_Damage_And_Injuries,1,0.248677244861161,1,train
8536,7,0.00229566364108262,81.82,79.6718322698268,11,27158.3568595258,35.8904109589041,Highly_Fatal_And_Damaging,2,0.284739271547061,1,train
6683,2,0.517264576106437,77.72,72.6526891522334,12,38183.1809071596,44.703196347032005,Significant_Damage_And_Serious_Injuries,4,0.351454020915975,3,train
2591,7,0.00314344715318344,79.35,54.4211485870556,14,34472.083799485,60.1826484018265,Significant_Damage_And_Serious_Injuries,20,0.48993220338983,1,train