Accident_ID,Accident_Type_Code,Adverse_Weather_Metric,Cabin_Temperature,Control_Metric,Days_Since_Inspection,Max_Elevation,Safety_Score,Severity,Total_Safety_Complaints,Turbulence_In_gforces,Violations,source
4262,6,0.0077923651159030796,78.59,72.0145852324522,13,32560.290115505897,39.3607305936073,Significant_Damage_And_Serious_Injuries,17,0.335586729174179,1,train
7823,1,1.0209709235598299,88.57,91.11212397447581,15,27720.603925686402,20.3196347031963,Highly_Fatal_And_Damaging,26,0.311425171294627,3,train
9860,3,0.18259955280678303,77.38,62.625341841385605,14,36708.9095506076,35.7077625570776,Significant_Damage_And_Serious_Injuries,6,0.34532347637937205,0,train
8707,3,0.20537751032371498,76.22,64.17502278942571,15,40911.5562215339,31.369863013698602,Significant_Damage_And_Serious_Injuries,13,0.33270176703930704,3,train
2223,2,0.210346808285708,78.8,66.1804922515953,15,16029.0812385471,44.657534246575295,Minor_Damage_And_Injuries,1,0.252283447529751,2,train
3353,2,0.44445203903850605,81.93,52.82588878760261,16,32681.0756913863,29.8173515981735,Minor_Damage_And_Injuries,5,0.6385077533357371,3,train
542,4,0.0750429331718821,78.48,64.6763901549681,12,40833.4652166856,55.433789954337904,Minor_Damage_And_Injuries,8,0.38823728813559294,2,train
9500,1,1.0902659809403001,81.06,53.327256153145,14,29416.791554196698,24.2465753424658,Significant_Damage_And_Fatalities,3,0.26670825820411104,1,train
6015,4,0.0853685894709885,76.11,82.3154056517776,14,46463.2666747296,35.753424657534204,Significant_Damage_And_Serious_Injuries,2,0.19710854670032502,1,train
9592,2,0.653014214204056,81.65,61.6226071103008,14,49106.3559589155,35.0228310502283,Significant_Damage_And_Serious_Injuries,0,0.503996393797331,1,train
10855,2,0.201188155107519,77.79,77.1194165907019,12,14050.4656498714,55.5251141552511,Minor_Damage_And_Injuries,21,0.19133862243058,5,train
8407,3,0.125330620818254,81.52,52.415679124886104,18,25239.6627058985,33.515981735159805,Highly_Fatal_And_Damaging,12,0.448100252434187,1,train
12194,1,1.1636590452314899,81.39,64.94986326344579,13,31556.387280286403,27.7168949771689,Highly_Fatal_And_Damaging,54,0.4856047601875229,1,train
9545,6,0.0036023056908360703,78.14,66.1349134001823,10,14532.7383864601,48.675799086758005,Significant_Damage_And_Serious_Injuries,10,0.337750450775333,2,train
3231,4,0.0556671565499178,87.86,69.0975387420237,12,30469.2343965727,31.278538812785396,Highly_Fatal_And_Damaging,12,0.34965091958168,2,train
6431,3,0.0575890974839405,82.19,62.57976298997271,15,11809.795062478,20.1826484018265,Highly_Fatal_And_Damaging,2,0.39292535160476,3,train
11666,3,0.13743580153221802,82.27,65.4512306289882,7,27749.250888479703,60.5479452054795,Significant_Damage_And_Serious_Injuries,10,0.45134583483591795,3,train
5229,2,0.653900333012144,78.18,64.1294439380128,12,48285.8963648714,56.1187214611872,Minor_Damage_And_Injuries,13,0.448460872701046,3,train
10450,4,0.0884973764056748,77.99,54.649042844120295,12,48814.08678091231,30.7305936073059,Significant_Damage_And_Fatalities,1,0.448100252434187,2,train
9223,1,0.9560952360654379,79.78,83.54603463992709,14,25974.8427601163,25.9817351598173,Highly_Fatal_And_Damaging,3,0.35109340064911604,0,train
8066,6,0.007811180941728159,79.08,59.024612579763,16,31380.143920272796,29.9543378995434,Significant_Damage_And_Serious_Injuries,12,0.284739271547061,3,train
7270,4,0.0255570135508452,78.63,48.723792160437604,13,13118.537295639298,28.9041095890411,Significant_Damage_And_Fatalities,2,0.5209455463397039,3,train
6741,6,0.006682612232951999,86.43,76.5724703737466,17,26096.541229040602,27.8538812785388,Significant_Damage_And_Serious_Injuries,5,0.339192931842769,2,train
3154,2,0.542971582342991,79.01,64.1294439380128,14,40055.6619523624,46.98630136986301,Minor_Damage_And_Injuries,8,0.442330328164443,3,train
10519,2,0.27763754271505103,83.22,49.589790337283496,10,20204.6489775497,60.1826484018265,Highly_Fatal_And_Damaging,5,0.44413342949873796,1,train
10646,7,0.00368204558907904,76.96,67.4567000911577,10,39189.4780352356,72.32876712328759,Significant_Damage_And_Fatalities,10,0.463246303642264,2,train
3792,6,0.00715823864903642,76.13,64.3117593436645,19,30497.8886605549,31.689497716894998,Minor_Damage_And_Injuries,0,0.43547854309412204,2,train
8866,7,0.00279282307434655,77.78,61.6226071103008,14,30242.206687052203,58.9954337899543,Significant_Damage_And_Fatalities,4,0.342799134511359,3,train
12431,4,0.0492519989432694,76.85,73.746581586144,10,26902.3188154086,37.4885844748858,Highly_Fatal_And_Damaging,0,0.29123043635052304,2,train
11377,4,0.0697843616372638,81.8,58.38650865998179,8,37973.8932534499,44.84018264840179,Highly_Fatal_And_Damaging,0,0.48848972232239396,2,train
7722,6,0.00691660370224402,78.38,82.9535095715588,12,26863.378388612997,42.4200913242009,Significant_Damage_And_Serious_Injuries,10,0.31214641182834496,1,train
6077,2,0.545307675232046,82.58,41.6134913400182,11,40343.5706342527,46.5753424657534,Minor_Damage_And_Injuries,7,0.624804183195095,1,train
5223,4,0.0422835255042087,83.57,53.8742023701003,8,23360.58611145,44.566210045662096,Significant_Damage_And_Fatalities,0,0.46937684817886705,1,train
2154,6,0.010751682465482,80.01,48.9516864175023,19,42400.780100910095,21.735159817351605,Minor_Damage_And_Injuries,7,0.590545257843491,0,train
11031,6,0.00945681285940533,77.09,80.08204193254329,17,42138.1904119064,27.2602739726027,Significant_Damage_And_Serious_Injuries,18,0.30313090515687,2,train
9399,7,0.0024008732129236396,78.37,37.283500455788605,10,24626.2329864038,73.1050228310502,Significant_Damage_And_Serious_Injuries,2,0.602806346916697,2,train
9742,2,0.549198026049296,80.43,64.4029170464904,13,40840.646356118,27.945205479452,Highly_Fatal_And_Damaging,6,0.330898665705012,2,train
11567,6,0.00742835558885906,80.74,66.4995442114859,18,28793.916018702403,12.9680365296804,Highly_Fatal_And_Damaging,3,0.26815073927154703,2,train
3597,4,0.0537586126419105,78.55,61.3947128532361,13,28593.5315387977,28.538812785388103,Highly_Fatal_And_Damaging,6,0.44413342949873796,3,train
12499,2,0.44294859208894,81.79,63.126709206928,6,32702.1479935482,62.511415525114096,Significant_Damage_And_Serious_Injuries,5,0.48993220338983,3,train
8713,2,0.465273335265546,81.69,64.6308113035552,11,34310.1042592311,57.44292237442921,Minor_Damage_And_Injuries,5,0.26021709340064897,3,train
2313,2,0.412493537274305,76.35,59.9817684594348,11,30380.734554979303,36.164383561643795,Highly_Fatal_And_Damaging,1,0.26815073927154703,1,train
3840,1,1.27385195640756,77.19,72.8805834092981,13,34684.7064974376,64.4292237442922,Significant_Damage_And_Fatalities,29,0.526354850342589,2,train
4971,6,0.008917266769996341,79.42,57.474931631722896,12,36365.817710587005,55.433789954337904,Minor_Damage_And_Injuries,4,0.38174612333213104,2,train
7138,7,0.00356776833668411,79.94,52.871467639015506,21,40075.9286978829,17.7168949771689,Minor_Damage_And_Injuries,3,0.449542733501623,3,train
11137,3,0.23054495504521302,80.19,56.0619872379216,15,46367.37043288151,34.6575342465753,Minor_Damage_And_Injuries,7,0.556646952758745,2,train
1775,4,0.0350890825621048,78.63,62.807657247037405,11,18411.0289640045,48.310502283105,Significant_Damage_And_Serious_Injuries,3,0.27969058781103495,3,train
740,3,0.131340504997494,78.67,54.2844120328168,13,26385.0415378019,40.1369863013699,Minor_Damage_And_Injuries,3,0.59090587811035,2,train
4046,7,0.0029749987375546,80.37,52.9626253418414,11,33112.521853507205,36.2557077625571,Significant_Damage_And_Fatalities,4,0.322604399567255,1,train
4245,3,0.147316875425451,78.32,55.6973564266181,10,29541.1841118771,51.7808219178082,Minor_Damage_And_Injuries,2,0.5003901911287411,0,train
2589,6,0.0077672881385304,79.78,47.265268915223395,12,32655.841930990802,44.4292237442922,Minor_Damage_And_Injuries,3,0.6010032455824019,2,train
2399,1,1.2129640235634098,77.33,64.4940747493163,16,32628.119731014904,42.0547945205479,Minor_Damage_And_Injuries,1,0.274641904075009,4,train
1573,7,0.00417783879488169,79.88,62.0328167730173,23,46573.0126252267,2.64840182648402,Highly_Fatal_And_Damaging,5,0.42538117562207,2,train
8512,3,0.22240515248707898,82.57,73.60984503190521,15,44732.4311621128,31.8264840182648,Significant_Damage_And_Serious_Injuries,1,0.347126577713667,2,train
115,4,0.0722610484320384,79.66,56.6545123062899,16,39476.226303622796,16.4383561643836,Significant_Damage_And_Fatalities,15,0.416005048683736,1,train
1716,4,0.0772893482296273,86.1,69.4165907019143,8,42416.270428752796,79.634703196347,Significant_Damage_And_Fatalities,19,0.322604399567255,3,train
7584,1,0.6648704538602429,78.32,56.9279854147676,10,17085.519518908503,36.7579908675799,Significant_Damage_And_Fatalities,1,0.4906534439235479,2,train
8410,7,0.00310350464709054,78.09,68.6873290793072,18,34582.733162784505,46.894977168949794,Significant_Damage_And_Fatalities,2,0.404465200144248,1,train
5865,3,0.20645899414669397,82.12,67.8213309024613,16,41373.234884906204,29.634703196346997,Significant_Damage_And_Serious_Injuries,0,0.44593653083303203,2,train
9120,2,0.349996580988271,77.17,55.241567912488605,14,25806.0480465467,36.8493150684931,Minor_Damage_And_Injuries,2,0.48848972232239396,3,train
3032,3,0.17976101112300102,81.17,45.67000911577029,13,35977.0123074185,40.1826484018265,Minor_Damage_And_Injuries,10,0.40482582041110704,1,train
8385,3,0.11615420110310999,78.71,65.95259799453049,13,23506.5433138691,39.4520547945205,Significant_Damage_And_Serious_Injuries,3,0.262380815001803,2,train
5297,3,0.18989185232330502,75.01,68.3226982680037,15,38277.0201603213,34.6118721461187,Significant_Damage_And_Serious_Injuries,0,0.258774612333213,1,train
12073,7,0.0036868583858324397,81.57,73.6554238833182,20,36989.0802344552,27.9908675799087,Minor_Damage_And_Injuries,1,0.4120382257482871,1,train
6940,5,0.025698683704724997,79.61,74.74931631722879,18,38525.414182678396,36.4383561643836,Minor_Damage_And_Injuries,0,0.36155138838802703,2,train
9202,6,0.00997210746695892,79.03,77.073837739289,11,37541.6763730355,47.351598173515995,Significant_Damage_And_Serious_Injuries,1,0.272117562206996,1,train
761,2,0.337996374568915,81.26,62.944393801276206,16,24744.1584157867,41.324200913242,Minor_Damage_And_Injuries,4,0.358305805986296,1,train
8733,6,0.007672060965200609,78.33,76.7547857793984,11,32932.7239225323,47.9908675799087,Significant_Damage_And_Serious_Injuries,9,0.23713739632167302,2,train
8778,2,0.5233226645950301,75.29,76.9826800364631,14,38600.7994052763,48.401826484018294,Minor_Damage_And_Injuries,8,0.37850054093040003,2,train
8116,3,0.11037399040250902,80.16,49.0884229717411,13,22169.208595891498,51.324200913241995,Highly_Fatal_And_Damaging,2,0.662308690948431,2,train
8912,2,0.50266644592326,83.58,55.0136736554239,17,36933.8446810816,35.7077625570776,Highly_Fatal_And_Damaging,3,0.47911359538406,1,train
5765,1,1.3753055765073898,77.44,56.9279854147676,17,37225.9862790392,26.986301369863,Minor_Damage_And_Injuries,8,0.46613126577713604,3,train
6492,5,0.00259797974810656,80.53,49.589790337283496,11,8981.315459517758,59.4063926940639,Highly_Fatal_And_Damaging,9,0.47154056978002207,2,train
9504,7,0.0039231913300046,88.0,45.897903372834996,8,41873.4884147618,82.2831050228311,Significant_Damage_And_Serious_Injuries,13,0.6579812477461229,2,train
3554,1,1.1140409183654498,77.75,54.922515952598,13,30282.7718455263,27.671232876712303,Significant_Damage_And_Fatalities,15,0.487407861521817,4,train
3158,6,0.00699570467874823,83.29,84.8678213309025,13,26029.163262479102,41.780821917808204,Significant_Damage_And_Serious_Injuries,14,0.265987017670393,3,train
8842,3,0.21971121245500502,81.82,66.40838650866,19,44292.0072613337,20.410958904109602,Significant_Damage_And_Serious_Injuries,4,0.42177497295348,3,train
1261,5,0.0199263679642517,77.67,65.587967183227,16,30406.022230075097,43.0593607305936,Minor_Damage_And_Injuries,8,0.31358889289578,0,train
3982,1,0.770245196670641,78.4,58.979033728350004,15,20973.1227344913,21.2328767123288,Highly_Fatal_And_Damaging,0,0.219106382978723,3,train
3043,7,0.00221547154679926,76.35,63.0811303555151,19,23720.178932652598,30.7305936073059,Significant_Damage_And_Fatalities,2,0.5631381175622071,0,train
5382,4,0.0353204941879463,79.88,80.99361896080221,21,20028.1631631448,26.3470319634703,Minor_Damage_And_Injuries,15,0.25625027046520005,2,train
4284,4,0.0697014282624186,77.86,53.3728350045579,19,37715.1656897773,32.739726027397296,Highly_Fatal_And_Damaging,7,0.5425827623512439,3,train
5665,2,0.38950067725705795,79.94,69.00638103919779,11,28688.8368057289,71.2328767123288,Significant_Damage_And_Fatalities,2,0.428266137756942,3,train
10200,3,0.135850462114308,77.9,49.589790337283496,19,27487.688802433197,10.502283105022801,Highly_Fatal_And_Damaging,12,0.44593653083303203,2,train
4344,1,1.27950242269574,79.07,86.78213309024609,15,34626.8862524966,43.6529680365297,Minor_Damage_And_Injuries,2,0.3629938694554629,3,train
10880,7,0.0030233534603612802,76.23,63.719234275296294,15,36324.9430018409,46.3470319634703,Minor_Damage_And_Injuries,0,0.337389830508475,2,train
5812,6,0.00866866493725363,82.91,69.64448495897899,19,37011.9975236405,5.2054794520547905,Highly_Fatal_And_Damaging,6,0.38210674359899,2,train
9940,3,0.233867615945716,77.22,58.249772105742906,14,47462.7280298216,37.260273972602704,Significant_Damage_And_Serious_Injuries,2,0.39112225027046504,3,train
2704,7,0.00314676670034171,77.56,71.2397447584321,10,33980.6616754711,37.4885844748858,Highly_Fatal_And_Damaging,21,0.26165957446808497,2,train
12192,1,1.74715565083698,78.49,59.9817684594348,17,46987.9302589798,38.4474885844749,Minor_Damage_And_Injuries,9,0.30854020915975394,3,train
3195,2,0.6557992780136329,87.0,55.651777575205095,13,48525.8603425376,40.821917808219204,Minor_Damage_And_Injuries,2,0.44485467003245505,3,train
11623,7,0.00314344715318344,78.5,57.520510483135794,10,36159.9008773321,73.15068493150692,Significant_Damage_And_Fatalities,13,0.727941579516768,2,train
11838,3,0.162844235963404,85.97,45.7611668185962,15,32860.905764516,32.557077625570805,Minor_Damage_And_Injuries,4,0.6038882077172739,2,train
8955,4,0.0520195059207914,79.39,49.6353691886965,8,28392.914803608197,44.4748858447489,Significant_Damage_And_Fatalities,3,0.465049404976559,2,train
2784,4,0.0700961253409168,80.0,54.8313582497721,13,38735.751340973504,30.1369863013699,Significant_Damage_And_Fatalities,3,0.35758456545257894,3,train
197,2,0.528221263058296,76.14,70.3281677301732,10,39117.4599820194,61.461187214611904,Minor_Damage_And_Injuries,2,0.226679408582762,2,train
9624,3,0.20734583650022897,79.33,61.6681859617138,13,41695.975178656,38.401826484018294,Significant_Damage_And_Serious_Injuries,10,0.4902928236566889,1,train
10597,4,0.0671493086101149,80.83,73.0173199635369,15,36818.9843862443,22.7397260273973,Highly_Fatal_And_Damaging,13,0.26851135953840605,2,train
269,4,0.0670328004795129,76.63,76.6180492251596,4,36581.585133785695,77.3059360730594,Minor_Damage_And_Injuries,3,0.455673278038226,1,train
4357,1,0.894409699247168,79.22,72.3792160437557,14,24420.713003042,36.7579908675799,Significant_Damage_And_Serious_Injuries,10,0.527076090876307,2,train
4190,5,0.0330801193794526,80.19,51.00273473108479,18,48338.7786128591,36.7579908675799,Highly_Fatal_And_Damaging,8,0.584054093040028,4,train
7481,1,1.04600375319121,82.33,64.1294439380128,16,28193.962254837003,30.7305936073059,Significant_Damage_And_Serious_Injuries,4,0.414923187883159,1,train
5398,4,0.0546421866657251,81.99,71.9690063810392,15,30056.215219895,20.136986301369898,Highly_Fatal_And_Damaging,13,0.273560043274432,2,train
4433,4,0.0940846162448335,86.08,94.84958979033729,16,50466.775626293704,55.0228310502283,Significant_Damage_And_Fatalities,1,0.18015939415795199,3,train
2853,2,0.352422365698257,81.8,56.8368277119417,12,26044.9115519259,31.1872146118721,Significant_Damage_And_Fatalities,3,0.32224377930039694,3,train
9666,4,0.0564238689532988,82.51,64.35733819507749,16,31549.4473445581,19.1780821917808,Highly_Fatal_And_Damaging,4,0.305294626758024,3,train
2708,2,0.27763754271505103,77.62,69.4165907019143,9,20514.793782907702,53.105022831050206,Highly_Fatal_And_Damaging,4,0.48163793725207393,3,train
7042,1,1.24631439155671,80.8,57.520510483135794,14,33797.1289307845,25.342465753424698,Highly_Fatal_And_Damaging,6,0.28221492967904804,2,train
3893,3,0.136592250612013,80.72,56.1531449407475,12,27243.1511537835,42.100456621004604,Minor_Damage_And_Injuries,8,0.43944536602957107,2,train
6967,3,0.114860898932605,79.35,40.10938924339111,10,22921.0773301534,51.0045662100457,Minor_Damage_And_Injuries,1,0.505078254597908,1,train
2138,4,0.0878167347391541,81.76,49.6353691886965,12,48416.0267229689,33.1506849315068,Significant_Damage_And_Fatalities,1,0.368403173458348,2,train
101,3,0.149447389548586,81.58,73.9744758432088,11,30090.2776648611,47.1689497716895,Significant_Damage_And_Serious_Injuries,2,0.23280995311936498,1,train
3730,4,0.0732355607136367,79.06,72.2880583409298,8,39615.1050970733,46.1643835616438,Highly_Fatal_And_Damaging,1,0.324046880634692,2,train
2867,4,0.0499587226487135,77.16,48.723792160437604,13,27296.495090287597,27.671232876712303,Significant_Damage_And_Fatalities,2,0.514093761269383,3,train
10326,3,0.173410918167831,83.99,80.4466727438469,7,34804.4674968751,61.1872146118721,Significant_Damage_And_Serious_Injuries,10,0.413120086548864,2,train
11474,1,1.1096272722118001,78.74,68.04922515952599,12,30423.7249691533,43.01369863013699,Significant_Damage_And_Serious_Injuries,4,0.29411539848539503,2,train
2198,5,0.018521059027814996,80.25,37.8304466727438,10,27780.3160869946,50.22831050228311,Minor_Damage_And_Injuries,4,0.5425827623512439,3,train
11110,4,0.102535145756963,76.07,53.8742023701003,8,58297.4802661454,44.703196347032005,Significant_Damage_And_Fatalities,11,0.38102488279841296,2,train
4059,4,0.0443025905213973,77.86,84.5943482224248,11,24326.5989895252,69.8173515981735,Significant_Damage_And_Fatalities,5,0.16248900108186098,3,train
9674,2,0.589641647146364,80.97,67.86690975387421,15,43568.4879176962,46.1187214611872,Minor_Damage_And_Injuries,0,0.258053371799495,2,train
1635,7,0.00308072264679319,87.44,60.1640838650866,15,36749.152662344,32.9223744292237,Significant_Damage_And_Serious_Injuries,0,0.43259358095925005,2,train
3908,6,0.007388510638399691,79.01,64.4029170464904,14,28945.341699397002,58.767123287671204,Significant_Damage_And_Fatalities,5,0.488850342589253,4,train
4965,7,0.0028145064509431,75.88,80.4010938924339,19,31177.118013451898,42.0547945205479,Significant_Damage_And_Fatalities,17,0.24651352326000697,3,train
9631,1,1.5134486340403699,78.95,54.0109389243391,19,41265.0893329256,20.1826484018265,Minor_Damage_And_Injuries,10,0.317555715831229,1,train
9073,5,0.0241015917950138,81.8,52.9626253418414,11,37435.145615835696,34.885844748858396,Significant_Damage_And_Fatalities,5,0.325849981968986,2,train
10501,3,0.18306517420971,76.58,58.6599817684595,19,36624.2796276571,20.136986301369898,Significant_Damage_And_Serious_Injuries,0,0.4686556076451501,2,train
6474,4,0.055390533687851,82.53,69.2342752962625,12,30479.980245267798,31.552511415525103,Highly_Fatal_And_Damaging,13,0.322604399567255,2,train
9850,6,0.00644871247685485,77.91,75.1595259799453,11,26232.9881442637,35.296803652968,Highly_Fatal_And_Damaging,4,0.236776776054814,3,train
11500,2,0.454659027571974,80.09,76.253418413856,17,33730.6363753111,38.4931506849315,Minor_Damage_And_Injuries,15,0.5209455463397039,1,train
2214,2,0.374206789143652,76.86,53.919781221513205,15,27654.2850151467,44.20091324200911,Highly_Fatal_And_Damaging,3,0.695485755499459,4,train
6174,2,0.38470284702585994,76.94,72.0145852324522,13,28473.7861502813,26.7123287671233,Highly_Fatal_And_Damaging,1,0.453509556437072,0,train
8016,3,0.149122605634599,77.27,60.027347310847794,19,29968.1253284843,20.1826484018265,Significant_Damage_And_Serious_Injuries,17,0.44196970789758294,2,train
7561,6,0.0126772159034145,78.47,80.7657247037375,7,48812.5044221945,58.4474885844749,Significant_Damage_And_Serious_Injuries,2,0.305294626758024,2,train
10550,3,0.160237023074609,78.94,41.79580674567,15,32211.957272149702,45.4794520547945,Highly_Fatal_And_Damaging,0,0.584414713306888,1,train
9164,3,0.163604816192789,78.09,76.9371011850502,12,32825.2372071523,42.191780821917796,Significant_Damage_And_Serious_Injuries,0,0.38174612333213104,1,train
3537,2,0.458227397462646,83.39,53.7374658158614,13,33905.3514045601,52.1917808219178,Highly_Fatal_And_Damaging,3,0.49389902632527904,3,train
4659,7,0.00203640341836576,78.31,81.3582497721058,3,19199.2502273137,91.1872146118722,Significant_Damage_And_Fatalities,4,0.23713739632167302,4,train
421,4,0.0685852010451031,78.54,74.9772105742936,14,37119.543380037205,23.6529680365297,Highly_Fatal_And_Damaging,15,0.300606563288856,0,train
1673,1,1.3901185803260703,80.02,37.511394712853296,14,37764.967026453,24.657534246575302,Significant_Damage_And_Fatalities,16,0.695485755499459,4,train
3619,4,0.0637237663805801,82.98,60.80218778486779,20,34811.6846134921,28.949771689497698,Minor_Damage_And_Injuries,7,0.42141435268662103,1,train
9182,6,0.00576194429255706,77.53,74.74931631722879,14,20974.9596464329,34.5205479452055,Significant_Damage_And_Serious_Injuries,6,0.322604399567255,1,train
9418,2,0.38483675489847297,77.16,65.7247037374658,12,28436.741416448,55.2511415525114,Minor_Damage_And_Injuries,8,0.530682293544897,2,train
7480,7,0.0032427949671456104,79.37,59.6627164995442,15,34328.0192022345,56.712328767123296,Significant_Damage_And_Fatalities,7,0.31863757663180603,2,train
3439,4,0.0914887092870471,79.22,67.31996353691889,17,49913.2164631099,27.8538812785388,Significant_Damage_And_Serious_Injuries,6,0.377418680129823,1,train
10861,4,0.0925765253859673,82.85,67.7301731996354,12,52480.1219846828,31.5981735159817,Highly_Fatal_And_Damaging,5,0.340996033177064,3,train
1172,4,0.0751863237275054,81.71,61.71376481312671,11,41187.0679632975,70.0913242009132,Significant_Damage_And_Fatalities,1,0.496423368193292,3,train
8177,7,0.00354718979138238,82.27,75.34184138559709,14,40028.3261414048,58.7214611872146,Significant_Damage_And_Fatalities,2,0.18304435629282395,1,train
10120,4,0.0492519989432694,78.05,60.1640838650866,17,26687.103928762597,15.4337899543379,Highly_Fatal_And_Damaging,9,0.298082221420844,1,train
796,3,0.10720324016291,80.36,70.82953509571558,14,21934.7410724853,37.5799086757991,Significant_Damage_And_Serious_Injuries,9,0.229924990984493,2,train
9821,1,0.38948693524149997,76.05,64.2661804922516,17,8335.48049352774,39.8173515981735,Minor_Damage_And_Injuries,0,0.414923187883159,1,train
8,1,1.26145493369774,84.33,82.13309024612579,20,34289.9002369057,15.753424657534199,Significant_Damage_And_Serious_Injuries,23,0.434396682293545,2,train
2170,3,0.110391364869765,78.08,54.32999088422971,11,22096.231357729303,56.6666666666667,Highly_Fatal_And_Damaging,6,0.48488351965380394,2,train
7750,3,0.0945616410103572,76.79,67.9124886052872,18,19201.5021304644,22.2831050228311,Significant_Damage_And_Serious_Injuries,8,0.330538045438154,3,train
5435,2,0.431054505868359,85.61,55.834092980856894,14,32017.118848704504,50.136986301369895,Highly_Fatal_And_Damaging,6,0.434396682293545,2,train
9700,3,0.162108139005818,78.15,76.7547857793984,15,32624.4911271595,33.9269406392694,Significant_Damage_And_Serious_Injuries,0,0.322604399567255,1,train
4519,7,0.00203449803469911,84.03,63.30902461257979,6,21714.810478226,64.4748858447489,Significant_Damage_And_Serious_Injuries,14,0.28654237288135603,2,train
8098,3,0.159382899189929,79.39,53.7374658158614,10,31846.9183744288,49.726027397260296,Minor_Damage_And_Injuries,4,0.43223296069239103,3,train
5546,3,0.0976587800714265,76.89,67.50227894257071,8,20061.5449045476,46.25570776255711,Highly_Fatal_And_Damaging,1,0.245071042192571,4,train
523,5,0.0240574874578318,83.83,63.719234275296294,13,37318.5134929379,52.739726027397204,Minor_Damage_And_Injuries,2,0.22595816804904398,2,train
6099,5,0.0163890504418398,77.94,76.66362807657251,11,26232.9881442637,35.296803652968,Highly_Fatal_And_Damaging,4,0.236776776054814,3,train
8649,2,0.231292269047612,81.83,88.6052871467639,12,17287.255617720803,55.890410958904106,Minor_Damage_And_Injuries,1,0.151670393076091,1,train
1686,7,0.0024919431044031102,81.43,57.748404740200606,13,25006.934761332202,64.6575342465753,Significant_Damage_And_Fatalities,7,0.3932859718716189,4,train
8452,2,0.34492667419949397,80.76,84.8678213309025,21,25688.520495908302,15.205479452054801,Minor_Damage_And_Injuries,3,0.434396682293545,2,train
5875,3,0.155315702244462,81.14,52.415679124886104,11,31639.1855021958,58.2648401826484,Highly_Fatal_And_Damaging,1,0.377058059862964,2,train
9336,1,0.870409654339999,80.23,48.6326344576117,15,23825.2466613463,32.8310502283105,Minor_Damage_And_Injuries,1,0.409513883880274,3,train
1886,2,0.42863320847532005,77.59,70.1002734731085,12,31638.629323933998,53.5616438356164,Minor_Damage_And_Injuries,15,0.46432816444284203,2,train
5608,7,0.00282277903157932,82.09,74.2023701002735,16,28715.683931649102,51.598173515981706,Significant_Damage_And_Fatalities,6,0.33883231157591,2,train
4109,1,1.16677479820232,78.13,55.423883318140405,15,31715.615127039302,32.648401826484,Minor_Damage_And_Injuries,7,0.647523260007212,3,train
4045,5,0.0167388458320566,84.52,51.68641750227899,12,24518.0124669493,53.9269406392694,Highly_Fatal_And_Damaging,17,0.46613126577713604,2,train
11715,3,0.20335084088694502,80.33,49.31631722880589,15,41138.0780833803,44.337899543379,Highly_Fatal_And_Damaging,0,0.4686556076451501,4,train
6905,7,0.00301174000967889,79.84,71.3764813126709,3,33311.1730562469,82.8310502283105,Highly_Fatal_And_Damaging,2,0.302409664623152,2,train
5639,3,0.165002363929807,80.55,80.4010938924339,12,33385.1482642618,54.794520547945204,Minor_Damage_And_Injuries,1,0.262380815001803,3,train
4474,4,0.0614525873393909,81.73,78.5779398359162,8,33256.456202878195,57.1232876712329,Significant_Damage_And_Serious_Injuries,9,0.276084385142445,3,train
12247,7,0.00493421862080108,75.83,57.9762989972653,11,51246.640854262194,68.675799086758,Significant_Damage_And_Fatalities,31,0.784558961413632,1,train
4170,6,0.0114943524785138,78.58,55.2871467639016,11,47156.9384261401,68.8584474885845,Significant_Damage_And_Serious_Injuries,7,0.6879127298954201,1,train
11253,3,0.149717568801361,78.72,64.9042844120328,11,29887.2364975067,48.082191780821894,Significant_Damage_And_Serious_Injuries,2,0.25084096646231496,1,train
5920,5,0.0229899149310431,81.93,57.06472196900639,9,35207.3986716271,52.511415525114096,Minor_Damage_And_Injuries,1,0.300606563288856,1,train
5576,3,0.0627235617216595,81.86,72.7438468550593,13,12051.061021541102,38.7214611872146,Significant_Damage_And_Serious_Injuries,4,0.31719509556437103,2,train
3044,1,0.9483413993765591,78.16,75.47857793983592,14,25556.9388061089,24.748858447488605,Highly_Fatal_And_Damaging,14,0.296639740353408,1,train
11108,4,0.0543696861900085,81.27,74.52142206016408,12,30105.4742768141,42.8767123287671,Significant_Damage_And_Serious_Injuries,3,0.363354489722322,1,train
4612,2,0.48165277330588796,77.26,58.7967183226983,8,35679.215713339705,68.7671232876712,Minor_Damage_And_Injuries,11,0.46721312657771297,3,train
11671,4,0.0397882618618052,82.72,39.7903372835005,15,21762.6987765703,22.420091324200897,Significant_Damage_And_Fatalities,2,0.621919221060224,2,train
74,2,0.5851560495518521,79.45,59.89061075660889,16,43459.9317547451,40.1826484018265,Minor_Damage_And_Injuries,7,0.28726361341507395,1,train