Accident_ID,Accident_Type_Code,Adverse_Weather_Metric,Cabin_Temperature,Control_Metric,Days_Since_Inspection,Max_Elevation,Safety_Score,Severity,Total_Safety_Complaints,Turbulence_In_gforces,Violations,source
4182,6,0.00671581825621283,80.26,63.0811303555151,23,27487.688802433197,31.7808219178082,Significant_Damage_And_Fatalities,9,0.46108258204110997,3,train
3948,6,0.007672796704650179,81.31,65.1321786690975,12,32060.336418976298,44.337899543379,Significant_Damage_And_Serious_Injuries,10,0.339553552109629,3,train
12029,6,0.00538399196490689,83.63,72.0145852324522,13,22792.1740124056,39.178082191780796,Significant_Damage_And_Serious_Injuries,6,0.363715109989181,1,train
9538,1,1.22817096868824,76.49,62.853236098450296,12,33495.7760928761,31.2328767123288,Highly_Fatal_And_Damaging,2,0.312507032095204,2,train
6477,1,0.845845626344203,82.73,79.39835916134909,10,22938.177925299704,37.5342465753425,Highly_Fatal_And_Damaging,1,0.36083014785430895,1,train
8937,4,0.0363976969306029,82.73,63.4457611668186,11,19643.5987363401,45.296803652967995,Significant_Damage_And_Serious_Injuries,4,0.24831662459430198,2,train
9193,3,0.142325653105797,83.92,57.2014585232452,12,28454.4613989612,44.0639269406393,Significant_Damage_And_Serious_Injuries,2,0.4985870897944461,3,train
4465,1,1.66043195531517,82.26,67.4567000911577,15,45120.223697942405,22.9680365296804,Highly_Fatal_And_Damaging,0,0.306737107825459,2,train
2505,4,0.0320057521178953,77.62,50.9115770282589,9,18083.0495385202,52.3744292237443,Minor_Damage_And_Injuries,14,0.499668950595023,3,train
5034,6,0.00446244504152694,76.92,68.5050136736554,17,20061.5449045476,39.4520547945205,Minor_Damage_And_Injuries,13,0.24759538406058398,2,train
9923,4,0.0353962611529476,83.1,61.5314494074749,17,19618.548566256002,16.1187214611872,Highly_Fatal_And_Damaging,13,0.476589253516048,1,train
6243,1,0.957559403516106,76.62,74.88605287146758,17,26207.129115582902,36.9406392694064,Minor_Damage_And_Injuries,7,0.324046880634692,1,train
2202,4,0.0803192879709049,78.46,59.0701914311759,18,43915.3628054386,12.4657534246575,Highly_Fatal_And_Damaging,0,0.392204111071042,3,train
5242,2,0.394504816380126,77.25,53.8742023701003,8,29202.567728820897,44.4748858447489,Significant_Damage_And_Fatalities,3,0.43223296069239103,3,train
7686,7,0.0024196200134095802,75.97,96.0346399270739,10,25756.188238204,71.7808219178082,Significant_Damage_And_Fatalities,7,0.21297583844211998,2,train
5818,5,0.0217946673291327,77.04,56.973564266180496,14,32577.9908478634,47.8538812785388,Highly_Fatal_And_Damaging,2,0.487768481788677,1,train
7801,4,0.0755308247324447,80.61,67.7301731996354,13,40821.1958847229,29.3607305936073,Highly_Fatal_And_Damaging,13,0.23713739632167302,1,train
12376,2,0.330528596660346,74.85,54.3755697356427,17,24451.819618031,38.9041095890411,Highly_Fatal_And_Damaging,6,0.309622069960331,2,train
7225,2,0.378611274088549,78.69,47.265268915223395,14,27933.3453552046,25.296803652968002,Significant_Damage_And_Fatalities,8,0.42934799855751904,3,train
1519,6,0.00701608590015726,81.45,53.2360984503191,12,27053.4458792123,43.607305936073,Minor_Damage_And_Injuries,3,0.584775333573747,3,train
1802,2,0.643975973223763,75.98,52.871467639015506,8,47324.952775232996,44.4292237442922,Significant_Damage_And_Fatalities,0,0.426823656689506,0,train
10622,3,0.19992900626374902,78.93,75.47857793983592,13,40645.7172863603,40.7762557077626,Significant_Damage_And_Serious_Injuries,2,0.33306238730616605,2,train
1235,3,0.182900974770969,78.73,74.88605287146758,11,36748.2703672973,47.899543378995396,Significant_Damage_And_Serious_Injuries,3,0.24110421925712197,2,train
10627,7,0.0036288382038850205,77.01,85.7793983591614,14,37253.905366837,58.767123287671204,Significant_Damage_And_Fatalities,1,0.237858636855391,4,train
7196,4,0.0659090451540448,80.65,86.9644484958979,13,36065.2085271643,28.2191780821918,Highly_Fatal_And_Damaging,10,0.289427335016228,2,train
1533,3,0.22023816400114898,76.92,39.8359161349134,8,44244.629182437806,56.2100456621004,Minor_Damage_And_Injuries,0,0.539697800216372,3,train
8561,6,0.0109988106068976,89.43,72.0145852324522,15,43276.564582851,32.8767123287671,Significant_Damage_And_Serious_Injuries,1,0.34027479264334604,1,train
443,4,0.0824277038157889,79.77,62.944393801276206,12,44657.381203331395,32.4200913242009,Highly_Fatal_And_Damaging,10,0.445215290299315,0,train
7337,4,0.0765923031796364,81.78,57.5660893345488,15,41785.0165959992,22.602739726027398,Highly_Fatal_And_Damaging,0,0.34568409664623106,3,train
8530,2,0.27179825304253796,83.58,71.1485870556062,18,20120.8189568361,33.7899543378995,Minor_Damage_And_Injuries,1,0.42429931482149297,1,train
8004,6,0.0105518124805448,79.8,62.1239744758432,18,42569.049781877795,21.9178082191781,Significant_Damage_And_Serious_Injuries,19,0.399416516408222,2,train
684,3,0.101502669686354,76.98,70.1914311759344,10,20375.8154327724,51.232876712328796,Significant_Damage_And_Serious_Injuries,15,0.39400721240533704,2,train
6877,6,0.00676841361533494,79.09,90.154968094804,13,27724.256013730497,41.1415525114155,Significant_Damage_And_Serious_Injuries,3,0.28690299314821505,2,train
6382,2,0.362071260670276,76.96,59.115770282588905,17,26701.644369277597,37.808219178082204,Minor_Damage_And_Injuries,0,0.302409664623152,1,train
6772,3,0.152337945102486,79.58,63.5824977210575,19,30451.740350712596,20.1826484018265,Significant_Damage_And_Serious_Injuries,4,0.400498377208799,1,train
2873,1,0.750477041789785,81.28,65.9981768459435,11,20478.7647390918,34.474885844748805,Highly_Fatal_And_Damaging,8,0.239661738189686,2,train
10889,4,0.0571096294364275,81.83,68.1859617137648,13,30752.093089437996,38.8127853881278,Significant_Damage_And_Serious_Injuries,1,0.35902704652001394,4,train
1787,6,0.00811692898317286,77.63,88.0583409298086,3,33027.7395917952,65.3424657534246,Highly_Fatal_And_Damaging,6,0.271756941940137,1,train
2617,5,0.0320328772438867,77.4,50.5925250683683,20,47882.5666610854,15.205479452054801,Minor_Damage_And_Injuries,7,0.509045077533357,4,train
2838,2,0.6221652043678599,82.2,58.158614402917,15,45992.7707754917,45.9817351598173,Minor_Damage_And_Injuries,2,0.597397042913812,2,train
856,2,0.582155821255315,81.43,68.64175022789429,15,43094.6610782697,45.0684931506849,Minor_Damage_And_Injuries,3,0.374533717994951,1,train
6982,3,0.0578625828464421,77.78,65.1321786690975,15,11882.6009376622,33.1050228310502,Significant_Damage_And_Serious_Injuries,7,0.46649188604399605,3,train
1465,3,0.174017804712837,79.64,64.2661804922516,12,34987.9832316897,43.972602739726,Significant_Damage_And_Serious_Injuries,3,0.368763793725207,4,train
10720,1,0.9289401775636039,79.84,67.86690975387421,6,25230.00771957,76.6666666666667,Minor_Damage_And_Injuries,12,0.37345185719437396,3,train
7430,7,0.0022803372822657103,77.11,85.278030993619,13,25111.174904879503,30.0,Highly_Fatal_And_Damaging,2,0.301327803822575,2,train
7747,3,0.133099569852491,84.52,45.8523245214221,11,27222.894127003397,48.3561643835616,Minor_Damage_And_Injuries,10,0.45603389830508395,1,train
4919,2,0.45982132033564704,81.92,55.6061987237922,14,33952.37373937,47.3972602739726,Highly_Fatal_And_Damaging,0,0.338471691309052,4,train
11426,1,1.0603906859471,79.83,71.7866909753874,16,28677.9558577841,16.3013698630137,Highly_Fatal_And_Damaging,0,0.398695275874504,2,train
10649,2,0.411158531593447,77.16,61.440291704649105,11,30232.1460175973,35.9360730593607,Highly_Fatal_And_Damaging,10,0.3705668950595021,2,train
9122,4,0.0311427687291141,77.99,70.3281677301732,13,17006.5904416909,28.0821917808219,Highly_Fatal_And_Damaging,14,0.37128813559322,1,train
9647,5,0.0163890504418398,80.98,67.5934366453965,10,25205.4411576935,36.62100456621,Highly_Fatal_And_Damaging,4,0.24290732059141698,1,train
4282,4,0.0344640314807206,77.87,64.767547857794,14,18505.6168776094,25.3881278538813,Highly_Fatal_And_Damaging,11,0.45891886043995594,2,train
6192,3,0.0841518390163713,83.19,60.1640838650866,15,17004.1120108836,32.9223744292237,Significant_Damage_And_Serious_Injuries,0,0.492095924990984,2,train
9871,4,0.0717069574184071,80.5,63.810391978122205,15,39062.7633978191,21.552511415525103,Highly_Fatal_And_Damaging,0,0.33811107104219196,1,train
1411,1,1.4858576491890099,80.01,67.36554238833179,17,40101.9196560567,38.4474885844749,Minor_Damage_And_Injuries,23,0.276084385142445,2,train
8611,4,0.0637237663805801,77.24,56.4721969006381,7,35235.688176867,46.25570776255711,Significant_Damage_And_Fatalities,10,0.46613126577713604,3,train
97,4,0.0680694161849972,78.68,81.3582497721058,15,37558.9268302818,20.8219178082192,Highly_Fatal_And_Damaging,5,0.250480346195456,3,train
6166,6,0.00644871247685485,85.26,47.2196900638104,13,27012.0015458188,40.9132420091324,Minor_Damage_And_Injuries,0,0.44413342949873796,2,train
5254,2,0.35709460651991903,83.32,80.08204193254329,14,26382.3885430806,47.0319634703196,Minor_Damage_And_Injuries,13,0.20396033177064501,5,train
5107,1,1.2639142068611202,76.59,47.0829535095716,12,34325.6150767811,53.1963470319635,Highly_Fatal_And_Damaging,1,0.5681868012982328,2,train
7351,3,0.131214852950511,76.12,70.1914311759344,10,26319.289765499198,51.1872146118721,Significant_Damage_And_Serious_Injuries,15,0.39400721240533704,3,train
9767,6,0.00697645814427042,78.47,57.9762989972653,11,27194.7323552532,45.7077625570776,Significant_Damage_And_Serious_Injuries,0,0.46829498737829,3,train
2660,7,0.0037063710924721,76.37,66.9553327256153,10,39189.4780352356,75.5707762557078,Significant_Damage_And_Fatalities,11,0.377779300396682,1,train
11854,6,0.008579149820314009,78.28,59.0701914311759,15,35960.976402256805,34.0639269406393,Significant_Damage_And_Serious_Injuries,1,0.48380165885322796,1,train
9380,6,0.00997298902026605,81.26,72.4247948951687,13,40619.7789673451,38.7214611872146,Significant_Damage_And_Serious_Injuries,0,0.41672628921745397,2,train
1863,3,0.16756358864324697,76.37,31.0847766636281,12,33576.0742769008,42.4200913242009,Minor_Damage_And_Injuries,3,0.820260367832672,2,train
5989,1,1.2138584565258002,78.25,69.0975387420237,15,32854.5589924577,32.8767123287671,Significant_Damage_And_Serious_Injuries,1,0.3900403894698879,3,train
6321,4,0.0538478066834855,78.67,54.922515952598,10,29518.6129237704,37.4885844748858,Significant_Damage_And_Fatalities,3,0.6334590695997111,1,train
10036,3,0.0950588591438292,79.33,47.9489516864175,14,18915.509024870702,26.4840182648402,Significant_Damage_And_Fatalities,2,0.5097663180670751,4,train
11787,3,0.15994082384583802,78.63,64.8131267092069,8,32218.4656381463,56.1643835616438,Significant_Damage_And_Serious_Injuries,1,0.317555715831229,2,train
11773,2,0.33436641523498806,86.58,73.4275296262534,13,24761.256633685098,50.1826484018265,Minor_Damage_And_Injuries,0,0.463246303642264,3,train
4807,3,0.0430780415831567,77.58,84.8678213309025,12,9764.86399052122,31.0958904109589,Highly_Fatal_And_Damaging,25,0.27031446087270106,1,train
5494,4,0.0677821045621251,77.55,61.6226071103008,9,36687.8536553496,52.3744292237443,Highly_Fatal_And_Damaging,11,0.5425827623512439,2,train
394,2,0.519355070097568,78.74,69.5989061075661,13,38350.7195579992,50.5936073059361,Minor_Damage_And_Injuries,5,0.31719509556437103,1,train
5357,2,0.178843572386274,76.8,81.7228805834093,11,14865.9056452982,34.6118721461187,Highly_Fatal_And_Damaging,0,0.47226181031373904,3,train
759,1,1.4286956794006398,78.7,98.8605287146764,20,38564.129227285,5.662100456620999,Highly_Fatal_And_Damaging,2,0.210812116840966,4,train
7169,1,0.65511014674204,83.08,79.3072014585233,13,17157.8631807909,51.917808219178106,Minor_Damage_And_Injuries,7,0.38390984493328495,2,train
3639,3,0.22023816400114898,88.18,38.331814038286204,10,43803.4361082034,39.4520547945205,Significant_Damage_And_Fatalities,8,0.654375045077533,1,train
2139,1,0.35922927079480893,77.17,51.4585232452142,16,11268.2935055275,17.7168949771689,Significant_Damage_And_Fatalities,1,0.5097663180670751,1,train
4874,3,0.1184800229025,79.01,64.2661804922516,12,23362.5382988508,32.6027397260274,Highly_Fatal_And_Damaging,7,0.20900901550667103,2,train
4112,3,0.133534621747045,79.23,52.9170464904284,14,27182.921710058,37.4429223744292,Minor_Damage_And_Injuries,1,0.381385503065272,2,train
10952,3,0.147269092453377,77.46,66.4539653600729,13,29502.763421053198,38.3561643835616,Significant_Damage_And_Serious_Injuries,1,0.502553912729895,3,train
11142,1,1.16290206831625,79.01,80.4466727438469,20,31491.27635949,0.0,Highly_Fatal_And_Damaging,9,0.396892174540209,2,train
2512,3,0.12586033490923598,78.43,78.07657247037379,9,25205.9894405904,52.9680365296804,Significant_Damage_And_Serious_Injuries,16,0.33306238730616605,2,train
12147,3,0.11225587509945098,79.81,69.7812215132179,16,22570.030397977098,30.9132420091324,Significant_Damage_And_Serious_Injuries,2,0.329456184637577,1,train
2783,5,0.0125595820749567,75.96,81.22151321786691,4,19262.1840059827,91.1872146118722,Significant_Damage_And_Fatalities,2,0.226679408582762,2,train
12286,3,0.0977072229361203,80.42,68.003646308113,15,20061.5449045476,34.5662100456621,Significant_Damage_And_Serious_Injuries,7,0.29411539848539503,1,train
2309,2,0.5851560495518521,86.96,65.0865998176846,14,43094.6610782697,47.1232876712329,Minor_Damage_And_Injuries,1,0.333423007573026,2,train
8800,6,0.0101249384175377,78.31,76.02552415679129,15,37949.724386183996,32.557077625570805,Significant_Damage_And_Serious_Injuries,8,0.38030364226469504,3,train
2066,6,0.0066813938992721705,81.76,63.76481312670921,16,27067.9196126077,28.8584474885845,Significant_Damage_And_Serious_Injuries,2,0.453509556437072,1,train
3612,2,0.35017958188076004,78.2,72.97174111212401,13,25723.8293580535,50.7305936073059,Minor_Damage_And_Injuries,8,0.352535881716553,2,train
9675,4,0.0398260252450034,79.58,72.0145852324522,15,21620.8716439398,21.2785388127854,Highly_Fatal_And_Damaging,8,0.350011539848539,4,train
5612,7,0.0016141149806429599,77.04,63.6736554238833,17,17413.579886413798,50.0456621004566,Significant_Damage_And_Fatalities,0,0.43259358095925005,1,train
11935,2,0.472049970530307,77.86,60.07292616226071,17,34880.03713747,27.945205479452,Significant_Damage_And_Serious_Injuries,6,0.52960043274432,2,train
11452,2,0.45982132033564704,80.36,64.1294439380128,14,34007.985671315095,48.1735159817352,Minor_Damage_And_Injuries,8,0.442330328164443,4,train
11538,4,0.0653181121306263,76.09,75.70647219690059,8,35390.7352371476,46.62100456620999,Highly_Fatal_And_Damaging,3,0.375254958528669,3,train
7288,4,0.0548654683705585,78.54,74.9772105742936,14,30077.4161879637,23.607305936073104,Highly_Fatal_And_Damaging,15,0.300606563288856,2,train
6613,1,1.16290206831625,77.34,60.6198723792161,15,31619.82941596,22.0547945205479,Highly_Fatal_And_Damaging,10,0.556646952758745,1,train
3516,1,1.2628155404651598,79.69,66.4995442114859,12,34480.663199033,31.2328767123288,Highly_Fatal_And_Damaging,14,0.319719437432383,2,train
6414,1,1.4261822535335702,80.78,21.1485870556062,15,38783.3566123134,34.5205479452055,Significant_Damage_And_Serious_Injuries,28,0.600282005048683,3,train
4379,3,0.236948192249694,75.84,75.47857793983592,13,47430.2732035325,40.6392694063927,Significant_Damage_And_Serious_Injuries,7,0.395810313739632,3,train
8175,4,0.0405516045635434,79.85,69.5989061075661,10,22468.653670065,37.5799086757991,Highly_Fatal_And_Damaging,10,0.26165957446808497,3,train
3063,4,0.0514662385219508,79.47,65.587967183227,16,28036.275094829398,17.7168949771689,Highly_Fatal_And_Damaging,3,0.362272628921745,3,train
1084,5,0.0125595820749567,87.0,59.4348222424795,11,19947.8702117075,34.8401826484018,Highly_Fatal_And_Damaging,19,0.584054093040028,2,train
287,7,0.00300879435986456,79.4,59.6171376481313,20,35495.525407636,18.3561643835616,Significant_Damage_And_Serious_Injuries,7,0.322965019834114,0,train
3891,6,0.006682612232951999,77.23,67.0920692798541,8,26813.1845680268,56.5753424657534,Significant_Damage_And_Serious_Injuries,9,0.293394157951677,2,train
10696,4,0.0839917945185517,80.74,59.480401093892496,14,45329.8896427857,36.164383561643795,Significant_Damage_And_Serious_Injuries,5,0.47190119004688,3,train
1637,3,0.0209268310262037,76.77,69.5989061075661,13,4203.2663726212295,39.4977168949772,Significant_Damage_And_Serious_Injuries,1,0.31214641182834496,4,train
10175,1,1.76876868509439,81.13,50.091157702825896,12,48855.489824051605,32.3744292237443,Significant_Damage_And_Fatalities,35,0.7546274792643342,2,train
2413,4,0.0521180215274672,83.0,57.520510483135794,10,28384.5263097579,72.46575342465749,Significant_Damage_And_Fatalities,12,0.620476739992787,2,train
11844,2,0.5462214868147041,77.53,61.212397447584294,10,40360.6120851516,63.698630136986296,Minor_Damage_And_Injuries,0,0.328374323837,0,train
8417,3,0.223615476753343,80.47,57.4293527803099,8,44882.6151076864,54.5205479452055,Significant_Damage_And_Serious_Injuries,0,0.46649188604399605,3,train
5165,4,0.0685210393095788,81.48,52.3245214220602,18,37258.0968473545,12.6027397260274,Significant_Damage_And_Fatalities,3,0.312507032095204,3,train
2542,7,0.00311549295347341,78.52,60.6198723792161,10,33393.2531864311,71.2785388127854,Significant_Damage_And_Fatalities,7,0.220548864046159,2,train
3927,3,0.21971121245500502,81.02,62.07839562443029,15,44313.057976137,31.9178082191781,Significant_Damage_And_Serious_Injuries,0,0.45603389830508395,3,train
8430,1,1.02676320216031,77.16,41.5679124886053,15,27638.220348067003,21.8721461187215,Significant_Damage_And_Fatalities,9,0.5436646231518211,4,train
5677,6,0.008769982604874809,87.34,66.362807657247,11,35902.3547465078,46.1643835616438,Significant_Damage_And_Serious_Injuries,3,0.38066426253155394,1,train
1300,1,1.3231242855511298,80.65,40.5651777575205,6,36463.5453790652,52.3744292237443,Significant_Damage_And_Fatalities,12,0.7459725928597181,2,train
8534,3,0.105168517981374,80.46,62.5341841385597,17,21253.388520372,27.579908675799103,Significant_Damage_And_Serious_Injuries,3,0.400498377208799,2,train
10041,5,0.0138046165219183,79.8,66.1349134001823,12,21674.7237723003,55.433789954337904,Minor_Damage_And_Injuries,1,0.41961125135232596,2,train
81,3,0.19399576228932,78.96,66.2716499544212,13,38973.1647547029,39.8173515981735,Significant_Damage_And_Serious_Injuries,0,0.340996033177064,2,train
10439,3,0.15277065974579002,81.56,72.33363719234279,11,30752.093089437996,46.3470319634703,Significant_Damage_And_Serious_Injuries,1,0.38679480706815705,2,train
6919,6,0.00697934720789927,80.53,69.0975387420237,10,27234.680124837596,51.2785388127854,Significant_Damage_And_Serious_Injuries,2,0.315752614496934,1,train
7642,6,0.0074261472785553,83.03,56.1531449407475,13,29160.438888289198,62.739726027397296,Significant_Damage_And_Fatalities,1,0.5436646231518211,3,train
957,3,0.15149360081567903,79.3,77.7575205104832,16,30586.407239901,30.4566210045662,Significant_Damage_And_Serious_Injuries,5,0.23100685178507,1,train
8495,4,0.0830290087358724,82.2,88.6508659981769,11,45712.5484301237,34.2922374429224,Highly_Fatal_And_Damaging,1,0.203599711503786,0,train
2045,5,0.0320328772438867,84.02,68.3682771194166,10,46328.8706815311,61.0502283105023,Minor_Damage_And_Injuries,5,0.24110421925712197,2,train
9643,4,0.0657919157803562,81.37,77.1194165907019,13,36453.545012780094,26.3013698630137,Highly_Fatal_And_Damaging,2,0.23894049765596803,2,train
5721,4,0.0577073115841411,80.67,55.0592525068368,20,31273.822399122404,29.6803652968037,Highly_Fatal_And_Damaging,15,0.47370429138117603,2,train
2278,2,0.32022960837060305,80.54,60.7110300820419,15,23661.945407889703,44.9315068493151,Minor_Damage_And_Injuries,2,0.38679480706815705,2,train
2112,3,0.12514403561123,79.43,49.179580674567006,8,25490.6441643368,46.25570776255711,Highly_Fatal_And_Damaging,1,0.662308690948431,2,train
4364,3,0.16255210220167401,78.92,76.7547857793984,17,32649.462507135097,26.621004566210004,Significant_Damage_And_Serious_Injuries,3,0.36119076812116796,1,train
11829,7,0.00228638425828823,81.1,75.5241567912489,11,25956.993501701403,71.4611872146119,Significant_Damage_And_Fatalities,17,0.23713739632167302,2,train
6653,2,0.20126609841095802,77.26,87.693710118505,10,13214.8518929535,61.41552511415521,Minor_Damage_And_Injuries,1,0.272117562206996,1,train
1366,6,0.007972713793777321,82.81,59.845031905196,12,32349.2373608048,42.3744292237443,Significant_Damage_And_Serious_Injuries,2,0.375254958528669,3,train
10678,2,0.518441261968944,79.85,61.34913400182321,17,38369.5925771444,14.9771689497717,Highly_Fatal_And_Damaging,22,0.26815073927154703,2,train
2124,4,0.07446729123838901,82.6,55.6973564266181,23,40212.040303841,0.45662100456620996,Significant_Damage_And_Fatalities,5,0.30998269022719105,3,train
12140,3,0.22045292667086702,79.79,49.13400182315411,14,43993.907529507,48.3561643835616,Highly_Fatal_And_Damaging,20,0.687191489361702,1,train
2984,7,0.00282719073422966,82.6,75.2962625341842,7,29705.7226078968,82.2831050228311,Significant_Damage_And_Fatalities,1,0.249398485394879,2,train
9382,5,0.0102392831013005,87.74,63.719234275296294,12,14053.4045980027,30.3196347031963,Highly_Fatal_And_Damaging,14,0.290509195816805,3,train
4194,1,1.24112616899926,78.66,54.4667274384686,15,33771.0947870574,22.7853881278539,Significant_Damage_And_Fatalities,4,0.4185293905517489,3,train
4764,1,1.3655279721670401,80.55,39.7903372835005,15,37034.4056430355,21.9634703196347,Significant_Damage_And_Fatalities,5,0.522748647673999,1,train
5194,3,0.131215115356971,77.86,77.30173199635371,12,26248.7929504245,68.2648401826484,Significant_Damage_And_Fatalities,1,0.35578146411828293,1,train
7473,6,0.009234319901736971,81.32,67.5934366453965,16,34016.7896094001,30.6849315068493,Significant_Damage_And_Serious_Injuries,0,0.20828777497295398,4,train
3617,3,0.0693979507759365,84.9,37.283500455788605,8,13504.5464512098,68.2191780821918,Significant_Damage_And_Serious_Injuries,2,0.695485755499459,2,train
9578,2,0.519476795282433,78.37,63.6736554238833,13,38266.3884130149,50.22831050228311,Minor_Damage_And_Injuries,0,0.334865488640461,1,train
4635,2,0.403835478361829,80.8,87.6025524156791,13,29715.391097543197,28.2191780821918,Highly_Fatal_And_Damaging,20,0.302409664623152,2,train
838,4,0.0865139983925863,80.98,67.00091157702829,14,47101.485751435706,36.894977168949794,Significant_Damage_And_Serious_Injuries,4,0.420332491886044,2,train
9747,2,0.46493233724878497,81.82,64.1294439380128,14,34076.4536138475,48.1735159817352,Minor_Damage_And_Injuries,6,0.25264406779661,1,train
10350,3,0.159761620379677,78.15,67.00091157702829,14,32338.0632594334,36.027397260274,Significant_Damage_And_Serious_Injuries,2,0.43042985935809597,2,train
7180,5,0.0252521458935222,79.35,45.5332725615314,14,36259.958395645495,61.41552511415521,Highly_Fatal_And_Damaging,25,0.448460872701046,1,train
565,3,0.175707515440699,83.07,67.7301731996354,12,35370.911468562,42.8767123287671,Significant_Damage_And_Serious_Injuries,3,0.253004688063469,3,train
11429,6,0.0074586341258269595,85.25,72.8350045578852,13,30310.852180517202,50.5479452054795,Minor_Damage_And_Injuries,15,0.39148287053732395,2,train
1506,4,0.08255825168227701,82.31,57.8395624430264,10,44502.4966181395,37.2146118721461,Highly_Fatal_And_Damaging,2,0.28870609448251,3,train
4906,2,0.286821821953301,80.82,59.161349134001796,16,20955.0416104401,40.593607305936104,Minor_Damage_And_Injuries,1,0.46721312657771297,1,train
5895,1,1.06763304103432,88.11,58.8422971741112,20,28986.657479203903,2.7397260273972597,Highly_Fatal_And_Damaging,12,0.317555715831229,2,train
4036,7,0.00454671815180665,78.96,41.203281677301796,16,51246.640854262194,55.0228310502283,Significant_Damage_And_Fatalities,33,0.691158312297151,0,train
367,7,0.0038872058821915103,76.79,66.4539653600729,12,42912.5244287391,42.100456621004604,Significant_Damage_And_Serious_Injuries,4,0.502553912729895,3,train
5250,5,0.0283280931345818,76.2,70.1914311759344,13,42860.1610777543,41.689497716895,Significant_Damage_And_Serious_Injuries,14,0.395449693472773,1,train
6648,2,0.399359325657671,78.87,63.5369188696445,13,29368.1675507863,50.22831050228311,Minor_Damage_And_Injuries,0,0.366960692390912,3,train
2366,4,0.0269899858625471,77.16,60.2552415679125,10,14251.9158934857,39.13242009132421,Highly_Fatal_And_Damaging,3,0.375615578795528,2,train
8265,2,0.415919626722151,78.33,88.24065633546041,8,30587.569384463597,45.5251141552511,Highly_Fatal_And_Damaging,1,0.17475009015506698,3,train
1128,3,0.13947707065738402,81.1,57.247037374658206,13,27850.9170757979,28.2191780821918,Highly_Fatal_And_Damaging,5,0.21117273710782503,2,train
5992,7,0.00352723325482144,84.72,59.252506836827706,12,40160.7024034573,30.365296803653003,Highly_Fatal_And_Damaging,0,0.36732131265777096,2,train
11742,4,0.0457032669423757,82.74,71.9690063810392,10,24664.528930302797,60.136986301369895,Minor_Damage_And_Injuries,5,0.44413342949873796,2,train
9214,1,0.9914334669509591,76.86,72.47037374658159,11,27087.6233599448,33.8356164383562,Highly_Fatal_And_Damaging,0,0.329816804904435,2,train
2108,4,0.04534915917696799,82.33,69.1431175934367,16,24820.167369746297,19.2237442922374,Highly_Fatal_And_Damaging,1,0.40771078254597903,0,train
3023,4,0.0541143359659825,77.65,62.625341841385605,16,29538.220013271002,30.9132420091324,Significant_Damage_And_Serious_Injuries,2,0.38318860439956703,2,train
12377,6,0.0118893207829262,80.92,90.154968094804,13,45176.8326191203,41.324200913242,Significant_Damage_And_Serious_Injuries,5,0.27139632167327804,2,train
10994,1,0.8156888820568229,77.38,62.7164995442115,16,22002.727826705697,40.6392694063927,Minor_Damage_And_Injuries,7,0.339192931842769,1,train
507,3,0.124716728231861,83.68,56.7456700091158,12,24975.911364084903,41.9178082191781,Minor_Damage_And_Injuries,15,0.3597482870537321,3,train
8969,6,0.00773695886745635,79.86,71.7866909753874,14,31993.458888341,37.3059360730594,Significant_Damage_And_Serious_Injuries,11,0.35542084385142403,2,train
270,5,0.0195516826413514,82.45,52.18778486782129,10,29827.9032830397,61.41552511415521,Highly_Fatal_And_Damaging,1,0.5029145329967539,2,train
11481,6,0.00773978673494447,81.26,68.1403828623519,9,33079.1686288525,54.657534246575295,Significant_Damage_And_Serious_Injuries,1,0.21297583844211998,2,train
11406,2,0.339951974566805,81.27,70.3281677301732,15,25114.395402466,22.7397260273973,Highly_Fatal_And_Damaging,18,0.347126577713667,4,train
3676,4,0.0554629237628166,79.22,57.474931631722896,10,30231.9993157823,38.8584474885845,Highly_Fatal_And_Damaging,2,0.333423007573026,1,train
2594,5,0.0199959371191929,79.59,56.8368277119417,20,31273.822399122404,29.041095890411,Highly_Fatal_And_Damaging,13,0.47839235485034204,1,train
11939,2,0.34950274543965504,83.56,85.7793983591614,14,25820.201823365,47.0319634703196,Minor_Damage_And_Injuries,8,0.273199423007573,2,train
10985,2,0.33705119434062397,81.82,65.8158614402917,16,24689.720192148397,19.954337899543397,Highly_Fatal_And_Damaging,5,0.236776776054814,0,train
677,2,0.599746500186085,80.32,58.88787602552421,13,44295.291797244296,41.5525114155251,Significant_Damage_And_Serious_Injuries,0,0.5036357735304721,4,train
10402,2,0.36446300953970096,75.61,80.6745670009116,17,27037.416414391002,38.0821917808219,Minor_Damage_And_Injuries,6,0.312507032095204,2,train
344,3,0.23646452524774,89.19,74.74931631722879,15,47592.316643138,21.5981735159817,Highly_Fatal_And_Damaging,13,0.42429931482149297,3,train
4250,3,0.158556470241347,79.79,85.4147675478578,7,31974.0624100752,50.7762557077626,Highly_Fatal_And_Damaging,6,0.484522899386945,3,train
12035,2,0.27379814127354,84.1,72.926162260711,15,20228.1228705605,45.4794520547945,Minor_Damage_And_Injuries,0,0.335947349441038,1,train