Accident_ID,Accident_Type_Code,Adverse_Weather_Metric,Cabin_Temperature,Control_Metric,Days_Since_Inspection,Max_Elevation,Safety_Score,Severity,Total_Safety_Complaints,Turbulence_In_gforces,Violations,source
12417,3,0.135850462114308,77.36,62.5341841385597,9,27432.9987675072,52.9223744292237,Significant_Damage_And_Serious_Injuries,7,0.317916336098088,3,train
3603,4,0.0640529720617364,87.86,69.0975387420237,12,34859.8063971959,31.1872146118721,Highly_Fatal_And_Damaging,8,0.460000721240533,2,train
8498,7,0.00332774857972545,79.58,72.6526891522334,12,35719.992068152795,64.6575342465753,Significant_Damage_And_Fatalities,17,0.335586729174179,3,train
10035,5,0.0210316608109044,76.13,65.67912488605289,14,30951.3029879359,37.2146118721461,Significant_Damage_And_Serious_Injuries,5,0.540058420483231,2,train
7773,7,0.00490041074442536,77.64,42.0692798541477,8,48401.007404396296,79.7260273972603,Significant_Damage_And_Serious_Injuries,35,0.607133790119004,1,train
2817,1,0.740331809983515,77.27,57.748404740200606,16,20061.6577544012,17.5799086757991,Highly_Fatal_And_Damaging,2,0.438002884962135,0,train
4957,4,0.0297420079274472,82.59,63.3546034639927,9,15738.4878024104,53.7899543378995,Highly_Fatal_And_Damaging,2,0.289427335016228,3,train
3224,6,0.00787225123456485,81.02,58.7511394712853,14,32666.809391351202,34.7488584474886,Significant_Damage_And_Serious_Injuries,9,0.44593653083303203,3,train
2169,4,0.0801631199888322,80.35,66.2716499544212,14,43635.754690978596,23.7899543378995,Highly_Fatal_And_Damaging,9,0.363354489722322,1,train
9064,7,0.00332774857972545,80.15,67.0464904284412,19,36290.2303566085,8.0365296803653,Highly_Fatal_And_Damaging,15,0.35217526144969297,3,train
10972,2,0.5762014289405589,78.46,56.79124886052871,12,42365.0610556393,53.972602739726,Highly_Fatal_And_Damaging,4,0.54402524341868,3,train
7410,1,1.00725096824699,77.84,84.8678213309025,12,27087.6233599448,31.0958904109589,Highly_Fatal_And_Damaging,25,0.326571222502704,2,train
2790,6,0.00482966112605034,76.8,54.922515952598,17,19391.696304701898,14.5205479452055,Highly_Fatal_And_Damaging,14,0.47839235485034204,2,train
9157,4,0.0515663632026278,79.03,75.34184138559709,5,28156.6962344969,68.1278538812785,Highly_Fatal_And_Damaging,17,0.325849981968986,1,train
7023,6,0.00431639490470017,77.8,63.90154968094811,15,17572.9254839105,33.2420091324201,Significant_Damage_And_Serious_Injuries,5,0.417808150018031,2,train
10228,4,0.0813568547533444,79.73,65.1321786690975,12,44313.057976137,33.470319634703195,Highly_Fatal_And_Damaging,1,0.462885683375405,3,train
1471,4,0.0886488268505119,78.28,67.0920692798541,16,47893.7179720062,18.1278538812785,Highly_Fatal_And_Damaging,14,0.298803461954562,2,train
11420,1,0.809499227691772,81.98,64.35733819507749,13,22087.486013663598,27.2602739726027,Highly_Fatal_And_Damaging,7,0.44413342949873796,2,train
7360,1,1.4261822535335702,80.27,62.07839562443029,16,38703.1691908605,18.1735159817352,Highly_Fatal_And_Damaging,3,0.315391994230076,1,train
972,7,0.0037500668344686897,81.88,62.7164995442115,14,41508.6458682606,58.9954337899543,Significant_Damage_And_Fatalities,8,0.402301478543094,0,train
9772,2,0.391140729739186,77.09,61.485870556062004,8,28929.744669350097,78.2191780821918,Significant_Damage_And_Fatalities,3,0.34496285611251304,2,train
4823,2,0.30509366117033504,76.37,45.442114858705594,13,22443.893571404904,40.1369863013699,Minor_Damage_And_Injuries,0,0.623001081860801,1,train
4317,3,0.14769240129321498,81.72,64.9954421148587,14,29830.019294451,35.0228310502283,Significant_Damage_And_Serious_Injuries,1,0.50796321673278,2,train
4795,3,0.20122391367316,80.03,82.1786690975388,13,40745.7685865635,51.917808219178106,Minor_Damage_And_Injuries,7,0.262020194734944,2,train
4219,1,1.1722142956384698,80.62,70.82953509571558,18,31944.001266817202,46.6666666666667,Significant_Damage_And_Fatalities,2,0.25625027046520005,4,train
8284,4,0.0847856393439959,76.13,70.37374658158609,20,46027.181407644806,27.9908675799087,Minor_Damage_And_Injuries,1,0.382467363865849,1,train
7498,7,0.0029121853389128803,86.43,53.1905195989061,14,28451.0147010119,24.657534246575302,Significant_Damage_And_Fatalities,31,0.510848178867652,2,train
6601,6,0.00908337648476575,81.45,40.5651777575205,14,36093.8087038102,25.570776255707802,Significant_Damage_And_Fatalities,7,0.45387017670393,2,train
5367,3,0.145447149829291,77.89,54.69462169553329,15,29232.821862179902,31.1872146118721,Minor_Damage_And_Injuries,0,0.30349152542372904,1,train
10568,6,0.0073169326036967705,82.86,38.787602552415706,11,28384.5263097579,47.9908675799087,Minor_Damage_And_Injuries,13,0.759315542733501,2,train
11410,1,0.814746310734396,81.24,85.9617137648131,9,22102.038543134102,40.5479452054794,Highly_Fatal_And_Damaging,10,0.23136747205192898,2,train
12000,6,0.0087503462811473,80.65,82.0875113947128,8,35986.6918258484,56.7579908675799,Significant_Damage_And_Serious_Injuries,21,0.22848250991705701,2,train
8326,2,0.5414784408487849,80.12,64.4484958979034,12,40177.3017762019,56.8493150684931,Minor_Damage_And_Injuries,7,0.448460872701046,3,train
549,5,0.0268038442368048,78.67,54.1932543299909,12,39083.4123264333,55.5707762557078,Highly_Fatal_And_Damaging,0,0.6049700685178511,0,train
10605,1,1.9774093051959398,81.83,72.7438468550593,16,57708.1398683153,42.648401826484,Minor_Damage_And_Injuries,0,0.18665055896141297,3,train
422,1,0.7160175002615309,81.64,65.1321786690975,16,19806.9790519253,28.493150684931503,Significant_Damage_And_Serious_Injuries,4,0.38823728813559294,2,train
3825,6,0.00857347982384688,83.39,50.7748404740201,12,34947.3962820931,54.3835616438356,Significant_Damage_And_Serious_Injuries,7,0.499668950595023,3,train
7820,5,0.0214970113327098,79.74,77.7575205104832,17,32133.432178501298,39.726027397260296,Minor_Damage_And_Injuries,2,0.390401009736747,3,train
3336,4,0.0503896935162612,81.44,69.4165907019143,13,27222.894127003397,51.917808219178106,Minor_Damage_And_Injuries,10,0.440887847097007,2,train
6705,6,0.00914632811267066,76.49,57.474931631722896,16,33495.7760928761,43.01369863013699,Minor_Damage_And_Injuries,8,0.21117273710782503,2,train
6130,2,0.429534515417133,79.51,66.7730173199635,13,31748.2529497146,29.589041095890398,Highly_Fatal_And_Damaging,8,0.325849981968986,2,train
9797,2,0.5661870889814871,80.47,82.04193254329991,22,41697.1749234405,23.1963470319635,Minor_Damage_And_Injuries,10,0.31719509556437103,0,train
11712,2,0.238677717027038,79.42,60.027347310847794,12,17506.1009664625,52.9223744292237,Minor_Damage_And_Injuries,8,0.448100252434187,1,train
10451,2,0.577208625420804,77.49,66.9097538742024,14,42848.6249545133,48.7214611872146,Minor_Damage_And_Injuries,1,0.30637648755860103,3,train
10911,4,0.0492733156692622,78.02,65.22333637192351,9,26782.0242843159,52.2374429223744,Highly_Fatal_And_Damaging,14,0.38931914893617,2,train
11755,3,0.131340504997494,77.17,62.5341841385597,9,26277.0351261399,52.9223744292237,Significant_Damage_And_Serious_Injuries,6,0.34352037504507804,3,train
3680,3,0.22782938917797302,83.1,51.1850501367366,16,45582.9699395343,27.762557077625605,Minor_Damage_And_Injuries,3,0.34171727371078203,1,train
6851,3,0.153870216557604,85.31,47.17411121239739,16,30889.1456903206,29.8173515981735,Minor_Damage_And_Injuries,5,0.549795167688424,2,train
8213,4,0.0689092451052821,77.9,64.8131267092069,13,37657.6872093112,40.3196347031963,Significant_Damage_And_Serious_Injuries,9,0.438002884962135,2,train
8613,6,0.00576194429255706,79.72,45.7611668185962,11,20488.376808653302,46.8493150684931,Minor_Damage_And_Injuries,1,0.388597908402452,2,train
7673,2,0.528221263058296,81.13,65.0410209662717,11,39069.3760403725,36.986301369863,Highly_Fatal_And_Damaging,0,0.274641904075009,1,train
691,1,1.36636436145827,77.36,74.74931631722879,15,36929.4217155852,32.2374429223744,Significant_Damage_And_Serious_Injuries,6,0.20143598990263198,3,train
6454,2,0.252547764645463,82.46,42.616226071103,17,19136.0861004631,24.8401826484018,Minor_Damage_And_Injuries,33,0.47370429138117603,3,train
7127,3,0.13103602789485302,82.49,77.52962625341841,12,26346.5048146761,43.5159817351598,Significant_Damage_And_Serious_Injuries,3,0.31394951316263997,3,train
9128,5,0.0156495657213551,79.33,48.31358249772101,12,23295.3130587911,53.150684931506795,Minor_Damage_And_Injuries,7,0.510848178867652,3,train
730,2,0.37287291532882705,77.35,48.678213309024706,19,27654.2850151467,30.776255707762605,Highly_Fatal_And_Damaging,2,0.693322033898305,2,train
7184,3,0.18762965910647197,79.03,53.600729261622604,11,37608.9061537303,46.6666666666667,Significant_Damage_And_Serious_Injuries,7,0.695485755499459,2,train
10581,2,0.6191857633807429,76.73,61.440291704649105,11,45331.8312811159,36.392694063926896,Highly_Fatal_And_Damaging,13,0.423217454020916,2,train
8036,3,0.157836605440154,77.02,68.5050136736554,10,31688.288371221002,49.2237442922374,Significant_Damage_And_Serious_Injuries,1,0.3597482870537321,1,train
10122,7,0.0038889087914448102,74.82,38.9699179580674,14,43447.1518302216,60.5936073059361,Significant_Damage_And_Serious_Injuries,3,0.710992426974395,3,train
10928,1,0.387799082295146,76.72,53.96536007292621,14,11268.2935055275,26.4840182648402,Significant_Damage_And_Fatalities,2,0.48812910205553495,2,train
6363,1,1.35005026474898,76.78,57.5660893345488,15,36698.1710217348,22.648401826483997,Highly_Fatal_And_Damaging,0,0.404465200144248,2,train
8156,2,0.493776601022126,77.39,69.8268003646308,10,36247.5362907565,50.95890410958901,Significant_Damage_And_Serious_Injuries,0,0.38174612333213104,4,train
4945,4,0.0890163912404086,79.12,76.4357338195078,13,48746.7218828066,27.1689497716895,Highly_Fatal_And_Damaging,13,0.532124774612333,2,train
339,4,0.0279296157916735,76.94,86.78213309024609,13,14957.1522640326,26.7123287671233,Highly_Fatal_And_Damaging,5,0.269953840605842,3,train
11117,4,0.0702953918638819,76.79,58.249772105742906,14,38660.0959485539,37.2146118721461,Significant_Damage_And_Serious_Injuries,2,0.39112225027046504,2,train
2533,4,0.068210006095578,77.52,82.0875113947128,6,37253.905366837,52.739726027397204,Highly_Fatal_And_Damaging,20,0.22848250991705701,0,train
6915,7,0.00277805661424645,82.71,71.19416590701921,16,31647.884323696002,16.3470319634703,Highly_Fatal_And_Damaging,2,0.5822509917057329,1,train
67,4,0.0885598042612784,76.06,60.20966271649961,17,47964.94338904019,14.337899543378999,Highly_Fatal_And_Damaging,1,0.36623945185719403,1,train
9634,4,0.0592921596021897,77.0,61.440291704649105,13,32019.919489192,26.9406392694064,Highly_Fatal_And_Damaging,5,0.346405337179949,2,train
2588,3,0.193613017863946,78.03,40.2917046490429,12,38732.7086974327,54.84018264840179,Highly_Fatal_And_Damaging,1,0.59090587811035,2,train
9114,3,0.0950588591438292,78.83,51.640838650866,15,18799.489572745802,32.8310502283105,Minor_Damage_And_Injuries,5,0.288345474215651,0,train
151,4,0.0702953918638819,77.91,63.4457611668186,13,38835.975037127,29.7260273972603,Highly_Fatal_And_Damaging,4,0.32116191849982,1,train
515,5,0.0324373855024073,78.54,69.18869644484961,14,48088.2017203851,47.4885844748858,Minor_Damage_And_Injuries,1,0.262020194734944,1,train
8439,5,0.0299604645458222,79.99,46.2625341841386,12,45075.2781182304,53.1963470319635,Highly_Fatal_And_Damaging,0,0.510848178867652,3,train
7637,4,0.0284279690986392,79.03,49.2707383773929,14,15656.6371844094,25.296803652968002,Significant_Damage_And_Fatalities,0,0.850913090515687,3,train
1874,7,0.00142941827528228,77.01,59.7538742023701,19,14342.690654811202,41.5068493150685,Significant_Damage_And_Fatalities,17,0.37597619906238705,2,train
9361,4,0.0908497525568715,75.07,70.7383773928897,17,49396.8764131783,13.789954337899498,Highly_Fatal_And_Damaging,4,0.243989181391994,1,train
1340,6,0.008659010692678609,79.51,79.6718322698268,10,33701.3739418717,48.6301369863014,Significant_Damage_And_Serious_Injuries,4,0.29555787955283,1,train
6609,2,0.55117256042946,82.82,58.8422971741112,13,40741.8822675604,51.324200913241995,Minor_Damage_And_Injuries,0,0.41420194734944105,1,train
12215,2,0.28171276452965804,78.97,59.480401093892496,15,20692.5240026338,42.9680365296804,Minor_Damage_And_Injuries,25,0.29483663901911306,2,train
375,2,0.33562780893799105,78.97,73.33637192342749,12,24800.822329370498,56.62100456620999,Minor_Damage_And_Injuries,6,0.342799134511359,2,train
9381,4,0.0700961253409168,77.74,67.7301731996354,16,38472.6989638762,16.8036529680365,Highly_Fatal_And_Damaging,14,0.23136747205192898,3,train
3011,3,0.12079784811995199,77.51,66.9097538742024,11,24094.679128533196,47.1232876712329,Significant_Damage_And_Serious_Injuries,7,0.322965019834114,0,train
12075,2,0.637297326574672,76.9,72.8805834092981,14,47141.2263132954,47.9908675799087,Minor_Damage_And_Injuries,8,0.24218608005769898,2,train
11378,1,1.1104317652149298,77.1,74.61257976299,16,30184.6648912744,19.1780821917808,Highly_Fatal_And_Damaging,5,0.20432095203750503,3,train
2824,1,1.6707826995897799,84.15,78.5779398359162,13,46445.709096156905,29.3607305936073,Highly_Fatal_And_Damaging,13,0.243989181391994,0,train
3793,1,1.49336645053839,79.68,66.9097538742024,12,40524.8951127185,29.7716894977169,Highly_Fatal_And_Damaging,3,0.304212765957447,2,train
1307,1,1.6827248753265402,79.53,51.9143117593437,9,46503.709132724805,40.7762557077626,Significant_Damage_And_Fatalities,7,0.517339343671114,1,train
72,6,0.00821422374383652,80.35,64.767547857794,14,32439.2562768273,25.479452054794503,Highly_Fatal_And_Damaging,12,0.457115759105661,3,train
10415,6,0.00787225123456485,79.2,71.6955332725615,14,31993.458888341,37.2146118721461,Significant_Damage_And_Serious_Injuries,8,0.363715109989181,0,train
7037,3,0.13646185388676402,79.61,66.9097538742024,11,27486.6947438252,45.296803652967995,Significant_Damage_And_Serious_Injuries,2,0.419971871619185,3,train
8026,1,1.00860793316672,78.86,54.557885141294406,8,27346.336662165097,45.890410958904106,Significant_Damage_And_Fatalities,10,0.538615939415795,2,train
5931,3,0.131603582407155,80.06,53.281677301731996,13,26187.948380089398,38.4474885844749,Minor_Damage_And_Injuries,1,0.250119725928597,3,train
5197,7,0.00340300794355129,78.95,53.2360984503191,16,37802.014359812594,40.6392694063927,Highly_Fatal_And_Damaging,8,0.385352326000721,2,train
891,1,1.21021150227993,85.02,74.9316317228806,14,32896.9593523965,23.1050228310502,Highly_Fatal_And_Damaging,16,0.457115759105661,1,train
1947,2,0.7778018025432901,78.46,59.7082953509572,13,54788.2470429217,40.9132420091324,Significant_Damage_And_Serious_Injuries,0,0.5213061666065629,2,train
5769,3,0.22694424407898803,81.84,57.748404740200606,16,45781.3927554685,17.7168949771689,Highly_Fatal_And_Damaging,3,0.35542084385142403,3,train
9535,4,0.047659140392875,79.39,64.17502278942571,15,26433.2861366269,31.369863013698602,Significant_Damage_And_Serious_Injuries,4,0.414923187883159,2,train
8878,7,0.00212511012983095,79.42,75.8432087511395,8,25964.2580811227,78.675799086758,Significant_Damage_And_Fatalities,1,0.23894049765596803,4,train
5529,1,0.750477041789785,77.13,67.50227894257071,17,20293.2693818548,15.296803652967998,Highly_Fatal_And_Damaging,10,0.283296790479625,0,train
5604,5,0.0220287593717194,78.49,60.7110300820419,10,31500.179331516803,60.136986301369895,Minor_Damage_And_Injuries,1,0.41816877028489,2,train
7525,2,0.505377819866193,85.24,58.0674567000912,12,37215.0757155478,55.7077625570776,Minor_Damage_And_Injuries,23,0.438002884962135,3,train
6485,6,0.0029594191554096,79.31,55.9708295350957,11,12320.283534369199,56.52968036529679,Highly_Fatal_And_Damaging,0,0.37020627479264295,2,train
10076,3,0.15533691157487198,82.49,74.9772105742936,14,31592.253491779,23.6986301369863,Highly_Fatal_And_Damaging,15,0.300606563288856,2,train
7265,3,0.105891316867506,75.05,59.6171376481313,20,21193.4253281044,18.3561643835616,Significant_Damage_And_Serious_Injuries,5,0.273560043274432,2,train
10347,6,0.006468685837494779,80.66,59.480401093892496,11,27486.6947438252,45.4794520547945,Significant_Damage_And_Serious_Injuries,2,0.45134583483591795,1,train
4888,3,0.121638567542421,80.82,42.8441203281678,9,24407.9850030993,39.5433789954338,Significant_Damage_And_Fatalities,0,0.6334590695997111,2,train
10447,2,0.404487468588732,81.76,73.9744758432088,11,30068.578732487596,57.5342465753425,Minor_Damage_And_Injuries,9,0.3352261089073211,3,train
7539,7,0.00411119172288155,81.96,58.8422971741112,12,41899.6328628165,65.7534246575342,Significant_Damage_And_Fatalities,2,0.46721312657771297,3,train
2398,3,0.0917993426892184,80.9,79.6718322698268,10,18687.8752280225,48.4474885844749,Significant_Damage_And_Serious_Injuries,0,0.262380815001803,3,train
969,1,1.2206208957910802,78.22,64.4484958979034,8,33179.916004662795,70.0,Minor_Damage_And_Injuries,2,0.414923187883159,4,train
8589,2,0.30509366117033504,80.65,86.918869644485,11,22458.282532452,36.0730593607306,Highly_Fatal_And_Damaging,1,0.203599711503786,2,train
3209,7,0.0038321396521750297,78.53,77.8030993618961,12,43717.2844019346,43.6529680365297,Significant_Damage_And_Serious_Injuries,10,0.311064551027768,2,train
11710,3,0.17151013393546302,78.68,53.96536007292621,12,34338.061726616805,44.4292237442922,Minor_Damage_And_Injuries,3,0.43223296069239103,0,train
11214,3,0.17531953312287804,79.53,77.02825888787599,13,35393.989690318704,39.178082191780796,Significant_Damage_And_Serious_Injuries,3,0.368403173458348,4,train
7282,4,0.0419814175319841,85.1,48.5870556061987,15,22888.0824961257,22.1004566210046,Significant_Damage_And_Fatalities,10,0.850913090515687,2,train
6844,1,1.74715565083698,83.63,72.69826800364629,10,47358.6935139444,39.041095890411,Highly_Fatal_And_Damaging,2,0.219106382978723,2,train
5975,2,0.31726463837149105,81.13,74.74931631722879,8,23412.7822849923,43.698630136986296,Highly_Fatal_And_Damaging,3,0.28509989181392,1,train
809,4,0.0745197124194174,78.13,49.9544211485871,17,40580.037740715,14.703196347032002,Significant_Damage_And_Fatalities,0,0.47045870897944503,3,train
679,2,0.364061424020803,79.81,68.003646308113,17,26992.7869170996,48.8584474885845,Significant_Damage_And_Fatalities,5,0.158882798413271,1,train
373,7,0.0037170874293526203,80.37,71.285323609845,11,38405.2090260466,59.36073059360729,Minor_Damage_And_Injuries,3,0.265626397403534,3,train
3707,2,0.40130981931802706,79.31,67.7757520510483,15,29763.1841640457,43.47031963470321,Minor_Damage_And_Injuries,2,0.19386296429859304,2,train
11224,1,1.08659236590527,81.99,69.5989061075661,13,29221.5095687008,50.7305936073059,Minor_Damage_And_Injuries,0,0.33883231157591,3,train
7944,4,0.0879618931719142,77.3,71.2397447584321,19,48831.6275615329,31.735159817351605,Minor_Damage_And_Injuries,17,0.388958528669311,4,train
11834,7,0.00391760256780998,75.98,40.838650865998204,9,46713.1308762299,77.8082191780822,Significant_Damage_And_Serious_Injuries,6,0.40662892174540205,1,train
6390,4,0.0813389577595862,78.61,75.11394712853242,7,44315.605350123,47.899543378995396,Highly_Fatal_And_Damaging,6,0.314310133429499,3,train
11953,5,0.0266561233781544,88.78,61.303555150410205,7,40130.086673228,49.5890410958904,Highly_Fatal_And_Damaging,7,0.476228633249188,3,train
8130,4,0.0435688687075891,79.17,89.24339106654509,13,23807.854178782203,39.4520547945205,Significant_Damage_And_Serious_Injuries,2,0.245071042192571,2,train
11508,3,0.153635639691209,80.09,60.7110300820419,16,31151.7511553384,41.324200913242,Minor_Damage_And_Injuries,2,0.3492902993148211,2,train
10458,2,0.533684621923382,82.01,92.3883318140383,7,39378.283889151804,58.6301369863014,Highly_Fatal_And_Damaging,2,0.18196249549224697,3,train
1670,2,0.454659027571974,81.45,47.7210574293528,16,33717.6108535464,29.5433789954338,Minor_Damage_And_Injuries,12,0.374533717994951,1,train
11534,3,0.193090443884492,80.07,80.4010938924339,6,38546.092013877904,62.739726027397296,Significant_Damage_And_Serious_Injuries,5,0.523469888207717,2,train
8525,1,0.88583863584684,79.16,62.944393801276206,12,24605.471319082997,30.776255707762605,Highly_Fatal_And_Damaging,1,0.44485467003245505,1,train
624,2,0.35590570173681796,83.64,59.480401093892496,16,26158.0508321166,42.283105022831,Minor_Damage_And_Injuries,15,0.40807140281283794,1,train
4016,7,0.00297716595272454,77.27,52.415679124886104,14,35719.992068152795,59.634703196347,Significant_Damage_And_Serious_Injuries,6,0.334144248106743,0,train
9847,5,0.0163680516978405,83.56,79.5806745670009,18,25752.5205427094,10.867579908675802,Highly_Fatal_And_Damaging,3,0.199993508835196,2,train
8755,7,0.00291873197749456,86.47,65.1321786690975,9,31631.3776117869,76.027397260274,Significant_Damage_And_Fatalities,6,0.331980526505589,2,train
49,4,0.077011310665794,79.28,69.91795806745671,10,42415.683109527,37.5799086757991,Highly_Fatal_And_Damaging,12,0.306737107825459,3,train
6354,3,0.137231411214061,82.23,54.2844120328168,12,27604.7186624325,53.105022831050206,Significant_Damage_And_Serious_Injuries,10,0.605691309051569,3,train
4577,5,0.0283280931345818,80.06,58.02187784867821,13,41703.4532879954,52.55707762557079,Minor_Damage_And_Injuries,3,0.219467003245582,1,train
10144,4,0.0443025905213973,81.76,64.8131267092069,16,24242.431985578998,29.4977168949772,Significant_Damage_And_Serious_Injuries,2,0.438002884962135,2,train
7373,4,0.0697843616372638,82.72,41.5679124886053,15,37852.9381954139,20.5479452054795,Significant_Damage_And_Fatalities,2,0.621919221060224,3,train
9475,2,0.592637233865426,76.4,62.625341841385605,14,43870.357040907,36.5753424657534,Significant_Damage_And_Serious_Injuries,3,0.317555715831229,2,train
9086,1,1.5254359279890002,80.55,80.8568824065634,12,41502.6668199476,55.9360730593607,Minor_Damage_And_Injuries,1,0.269953840605842,0,train
5066,7,0.0035468718607600705,79.31,86.2351868732908,17,40060.4017724961,50.22831050228311,Significant_Damage_And_Fatalities,8,0.27103570140641897,4,train
213,4,0.0609647807572276,80.63,58.5232452142206,10,33655.7481525239,39.8173515981735,Highly_Fatal_And_Damaging,4,0.29591849981969,2,train
7772,4,0.0361958432532648,80.21,72.151321786691,10,19615.290329981002,39.726027397260296,Highly_Fatal_And_Damaging,0,0.276084385142445,3,train
12454,4,0.0753117470472317,78.52,64.9042844120328,9,40833.4652166856,66.25570776255711,Minor_Damage_And_Injuries,7,0.329095564370718,0,train
6393,4,0.0553078262715637,86.43,62.1239744758432,11,30163.1094343542,35.753424657534204,Highly_Fatal_And_Damaging,6,0.427905517490083,1,train
9319,5,0.0289622518314474,79.89,48.9061075660894,14,45332.3027606441,47.6255707762557,Highly_Fatal_And_Damaging,1,0.541140281283808,4,train
7446,6,0.00713918772315649,78.48,76.5724703737466,17,28852.4655752009,38.7214611872146,Minor_Damage_And_Injuries,2,0.281854309412189,2,train
10173,3,0.202363110539689,79.71,63.76481312670921,21,40209.1863413367,14.611872146118698,Significant_Damage_And_Serious_Injuries,3,0.509405697800216,2,train
472,7,0.0032011061219487,78.4,58.38650865998179,15,32342.109345125602,21.735159817351605,Highly_Fatal_And_Damaging,0,0.323325640100974,2,train
1335,1,1.23498218675338,78.37,52.461257976299,15,33386.703248467595,33.0593607305936,Minor_Damage_And_Injuries,2,0.6385077533357371,3,train
1458,6,0.00863651527298157,82.41,61.6226071103008,12,35337.592665834396,42.328767123287705,Significant_Damage_And_Serious_Injuries,1,0.26346267580238,2,train
3024,2,0.47830603239079794,79.76,70.464904284412,8,35354.6491535324,68.7671232876712,Minor_Damage_And_Injuries,2,0.330538045438154,2,train
5607,1,0.6601729640902421,77.17,69.2342752962625,16,17590.8270501035,40.2283105022831,Minor_Damage_And_Injuries,0,0.333423007573026,3,train
3260,7,0.00288591349627339,86.47,79.71741112123979,11,29881.473065472,70.0913242009132,Significant_Damage_And_Fatalities,11,0.230285611251352,4,train
12167,1,0.7944609318681809,80.37,74.29352780309941,9,21782.8175480912,42.283105022831,Highly_Fatal_And_Damaging,13,0.33883231157591,2,train
1449,6,0.00656903894305681,86.4,69.0975387420237,10,28320.7285987516,50.95890410958901,Significant_Damage_And_Serious_Injuries,7,0.38030364226469504,2,train
9259,3,0.23473522219048001,76.74,69.73564266180489,20,47182.814607408094,18.3561643835616,Significant_Damage_And_Serious_Injuries,8,0.23064623151821104,0,train
7794,4,0.0670328004795129,79.27,70.510483135825,16,36866.602231857,19.1324200913242,Highly_Fatal_And_Damaging,4,0.28437865128020196,3,train
8033,2,0.623420577171322,83.64,66.8641750227894,16,45992.7707754917,41.7351598173516,Minor_Damage_And_Injuries,22,0.420332491886044,2,train
7456,6,0.006099969548080461,78.53,77.7119416590702,11,25556.9388061089,34.3835616438356,Highly_Fatal_And_Damaging,4,0.24110421925712197,2,train
8919,2,0.603490069579617,79.31,69.91795806745671,17,44762.5045506306,48.8584474885845,Significant_Damage_And_Fatalities,6,0.29231229715109996,3,train
8321,3,0.27447787565096,76.19,73.4275296262534,10,58393.7562511413,48.9041095890411,Significant_Damage_And_Serious_Injuries,1,0.419971871619185,3,train
9429,5,0.0172239467347377,79.87,74.0200546946217,12,26266.3679590952,41.1415525114155,Significant_Damage_And_Serious_Injuries,3,0.237498016588532,2,train
1486,6,0.00846337091273997,80.9,50.3646308113035,12,35275.1736500642,56.52968036529679,Highly_Fatal_And_Damaging,10,0.476949873782906,1,train
6061,4,0.0408770658166928,82.34,39.7903372835005,9,22327.5246569269,41.3698630136986,Significant_Damage_And_Fatalities,10,0.578644789037144,3,train
9566,2,0.7778018025432901,78.24,65.587967183227,16,54788.2470429217,41.324200913242,Minor_Damage_And_Injuries,8,0.3460447169130901,1,train
7098,4,0.0813389577595862,78.16,57.9762989972653,14,45004.00139822019,23.7899543378995,Highly_Fatal_And_Damaging,13,0.37597619906238705,1,train
9436,3,0.10424594237075399,79.29,56.9279854147676,11,20985.5640745089,45.4794520547945,Minor_Damage_And_Injuries,1,0.414923187883159,2,train
6966,4,0.0979063303069243,85.92,77.1194165907019,8,53200.8631540441,55.79908675799089,Significant_Damage_And_Serious_Injuries,11,0.32116191849982,1,train
1759,6,0.0117567892943136,77.2,58.02187784867821,9,45864.178042370404,54.5205479452055,Significant_Damage_And_Serious_Injuries,1,0.482359177785791,3,train
9996,1,0.728658038491673,79.56,62.1695533272562,8,19643.5987363401,44.5205479452055,Highly_Fatal_And_Damaging,1,0.219467003245582,1,train
4428,1,1.3929664110097502,78.55,38.9243391066545,14,37945.780251352204,25.616438356164398,Significant_Damage_And_Fatalities,2,0.710992426974395,1,train
7932,6,0.0113283291184958,77.26,75.11394712853242,17,45645.0096876542,27.8538812785388,Significant_Damage_And_Serious_Injuries,8,0.265626397403534,2,train
2609,1,0.9784546265153471,75.68,80.6745670009116,16,26623.2048805474,18.310502283105,Highly_Fatal_And_Damaging,1,0.2201882437793,3,train
1408,5,0.014990810229226001,78.29,59.0701914311759,16,23487.7294956704,18.310502283105,Highly_Fatal_And_Damaging,9,0.392564731337901,3,train
8897,2,0.623420577171322,75.41,69.0519598906108,6,46273.2400084029,76.6666666666667,Minor_Damage_And_Injuries,12,0.40807140281283794,4,train
8898,2,0.521370136841834,81.99,66.8641750227894,11,38719.6875106846,58.401826484018294,Minor_Damage_And_Injuries,2,0.263823296069239,1,train
9138,3,0.146736433115703,77.25,55.560619872379206,16,29541.1841118771,53.74429223744289,Significant_Damage_And_Serious_Injuries,2,0.5995607645149661,4,train
11968,6,0.00985056613714295,80.92,90.154968094804,12,39017.575919213596,41.1415525114155,Significant_Damage_And_Serious_Injuries,5,0.255168409664623,3,train
11371,5,0.0228367689591343,82.26,83.9106654512306,11,34177.244084915,57.71689497716889,Minor_Damage_And_Injuries,9,0.24290732059141698,2,train