Accident_ID,Accident_Type_Code,Adverse_Weather_Metric,Cabin_Temperature,Control_Metric,Days_Since_Inspection,Max_Elevation,Safety_Score,Severity,Total_Safety_Complaints,Turbulence_In_gforces,Violations,source
6401,7,0.0042445268454015,76.87,75.8432087511395,8,45294.83047061651,78.675799086758,Significant_Damage_And_Fatalities,13,0.276805625676163,2,train
1341,1,0.738027144366183,81.48,68.2771194165907,15,20295.7021182553,45.890410958904106,Minor_Damage_And_Injuries,0,0.324046880634692,1,train
1862,2,0.316784859744895,81.11,73.9288969917958,12,23386.4149341693,44.703196347032005,Significant_Damage_And_Serious_Injuries,4,0.37345185719437396,4,train
5135,5,0.0288232028739526,77.3,84.91340018231541,15,42113.4954189783,33.3333333333333,Significant_Damage_And_Serious_Injuries,0,0.28005120807789396,0,train
7153,1,0.7410000858734129,82.53,76.7092069279854,15,20432.2797281007,43.972602739726,Minor_Damage_And_Injuries,12,0.281854309412189,3,train
12019,3,0.20537751032371498,80.79,76.7547857793984,16,41468.3975005761,29.4977168949772,Significant_Damage_And_Serious_Injuries,10,0.30168842408943397,3,train
2819,5,0.0303240089034753,86.59,20.966271649954397,17,44475.6870097684,25.251141552511395,Minor_Damage_And_Injuries,8,0.774822214208438,0,train
8142,2,0.357171894963768,77.41,45.2597994530538,10,26365.8261288618,62.1461187214612,Minor_Damage_And_Injuries,6,0.5209455463397039,2,train
4025,7,0.00141891090081298,80.14,82.04193254329991,22,13945.5728661169,24.6118721461187,Minor_Damage_And_Injuries,4,0.31935881716552506,1,train
938,7,0.00332737623643381,78.51,76.253418413856,15,34472.083799485,56.0730593607306,Significant_Damage_And_Fatalities,16,0.378139920663541,3,train
6371,7,0.00258556122063918,78.13,52.82588878760261,17,29260.9656475168,14.703196347032002,Significant_Damage_And_Fatalities,1,0.6385077533357371,1,train
1831,4,0.0613438548147005,81.07,68.003646308113,13,33151.9098024748,28.675799086757998,Highly_Fatal_And_Damaging,1,0.366960692390912,3,train
4370,7,0.00368204558907904,78.46,74.24794895168641,16,39062.7633978191,19.2237442922374,Highly_Fatal_And_Damaging,0,0.335586729174179,0,train
7467,4,0.0745197124194174,82.2,62.625341841385605,19,40669.4425991241,30.8219178082192,Minor_Damage_And_Injuries,3,0.42718427695636496,2,train
1275,1,1.56177524617291,76.12,42.8441203281678,10,42902.3849751326,39.406392694063896,Significant_Damage_And_Fatalities,2,0.45459141723764895,2,train
11183,4,0.0382474902668748,78.2,60.9845031905196,12,21212.0283049257,31.0958904109589,Highly_Fatal_And_Damaging,25,0.584054093040028,2,train
7836,3,0.170794962939637,77.08,80.4466727438469,9,34332.4701760448,52.9223744292237,Significant_Damage_And_Serious_Injuries,0,0.231728092318788,1,train
8215,4,0.0438556546147655,88.11,64.35733819507749,14,23749.036045163797,48.767123287671204,Minor_Damage_And_Injuries,13,0.25264406779661,1,train
1370,2,0.413957736616592,77.39,49.31631722880589,15,30701.4903580148,44.5205479452055,Highly_Fatal_And_Damaging,2,0.47154056978002207,3,train
1651,2,0.546519028089821,77.49,88.4685505925251,15,40311.896520282,43.9269406392694,Minor_Damage_And_Injuries,3,0.272117562206996,0,train
8349,4,0.0497908075164823,82.66,73.0173199635369,16,27478.4645587431,19.2237442922374,Highly_Fatal_And_Damaging,1,0.293394157951677,1,train
12308,2,0.405852963176552,80.03,76.3445761166819,7,29887.8059671659,61.1872146118721,Significant_Damage_And_Serious_Injuries,14,0.374533717994951,3,train
3623,1,1.73422879922716,79.92,41.5223336371923,14,46768.822185760706,25.296803652968002,Significant_Damage_And_Fatalities,5,0.7351539848539491,1,train
9885,2,0.0595076217413258,81.26,69.690063810392,12,6695.81475147089,54.4292237442922,Minor_Damage_And_Injuries,8,0.280411828344753,1,train
2920,2,0.521828934350233,77.56,55.6061987237922,18,38703.1691908605,12.283105022830998,Significant_Damage_And_Fatalities,3,0.31935881716552506,2,train
2639,2,0.532043679599835,78.51,72.8805834092981,14,39506.6914240772,47.8538812785388,Minor_Damage_And_Injuries,7,0.363715109989181,1,train
10295,3,0.19568489082524698,76.89,75.70647219690059,9,39092.0580179608,54.4748858447489,Significant_Damage_And_Serious_Injuries,3,0.3849917057338621,3,train
7482,6,0.00665611796596474,80.78,77.4384685505925,8,27827.8514266594,57.1689497716895,Significant_Damage_And_Serious_Injuries,5,0.30998269022719105,0,train
11730,4,0.0422835255042087,80.37,62.944393801276206,12,22817.2949504869,32.4200913242009,Highly_Fatal_And_Damaging,5,0.350732780382257,1,train
6540,2,0.374260049523089,81.39,49.6809480401094,16,27654.2850151467,29.8173515981735,Minor_Damage_And_Injuries,3,0.696567616300036,3,train
2252,4,0.0650123225532149,79.21,69.0975387420237,11,35553.1857893287,33.8356164383562,Highly_Fatal_And_Damaging,6,0.24146483952398104,2,train
2180,5,0.00868877979364907,77.78,64.35733819507749,14,12660.9802816625,49.2694063926941,Minor_Damage_And_Injuries,6,0.409874504147133,1,train
5335,2,0.41399497585172995,87.0,48.9061075660894,13,30701.4903580148,27.6255707762557,Significant_Damage_And_Fatalities,7,0.438002884962135,2,train
4986,1,0.972402662659163,86.57,54.7402005469462,12,26432.644878515897,42.4200913242009,Minor_Damage_And_Injuries,8,0.36263324918860396,2,train
3769,4,0.0435847572179465,77.41,71.05742935278029,13,23734.7513059841,50.5936073059361,Minor_Damage_And_Injuries,22,0.205042192571222,3,train
4486,3,0.17125635001687103,79.14,67.00091157702829,15,34176.1227163592,33.2420091324201,Significant_Damage_And_Serious_Injuries,0,0.38751604760187497,3,train
7050,5,0.0202077464979155,78.5,61.71376481312671,16,29541.2652852581,40.9132420091324,Minor_Damage_And_Injuries,5,0.5122906599350879,2,train
7875,4,0.11442122995122998,78.54,78.07657247037379,14,55360.356917121906,23.607305936073104,Highly_Fatal_And_Damaging,7,0.36768193292463,2,train
11977,7,0.00419055705033447,82.45,72.8350045578852,18,42627.7631749649,13.698630136986301,Highly_Fatal_And_Damaging,1,0.217303281644428,4,train
8835,4,0.0531772420885427,82.31,62.2607110300821,18,29267.164873459904,34.1552511415525,Minor_Damage_And_Injuries,3,0.42718427695636496,3,train
8914,4,0.0604039658593619,80.12,34.8678213309025,9,32628.399491092,42.9680365296804,Significant_Damage_And_Fatalities,0,0.61939487919221,2,train
4875,1,0.8902819480198572,78.13,47.9945305378305,16,24605.471319082997,28.8584474885845,Minor_Damage_And_Injuries,3,0.4145625676163,1,train
4694,3,0.130516892553366,81.1,68.7784867821331,10,26335.223799634703,49.8173515981735,Significant_Damage_And_Serious_Injuries,4,0.34315975477821803,0,train
7975,3,0.153105656109876,80.44,67.6845943482224,4,30706.3547663233,60.22831050228311,Significant_Damage_And_Serious_Injuries,7,0.29447601875225393,1,train
3380,3,0.0989186225161352,79.03,37.8304466727438,19,19797.3217899341,20.8675799086758,Minor_Damage_And_Injuries,0,0.571432383699964,2,train
193,5,0.0259554503953166,83.21,76.4813126709207,12,38728.4865016046,66.25570776255711,Minor_Damage_And_Injuries,0,0.224876307248467,2,train
12323,4,0.0679868152263464,81.02,73.83773928896991,9,37351.5074719711,52.4657534246575,Highly_Fatal_And_Damaging,0,0.36984565452578405,2,train
9869,1,1.15647808158358,75.89,74.7037374658159,12,31531.7961960508,32.1461187214612,Highly_Fatal_And_Damaging,2,0.245071042192571,1,train
5842,4,0.0714058753183895,79.14,69.7812215132179,16,39202.4925208187,31.0958904109589,Significant_Damage_And_Serious_Injuries,6,0.31719509556437103,1,train
11039,4,0.0538478066834855,79.33,57.9762989972653,9,29224.022983143303,41.5525114155251,Highly_Fatal_And_Damaging,1,0.503996393797331,2,train
11493,5,0.0261495333196884,78.64,63.4457611668186,8,38537.363408144905,56.1187214611872,Significant_Damage_And_Serious_Injuries,1,0.482359177785791,2,train
305,4,0.0748983296849029,79.77,62.1695533272562,10,40846.9168997547,40.365296803653,Highly_Fatal_And_Damaging,7,0.42177497295348,2,train
612,3,0.16817304288473597,80.37,69.5989061075661,17,33771.9962999398,27.8538812785388,Significant_Damage_And_Serious_Injuries,1,0.318276956364948,3,train
4963,5,0.026380928931565,76.92,39.8359161349134,8,39820.419251239706,56.2100456621004,Minor_Damage_And_Injuries,0,0.5981182834475289,2,train
9387,5,0.0170358910014253,77.46,45.487693710118506,13,26005.3229868944,50.0,Highly_Fatal_And_Damaging,3,0.382467363865849,2,train
1,4,0.0696924473309929,78.32,72.151321786691,16,37949.724386183996,19.4977168949772,,6,0.388958528669311,2,test
10,7,0.00277740022017135,78.6,64.5852324521422,15,30194.805567351203,58.1735159817352,,3,0.25084096646231496,2,test
14,6,0.00431639490470017,86.96,64.7219690063811,15,17572.9254839105,33.287671232876704,,3,0.336668589974756,1,test
17,3,0.199990448988869,80.86,66.362807657247,21,40209.1863413367,3.2876712328767095,,5,0.42177497295348,2,test
21,2,0.48369584645779,79.22,56.107566089334604,18,35495.525407636,10.867579908675802,,2,0.313228272628922,2,test
40,2,0.22104033381928,77.08,52.5979945305378,8,15496.0861565499,44.794520547945204,,14,0.366960692390912,1,test
45,7,0.0021957592815412303,88.48,66.4995442114859,13,23226.2368947895,62.3744292237443,,13,0.375615578795528,3,test
50,4,0.0717069574184071,80.09,66.1804922515953,17,39076.3135320841,14.5205479452055,,5,0.41384132708258203,1,test
52,6,0.00937101263382326,78.37,67.7301731996354,20,38472.6989638762,0.0,,0,0.20396033177064501,2,test
85,6,0.00605108745987546,82.69,66.5451230628988,11,25419.8015193351,45.9817351598173,,4,0.252283447529751,2,test
95,3,0.202521398591503,79.43,57.474931631722896,10,40646.9528251508,48.310502283105,,7,0.311064551027768,2,test
106,3,0.143456826207749,77.29,65.3600729261623,21,28793.916018702403,13.9269406392694,,9,0.274641904075009,1,test
111,7,0.0020724634618585103,78.03,67.50227894257071,7,20061.5449045476,48.675799086758005,,3,0.251922827262892,4,test
123,7,0.0030233534603612802,86.43,55.9252506836828,15,34985.7217148431,57.077625570776206,,22,0.72758095924991,2,test
129,5,0.0318246854752331,78.89,68.04922515952599,17,47681.6955882409,50.0456621004566,,8,0.362272628921745,3,test
130,3,0.135850462114308,76.98,63.90154968094811,17,27480.0655746523,25.251141552511395,,6,0.33450486837360305,1,test
132,4,0.0589535428536337,78.58,76.6180492251596,14,32340.4457051999,23.607305936073104,,5,0.22956437071763397,3,test
137,1,1.4845242861878,77.42,67.7757520510483,9,40353.5539105044,53.6529680365297,,2,0.449542733501623,1,test
159,6,0.00675229101780232,81.45,48.31358249772101,12,26137.024085075,53.150684931506795,,15,0.41889001081860794,2,test
161,1,0.7547249211947241,94.2,56.2898814949863,12,19949.517832695,31.1872146118721,,2,0.324407500901551,4,test
162,1,1.7000268879320202,77.79,60.57429352780311,11,45265.3882053258,33.7442922374429,,3,0.401940858276235,1,test
166,4,0.0435688687075891,84.0,84.8678213309025,14,24101.1426632183,37.1689497716895,,14,0.289427335016228,2,test
170,7,0.0037850985581855796,76.87,47.265268915223395,14,45290.8914732731,24.9315068493151,,8,0.460000721240533,2,test
173,1,1.22848163640623,79.64,53.2360984503191,19,33386.703248467595,31.8264840182648,,0,0.61939487919221,2,test
177,4,0.0591195118912739,79.01,79.8997265268915,7,32183.6566153411,49.4520547945205,,2,0.28906671474936896,2,test
180,7,0.0042363702107474106,77.82,78.1221513217867,16,44041.913776203895,50.0456621004566,,6,0.267429498737829,1,test
182,1,0.8715295872793659,83.01,56.38103919781221,21,23728.3517080817,0.45662100456620996,,14,0.590545257843491,1,test
183,4,0.0652770328532724,79.39,69.1431175934367,10,35553.1857893287,39.178082191780796,,2,0.24543166245943,3,test
184,7,0.00278289133570023,80.13,54.4667274384686,15,29154.544588408302,22.648401826483997,,5,0.35758456545257894,3,test
188,4,0.0707412082678978,79.23,69.5077484047402,12,38801.3690549755,41.9634703196347,,2,0.3936465921384779,3,test
190,7,0.0021741484203101,81.8,72.6526891522334,20,25306.6523873173,29.634703196346997,,12,0.43223296069239103,3,test
191,7,0.00257166538507724,83.17,49.4986326344576,10,31631.3776117869,61.5068493150685,,10,0.44413342949873796,2,test
201,3,0.114141494579157,83.19,53.919781221513205,11,23192.1558746436,47.71689497716889,,0,0.312867652362062,1,test
203,4,0.0398611264038201,77.25,60.3463992707384,14,21564.025038108997,26.027397260274,,2,0.36623945185719403,3,test
206,3,0.112244853314345,78.52,52.506836827712,15,22470.3747333267,45.342465753424705,,4,0.439805986296429,3,test
217,5,0.0281920327260977,82.09,74.29352780309941,15,42771.4992003673,45.342465753424705,,10,0.33883231157591,2,test
220,4,0.0592921596021897,78.4,57.8851412944394,16,32032.1337903346,16.4840182648402,,29,0.404104579877389,2,test
221,7,0.00356776833668411,80.71,67.0464904284412,7,38971.584973980294,71.8721461187215,,44,0.404104579877389,0,test
225,4,0.08632702221355,78.63,66.4995442114859,14,47507.011331619906,23.7899543378995,,14,0.319719437432383,4,test
229,7,0.00413545404580896,82.38,48.8149498632635,13,46704.2180453679,61.41552511415521,,13,0.560613775694194,2,test
231,4,0.0548024694560782,78.37,68.7329079307201,10,29653.007679926202,59.634703196347,,13,0.15960403894698902,3,test
232,3,0.19146809982118598,79.85,65.2689152233364,13,38340.1216892705,39.178082191780796,,0,0.255168409664623,1,test
234,7,0.00324948173042506,82.43,70.82953509571558,17,36166.0039080309,51.3698630136986,,2,0.25625027046520005,2,test
236,1,1.2255432423531898,79.89,55.0592525068368,19,33143.9853063049,8.53881278538813,,10,0.539697800216372,4,test
237,1,1.24933997725514,76.71,81.5861440291705,11,34183.351199220895,68.675799086758,,13,0.47226181031373904,2,test
240,4,0.0751284641453142,78.55,75.93436645396541,17,40808.477420646,14.0639269406393,,5,0.38823728813559294,3,test
245,4,0.0523085891514352,77.2,56.4721969006381,13,28454.4613989612,40.1826484018265,,2,0.48632600072124,2,test
250,3,0.142168756635151,77.1,67.86690975387421,6,28426.2598561677,76.1187214611872,,23,0.377418680129823,3,test
252,4,0.0605695652954106,83.07,85.5970829535096,13,32693.577694673597,29.3607305936073,,0,0.22848250991705701,3,test
254,6,0.00815007856852143,82.49,81.996353691887,13,32213.696003509904,41.415525114155294,,6,0.31935881716552506,3,test
261,4,0.0557082103084701,76.9,69.18869644484961,17,30497.8886605549,36.3470319634703,,0,0.44593653083303203,3,test
265,7,0.00288591349627339,81.97,55.0136736554239,7,32028.742081542598,47.3059360730593,,0,0.302409664623152,1,test
266,6,0.0100243730139918,77.53,89.9726526891523,13,42198.5543060512,63.8356164383562,,3,0.313228272628922,2,test
271,4,0.0577759264269542,76.92,61.2579762989973,10,31255.250146990402,38.1278538812785,,7,0.303852145690588,2,test
273,2,0.456318241492659,79.61,53.96536007292621,15,33591.98082476,46.027397260274,,2,0.38210674359899,1,test
274,4,0.0744031240416435,81.78,53.96536007292621,13,40424.9109192326,40.7305936073059,,2,0.43223296069239103,3,test
275,1,0.849133433713455,78.08,84.2752962625342,12,23197.1080931768,32.1461187214612,,10,0.21441831950955603,2,test
280,2,0.44081507457891206,76.35,66.0893345487694,8,32592.490029437,69.5433789954338,,1,0.339914172376487,2,test
285,7,0.00493421862080108,81.33,63.3546034639927,5,47715.831462732305,56.8493150684931,,4,0.22595816804904398,2,test
292,1,1.35005026474898,81.97,60.4375569735643,5,36722.333573037096,55.8447488584475,,4,0.31034331049404995,1,test
304,2,0.416047912147046,77.6,85.5970829535096,10,30649.1913215042,61.643835616438295,,5,0.488850342589253,2,test
311,2,0.28171276452965804,83.97,45.67000911577029,13,20799.925591698302,40.1369863013699,,10,0.40482582041110704,1,test
316,1,1.1584993148904599,77.21,45.67000911577029,12,31633.6906386513,31.0958904109589,,2,0.401219617742517,1,test
317,3,0.0756091709686122,82.82,57.2926162260711,7,14552.7349096771,46.4840182648402,,20,0.39076163000360603,2,test
318,3,0.13411018996452,81.23,75.2962625341842,11,26757.665677276298,46.6666666666667,,2,0.208648395239812,4,test
321,4,0.0675554068466956,76.31,65.67912488605289,14,36736.6428204931,36.301369863013704,,5,0.578644789037144,2,test
322,4,0.0529759992897854,77.69,74.29352780309941,11,29123.2583793699,35.4337899543379,,6,0.19819040750090197,2,test
327,6,0.0112415293720467,80.64,62.3974475843209,15,45881.8023814062,55.79908675799089,,7,0.30745834835917796,1,test
332,3,0.0959492507511792,78.1,82.0875113947128,17,19446.333912103,26.4840182648402,,2,0.43475730256040296,2,test
338,4,0.0296883507771248,78.39,82.04193254329991,15,15865.8721701261,43.8356164383562,,4,0.351454020915975,1,test
356,2,0.270944893610654,80.75,66.8641750227894,11,20134.1452289941,34.6575342465753,,7,0.463967544175982,1,test
364,4,0.04534915917696799,76.75,65.67912488605289,17,25140.2047798431,14.5205479452055,,0,0.285460512080779,0,test
372,1,1.24112616899926,81.16,66.8185961713765,15,33737.3071201569,20.1826484018265,,0,0.38030364226469504,2,test
379,2,0.60227579845523,77.86,69.18869644484961,19,44697.8687399317,42.0547945205479,,15,0.20396033177064501,3,test
380,4,0.0410652170848676,84.92,71.6955332725615,11,22199.1464356491,36.4383561643836,,7,0.232449332852506,2,test
384,5,0.0221734338649497,82.72,62.2607110300821,12,32904.506165209,29.7260273972603,,13,0.40302271907681203,4,test
388,2,0.405792504765035,75.8,55.5150410209663,11,30028.2840811135,48.2191780821918,,2,0.385352326000721,0,test
390,2,0.41262099690688103,78.41,65.587967183227,19,30269.9710133246,44.20091324200911,,0,0.27896934727731704,5,test
401,1,1.2858791156290201,78.48,65.22333637192351,11,34953.8183360936,57.44292237442921,,7,0.331980526505589,2,test
408,1,1.3655279721670401,81.0,61.89608021877849,17,36960.6585261922,13.789954337899498,,12,0.364796970789758,3,test
413,7,0.0033344237495031,82.45,73.33637192342749,18,35921.1688874388,12.1004566210046,,0,0.23569491525423697,1,test
416,4,0.0925765253859673,79.63,71.19416590701921,8,51368.4599354622,58.4474885844749,,0,0.304573386224305,2,test
426,1,1.74851946088815,78.31,89.24339106654509,10,47280.00055767981,39.5433789954338,,1,0.24579228272628895,0,test
428,3,0.158556470241347,80.55,55.651777575205095,11,31827.6148641008,45.0684931506849,,0,0.46901622791200803,0,test
432,5,0.0213183155008029,79.32,57.748404740200606,14,32108.8944544788,48.4474885844749,,1,0.311425171294627,0,test
433,4,0.05511924711346299,77.82,62.2607110300821,10,29727.4972777029,37.5799086757991,,10,0.314670753696357,2,test
437,7,0.0015518393837790699,77.66,62.7620783956244,10,17341.3048298456,71.2785388127854,,3,0.323325640100974,4,test
440,3,0.136592250612013,81.64,57.9762989972653,15,27243.1511537835,57.44292237442921,,7,0.44413342949873796,2,test
444,4,0.0283598304737713,84.14,65.6335460346399,7,15560.247426871001,51.324200913241995,,6,0.5461889650198339,2,test
447,7,0.00555060260851531,81.3,71.19416590701921,8,48564.928326961905,58.4931506849315,,2,0.293754778218536,2,test
451,2,0.349996580988271,81.48,66.1804922515953,15,25842.7105033025,44.566210045662096,,2,0.254086548864046,3,test
461,3,0.14794422081512001,76.93,67.6845943482224,15,29763.1841640457,33.8356164383562,,1,0.283296790479625,3,test
469,3,0.19142620910584804,82.82,54.968094804010896,2,38242.1306477436,71.5981735159817,,20,0.47370429138117603,0,test
470,2,0.440378915335339,77.53,64.4940747493163,10,32592.490029437,61.324200913241995,,1,0.339553552109629,3,test
481,3,0.16396237774710998,80.41,56.79124886052871,13,32768.2794642284,41.8264840182648,,8,0.5692686620988101,3,test
483,1,0.982300261196126,81.26,55.19598906107571,11,26770.2625354896,34.885844748858396,,5,0.240382978723404,1,test
490,5,0.0199277151957828,83.94,50.27347310847771,16,30195.7392180597,52.6940639269406,,3,0.479474215650919,1,test
491,3,0.219973373513227,76.77,60.027347310847794,19,44290.070229660996,19.5433789954338,,17,0.299524702488279,2,test
494,4,0.0462389929915328,76.17,65.587967183227,16,24613.548891670096,17.5799086757991,,3,0.269953840605842,1,test
495,3,0.12249842106420401,81.15,68.91522333637201,12,24783.150149214904,42.5114155251142,,7,0.413120086548864,1,test
497,6,0.008176606091522421,76.86,44.0291704649043,14,32749.9779320715,47.8538812785388,,1,0.45603389830508395,2,test
504,3,0.10574923012273699,77.4,52.68915223336371,12,21268.8395478725,44.657534246575295,,1,0.334865488640461,3,test
509,2,0.405867133723055,79.22,61.5314494074749,17,29969.886886305,16.1643835616438,,5,0.423217454020916,2,test
511,3,0.19627479673633397,78.43,53.463992707383795,13,39380.291354963796,40.2283105022831,,19,0.508323836999639,1,test
513,1,1.36636436145827,83.73,69.64448495897899,20,36979.5526431856,5.2054794520547905,,6,0.258774612333213,2,test
514,7,0.0032192666671433104,77.93,51.8231540565178,13,34830.5139974385,40.3196347031963,,0,0.49462026685899696,5,test
518,5,0.0113741105371917,77.76,65.95259799453049,15,17731.5542769187,43.607305936073,,7,0.36263324918860396,2,test
520,3,0.15173451332276003,76.77,69.9635369188697,17,30349.9564226895,27.8538812785388,,14,0.33270176703930704,3,test
526,7,0.0015518393837790699,80.67,73.4731084776664,8,19550.4236118066,78.58447488584471,,1,0.22271258564731303,2,test
529,6,0.00919704057079272,78.04,53.8742023701003,7,35937.700735713,59.634703196347,,19,0.35686332491885997,1,test
530,6,0.00809424967794498,87.34,62.6709206927985,12,32349.2373608048,43.607305936073,,2,0.425020555355211,0,test
532,6,0.0067000798171221,80.17,52.0966271649954,7,26531.1770939678,59.13242009132421,,5,0.48848972232239396,1,test
536,4,0.0220243693545426,82.02,65.0410209662717,13,11827.1633371807,28.9954337899543,,0,0.438002884962135,4,test
543,2,0.46023493651891606,78.92,77.848678213309,15,34007.0176462605,44.337899543379,,19,0.24759538406058398,2,test
553,7,0.0030233534603612802,77.75,74.9316317228806,12,36131.6524441203,30.3196347031963,,6,0.22740064911648,2,test
559,5,0.0340042459384705,86.4,60.75660893345489,12,52015.794424162596,42.4200913242009,,19,0.366960692390912,4,test
561,7,0.0019396557989599399,78.24,79.8997265268915,13,17326.7709003087,63.1963470319635,,8,0.235334294987378,4,test
563,4,0.0566664273024785,75.34,70.1914311759344,15,30873.540021818102,22.7397260273973,,7,0.324046880634692,1,test
566,7,0.0022795111625947898,80.09,71.6043755697357,17,27398.9877717438,13.789954337899498,,4,0.309622069960331,3,test
593,1,1.25160083540031,77.62,69.2342752962625,8,34183.351199220895,56.9406392694064,,21,0.462885683375405,4,test
595,7,0.0027033789472040303,83.55,81.996353691887,13,31398.4115377294,41.3698630136986,,8,0.226679408582762,2,test
597,2,0.372844371101317,81.83,78.5323609845032,10,27658.7234251664,59.634703196347,,17,0.17943815362423302,2,test
602,3,0.13646185388676402,80.58,79.39835916134909,14,27417.599452845698,36.62100456621,,4,0.27067508113956,3,test
604,4,0.0628086341822525,83.32,71.9690063810392,8,34371.6839656888,46.3470319634703,,29,0.207205914172377,3,test
615,1,1.11357000206576,78.57,51.0938924339107,20,30282.7718455263,27.2602739726027,,18,0.487407861521817,1,test
617,7,0.00277623993698248,79.54,62.351868732907896,9,31251.834837360802,40.0456621004566,,14,0.247234763793725,2,test
618,5,0.0272071381784127,78.16,75.11394712853242,15,41279.1569541231,43.01369863013699,,1,0.288345474215651,2,test
622,6,0.00707485549975377,84.96,79.3527803099362,12,28658.6331440388,66.1187214611872,,1,0.23425243418680103,2,test
626,6,0.00744283870963345,76.78,67.31996353691889,14,30122.3193576333,36.027397260274,,6,0.298803461954562,0,test
633,2,0.452214632161678,77.52,76.5724703737466,11,33256.4668152374,56.4840182648402,,9,0.19710854670032502,2,test
636,4,0.0521180215274672,77.3,62.57976298997271,8,28529.865641290897,44.703196347032005,,0,0.352535881716553,1,test
642,4,0.0489153100752888,76.42,68.6873290793072,13,26837.217145977098,41.2785388127854,,28,0.254447169130905,0,test
648,6,0.00718264021283833,79.88,73.5186873290793,11,29216.4159909021,47.71689497716889,,2,0.26274143526866195,1,test
651,1,0.999891644482845,77.1,66.2716499544212,10,27179.8728762575,37.5342465753425,,1,0.460721961774252,2,test
653,4,0.0503896935162612,80.55,78.669097538742,13,27158.3568595258,28.949771689497698,,4,0.262380815001803,2,test
658,7,0.00262559712632562,78.31,53.463992707383795,13,31532.359463829398,63.972602739726,,4,0.48488351965380394,2,test
659,2,0.201188155107519,76.45,70.0091157702826,9,14865.9056452982,64.61187214611871,,2,0.40807140281283794,2,test
660,6,0.010751682465482,81.88,65.8614402917047,14,44465.2719142621,34.7488584474886,,6,0.269953840605842,1,test
662,1,0.7233556815504879,77.74,68.5050136736554,19,19806.9790519253,16.986301369863,,23,0.398695275874504,0,test
665,3,0.167893190363399,80.03,63.3546034639927,14,33528.5133497288,37.077625570776206,,12,0.4336754417598271,1,test
674,4,0.0412718889170117,81.93,56.1531449407475,10,22475.1258704004,48.9954337899543,,0,0.34568409664623106,1,test
676,2,0.7414782931591322,81.17,51.5952597994531,13,57472.2115284175,28.4018264840183,,13,0.42177497295348,2,test
682,4,0.0725432847377717,78.46,47.857793983591606,14,39522.7931084241,25.296803652968002,,0,0.54402524341868,2,test
686,2,0.20512020396366198,76.9,58.38650865998179,23,15019.8612615203,21.324200913242,,1,0.41420194734944105,2,test
687,7,0.00229566364108262,81.72,73.4275296262534,14,27009.595368617098,25.8447488584475,,2,0.463246303642264,2,test
692,2,0.429665880521725,81.79,65.5423883318141,13,31716.2273185735,51.461187214611904,,1,0.318276956364948,1,test
699,1,1.32525896658218,81.64,69.5989061075661,16,36093.4988803081,28.9041095890411,,3,0.37092751532636103,3,test
703,7,0.00359083469130035,82.86,52.461257976299,6,36841.5011117076,91.2328767123288,,3,0.363354489722322,2,test
706,4,0.0717190222705393,81.11,38.787602552415706,8,39304.3609998045,44.4292237442922,,0,0.759315542733501,3,test
708,3,0.20645899414669397,78.09,70.1458523245214,19,41401.7229807727,45.5707762557078,,0,0.33702921024161503,1,test
714,2,0.41479169884689004,84.48,88.87876025524159,16,30619.787367647,42.191780821917796,,15,0.31719509556437103,1,test
719,2,0.429274158143407,79.65,71.1030082041933,11,31661.628809564303,58.401826484018294,,3,0.38607356653443897,4,test
721,5,0.0112049590659801,78.72,57.520510483135794,13,15509.434504814699,63.7899543378995,,11,0.426823656689506,3,test
725,6,0.00952310647454607,76.68,62.625341841385605,16,40238.3320935957,30.9132420091324,,2,0.30781896862603697,2,test
728,3,0.20178360182813,77.47,76.5268915223336,16,40416.903479105895,30.958904109589,,0,0.23389181391994196,1,test
733,3,0.20734583650022897,80.22,65.2689152233364,13,41704.7398570703,39.9543378995434,,1,0.255168409664623,1,test
735,1,1.53479794159215,75.84,79.71741112123979,13,42049.7757475593,30.1826484018265,,37,0.450263974035341,3,test
736,4,0.0513502290422108,77.94,68.1403828623519,13,28270.7766417341,41.2785388127854,,28,0.273199423007573,3,test
745,3,0.122078190153411,76.48,63.126709206928,9,24513.050607009398,52.9223744292237,,12,0.5519588892895779,1,test
762,2,0.48530481182038204,77.3,86.78213309024609,15,36030.7184460318,43.9269406392694,,0,0.26346267580238,2,test
768,5,0.0291001545682159,77.3,50.6381039197812,6,44417.40704394809,51.8721461187215,,6,0.329095564370718,2,test
773,1,0.601699587937094,77.86,88.24065633546041,11,16233.8332153718,34.429223744292194,,1,0.16284962134872,1,test
777,7,0.00240901449993862,83.07,88.0127620783956,16,25829.3853916475,53.1963470319635,,0,0.33378362783988397,0,test
781,2,0.321668685211402,79.42,62.1695533272562,11,23768.2796029631,57.44292237442921,,11,0.336668589974756,4,test
782,3,0.0594495856748826,83.34,67.00091157702829,23,11781.873626946299,4.29223744292237,,4,0.504717634331049,1,test
797,5,0.0188573942980396,76.86,70.82953509571558,15,27171.7746672583,46.25570776255711,,21,0.19494482509917002,1,test