Accident_ID,Accident_Type_Code,Adverse_Weather_Metric,Cabin_Temperature,Control_Metric,Days_Since_Inspection,Max_Elevation,Safety_Score,Severity,Total_Safety_Complaints,Turbulence_In_gforces,Violations,source
4218,2,0.394277173347948,81.76,72.151321786691,14,29261.078068929102,49.4520547945205,,1,0.46721312657771297,2,test
4223,7,0.0036732736102859796,80.42,68.8240656335461,14,38120.1000777756,25.8904109589041,,1,0.38354922466642605,1,test
4232,1,1.2206208957910802,79.64,63.76481312670921,21,33313.7192567944,19.1780821917808,,0,0.5764810674359899,2,test
4234,5,0.0261495333196884,79.79,73.1540565177758,6,39499.1697865472,62.6940639269406,,3,0.34171727371078203,0,test
4246,4,0.0495634535588507,76.28,70.60164083865091,19,27398.9877717438,9.36073059360731,,1,0.29123043635052304,4,test
4253,7,0.00311956683960722,79.05,57.748404740200606,13,35634.894132916095,64.61187214611871,,5,0.46829498737829,3,test
4254,6,0.00707485549975377,82.08,74.1567912488605,18,28852.4655752009,12.4657534246575,,1,0.323325640100974,4,test
4255,1,1.0209709235598299,80.05,76.7092069279854,15,27941.9368909525,44.337899543379,,19,0.253725928597187,1,test
4260,1,1.2858791156290201,82.2,71.285323609845,8,35121.5544506946,77.6712328767123,,3,0.243989181391994,0,test
4267,1,1.49336645053839,80.73,82.13309024612579,8,40431.3115633387,70.0,,7,0.18845366029570798,2,test
4274,5,0.0248162256986244,76.73,60.57429352780311,11,36343.4164886713,36.392694063926896,,2,0.41672628921745397,1,test
4275,3,0.17089911377233,83.58,68.3682771194166,8,34132.2412197546,43.3333333333333,,5,0.400498377208799,1,test
4278,1,1.30833972726219,83.58,63.4457611668186,9,35676.5984922147,42.7853881278539,,0,0.256610890732059,3,test
4281,1,0.6837035977052979,80.96,64.2661804922516,11,18980.6198635016,34.337899543379,,9,0.20900901550667103,2,test
4293,2,0.45982132033564704,83.83,78.94257064721971,13,34007.0176462605,51.9634703196347,,3,0.258774612333213,2,test
4294,2,0.45640800565346296,81.85,45.897903372834996,14,33595.0106061457,47.351598173515995,,8,0.623001081860801,0,test
4300,6,0.00446244504152694,77.94,75.93436645396541,11,18103.7897133572,45.7077625570776,,9,0.272117562206996,2,test
4307,4,0.055088709360491,82.2,47.2196900638104,15,30068.6765992829,22.9680365296804,,8,0.782395239812477,1,test
4310,6,0.0072546048634942,76.87,63.90154968094811,17,29311.5725785883,25.251141552511395,,7,0.409874504147133,1,test
4311,3,0.142325653105797,78.01,61.3947128532361,13,28609.125976105497,41.5525114155251,,8,0.324407500901551,1,test
4315,2,0.440110495001411,81.13,87.2835004557885,9,32584.014607908903,54.84018264840179,,0,0.36263324918860396,3,test
4330,2,0.439042374653745,77.62,60.7110300820419,10,32349.295378312203,60.136986301369895,,2,0.526354850342589,4,test
4333,6,0.009597840559474559,80.06,66.9097538742024,13,41567.5210621664,27.9908675799087,,5,0.304212765957447,3,test
4340,2,0.43703948415278293,80.26,66.7730173199635,14,32301.4341762744,48.7214611872146,,17,0.322604399567255,1,test
4352,3,0.14597123365178,79.17,65.1321786690975,9,29333.0700005052,76.39269406392691,,12,0.27969058781103495,1,test
4360,7,0.00392310159607927,79.09,63.0811303555151,20,43022.0329414414,28.8584474885845,,7,0.392204111071042,1,test
4365,2,0.15568143490613098,76.8,59.0701914311759,18,10923.0194874701,12.191780821917801,,9,0.392204111071042,1,test
4367,5,0.0215975928521873,76.73,72.105742935278,11,32471.866782537796,46.0730593607306,,4,0.413120086548864,0,test
4376,1,1.34784952706186,81.16,65.9981768459435,15,36960.6585261922,20.2283105022831,,3,0.39184349080418296,2,test
4378,7,0.00303101271110826,79.64,74.0200546946217,12,33959.191621617996,65.662100456621,,16,0.250119725928597,3,test
4385,3,0.16242777702146602,81.44,57.474931631722896,12,32656.9970926707,42.283105022831,,4,0.43006923909123707,1,test
4405,4,0.0431418920641042,82.51,73.1084776663628,17,23905.2920621382,15.296803652967998,,3,0.284739271547061,2,test
4413,4,0.0705595833499785,86.57,80.53783044667279,13,38521.3038909916,29.3607305936073,,0,0.396892174540209,3,test
4414,1,1.10323463410754,79.78,66.4995442114859,13,29979.8529740179,64.0182648401826,,0,0.38318860439956703,2,test
4426,3,0.173942207054393,78.95,41.6134913400182,14,35110.9406963034,37.3972602739726,,13,0.431872340425532,2,test
4430,1,1.1096272722118001,79.07,54.968094804010896,16,30380.8615154131,18.1735159817352,,1,0.38931914893617,3,test
4431,3,0.178257538798474,79.53,56.79124886052871,19,35892.7983397101,20.410958904109602,,5,0.3460447169130901,2,test
4438,6,0.00043630082173007996,77.86,79.71741112123979,11,8232.843654717059,70.0,,3,0.230285611251352,2,test
4439,1,0.6648704538602429,81.91,48.6326344576117,15,17712.9698025224,32.7853881278539,,1,0.409513883880274,3,test
4441,5,0.0212527753729633,79.62,79.8997265268915,11,33137.9077443779,47.4885844748858,,9,0.29555787955283,3,test
4443,5,0.0157543917646869,79.28,76.5724703737466,17,23049.1459255511,39.2237442922374,,2,0.272117562206996,0,test
4449,3,0.189062380253031,80.75,66.4539653600729,13,37935.8016532287,38.3561643835616,,1,0.40338333934367104,2,test
4453,2,0.387005034583961,77.66,68.2315405651778,10,28783.699290521003,62.1461187214612,,6,0.324046880634692,2,test
4456,2,0.420554790386963,80.76,71.8322698268004,17,30842.466645300898,15.4337899543379,,3,0.5822509917057329,1,test
4457,2,0.46676164314786206,79.49,63.90154968094811,15,34616.5337280709,42.9680365296804,,3,0.27139632167327804,2,test
4459,5,0.0145680287210896,76.98,71.1485870556062,15,20938.3572458028,43.7899543378995,,6,0.42393869455463395,2,test
4461,6,0.0126013358091873,79.37,88.87876025524159,8,48812.5044221945,57.260273972602704,,3,0.29447601875225393,1,test
4464,7,0.00238118653379434,80.62,64.35733819507749,12,26082.3786955994,41.5525114155251,,8,0.457115759105661,1,test
4468,3,0.180345250583197,79.2,73.1996353691887,15,35966.6706508269,32.8767123287671,,8,0.26851135953840605,1,test
4476,3,0.17306668059365998,77.94,71.4676390154968,11,34703.197189470804,36.0730593607306,,15,0.26165957446808497,2,test
4480,5,0.0102392831013005,78.35,73.9288969917958,12,15868.4439388883,55.890410958904106,,5,0.334865488640461,2,test
4482,3,0.19992900626374902,79.54,66.2716499544212,13,40619.7789673451,39.0867579908676,,0,0.36623945185719403,2,test
4491,2,0.49916781630291795,77.47,80.6289881494986,17,36883.7899744297,51.3698630136986,,2,0.38174612333213104,4,test
4493,3,0.147269092453377,77.69,58.8422971741112,6,29457.688489650296,62.6940639269406,,20,0.39076163000360603,1,test
4494,2,0.33510716798142304,81.05,55.0592525068368,14,24744.1584157867,36.62100456621,,2,0.385352326000721,3,test
4495,1,1.62366182311179,79.6,70.7383773928897,13,43754.1786822181,64.6575342465753,,1,0.522748647673999,3,test
4496,6,0.0136143822090333,79.98,80.4466727438469,18,55177.525841171504,22.694063926940604,,6,0.31358889289578,3,test
4503,1,2.05771410396436,81.82,71.19416590701921,19,55934.468569702,20.8675799086758,,4,0.460361341507393,3,test
4505,3,0.0989432469809368,80.47,62.1695533272562,12,19618.548566256002,31.1872146118721,,8,0.49389902632527904,3,test
4506,4,0.0516703891898946,78.49,67.50227894257071,17,28307.4425737002,15.707762557077599,,10,0.405547060944825,2,test
4512,2,0.512288112606264,77.77,66.1349134001823,7,37749.2312463216,72.9680365296803,,1,0.338471691309052,3,test
4516,4,0.0796416216471924,83.5,71.19416590701921,15,44042.1470460083,46.4383561643836,,3,0.38607356653443897,1,test
4518,4,0.0680573980642769,83.58,71.1030082041933,16,37266.7647637815,19.1780821917808,,4,0.296639740353408,3,test
4521,4,0.0350890825621048,79.64,62.7620783956244,11,18411.0289640045,45.2511415525114,,3,0.28149368914533,3,test
4522,4,0.0471571412717711,79.75,60.483135824977204,10,25665.4449168704,36.986301369863,,0,0.353978362783988,2,test
4529,3,0.13755041769625198,77.21,54.2844120328168,12,27780.3160869946,41.9178082191781,,4,0.5981182834475289,4,test
4530,2,0.41108465023628704,78.54,67.4111212397448,14,30282.3332732737,48.1735159817352,,1,0.300606563288856,1,test
4536,2,0.0962986585465663,77.95,79.5806745670009,11,8232.843654717059,58.584474885844706,,30,0.19133862243058,2,test
4539,6,0.00614347564890611,82.59,80.6745670009116,17,23796.4711374361,38.0365296803653,,2,0.29159105661738105,3,test
4543,6,0.0100173907512994,78.67,77.39288969917959,13,39449.3892372186,39.8173515981735,,0,0.35578146411828293,5,test
4546,4,0.0758299007487241,82.45,51.3673655423883,11,41695.975178656,37.077625570776206,,7,0.42249621348719796,0,test
4547,2,0.437330248263288,78.95,64.8587055606199,11,32218.4656381463,56.4383561643835,,1,0.302770284890011,4,test
4550,3,0.130685044919669,80.34,78.80583409298092,14,26266.3679590952,36.5753424657534,,2,0.298442841687703,1,test
4564,4,0.0664064222070882,87.11,61.850501367365595,21,36228.3812559605,0.0,,3,0.31214641182834496,2,test
4571,6,0.0078701384699587,83.76,49.6809480401094,12,32986.7833036824,45.0228310502283,,5,0.540058420483231,2,test
4583,7,0.0019811524309201,81.38,79.9453053783045,7,21593.3206515733,82.23744292237441,,10,0.235334294987378,3,test
4592,1,1.29880477316908,80.78,37.6481312670921,15,35305.1741362138,46.2100456621004,,7,0.600282005048683,1,test
4594,4,0.0751520617256795,80.32,57.155879671832295,11,41187.0679632975,68.63013698630141,,1,0.49353840605842003,3,test
4597,3,0.162085006509895,78.97,59.480401093892496,14,32628.119731014904,37.260273972602704,,5,0.273560043274432,1,test
4598,2,0.276520836417221,84.56,75.8432087511395,15,20228.1228705605,44.611872146118706,,1,0.33883231157591,1,test
4614,3,0.138218629477214,79.3,80.6289881494986,13,27724.256013730497,37.9908675799087,,1,0.275723764875586,2,test
4617,3,0.105168517981374,80.46,62.1695533272562,18,21253.388520372,22.328767123287697,,2,0.509405697800216,2,test
4621,2,0.285471830692875,77.86,65.5423883318141,10,21384.950162317902,62.328767123287705,,6,0.279329967544176,3,test
4630,3,0.165002363929807,82.3,80.4466727438469,8,33256.456202878195,57.945205479452,,19,0.305294626758024,2,test
4634,4,0.0435688687075891,78.92,67.6390154968095,14,23665.6603699134,59.8173515981735,,0,0.287984853948792,1,test
4638,2,0.4743234605382779,77.16,60.027347310847794,11,35000.8621054718,35.388127853881294,,34,0.448460872701046,1,test
4639,1,1.73575874706691,83.73,49.589790337283496,9,47285.2784140676,40.821917808219204,,34,0.491014064190407,2,test
4645,1,1.3297348011705101,80.23,70.3281677301732,18,36428.754069417206,13.698630136986301,,8,0.30637648755860103,2,test
4650,5,0.0281059369478195,77.02,68.64175022789429,7,42105.7225608308,73.3333333333333,,1,0.38679480706815705,0,test
4651,4,0.0556671565499178,78.97,64.17502278942571,10,30262.442886275097,39.13242009132421,,2,0.20432095203750503,3,test
4654,4,0.0522542716629988,77.64,34.0474020054695,6,28108.6735227329,52.1461187214612,,15,0.691158312297151,3,test
4656,7,0.0023486603555845603,79.58,37.6481312670921,10,27654.829910906803,72.32876712328759,,2,0.571432383699964,3,test
4660,6,0.0112415293720467,78.27,32.7256153144941,6,45343.986977353896,74.703196347032,,10,0.7347933645870891,2,test
4665,1,1.4493021367043102,79.88,41.2488605287147,10,39070.0088044257,38.9954337899543,,17,0.695485755499459,2,test
4670,2,0.587649264666186,77.25,59.6171376481313,14,42984.0267110829,26.027397260274,,1,0.503996393797331,3,test
4671,4,0.04183379106061799,78.48,78.07657247037379,11,22834.1486913392,35.7077625570776,,3,0.25084096646231496,2,test
4679,1,0.695191987332048,78.65,82.86235186873292,13,18807.983759411498,28.264840182648395,,12,0.236776776054814,4,test
4682,7,0.0033047001729781,80.44,63.90154968094811,4,36722.333573037096,85.7534246575342,,2,0.20143598990263198,2,test
4684,2,0.39697993367177503,80.26,62.944393801276206,13,29368.1675507863,50.0913242009132,,7,0.35109340064911604,2,test
4688,5,0.0199959371191929,75.29,76.7092069279854,15,30361.873105802402,44.337899543379,,14,0.346405337179949,1,test
4693,4,0.0581459892078883,76.13,72.1969006381039,14,30967.013201096,26.9406392694064,,0,0.337750450775333,1,test
4712,3,0.237190414799633,79.12,50.1823154056518,11,47147.8297247954,36.027397260274,,8,0.448460872701046,2,test
4714,3,0.114860898932605,78.11,61.440291704649105,17,22969.338276676,27.8082191780822,,0,0.29447601875225393,2,test
4721,7,0.00290596062936777,81.35,73.4275296262534,14,28432.1696978827,25.570776255707802,,6,0.222351965380454,4,test
4722,3,0.112244853314345,79.23,56.1531449407475,14,22470.3747333267,50.0,,2,0.363354489722322,2,test
4724,5,0.0185203892363935,80.25,38.787602552415706,10,28108.6735227329,48.401826484018294,,13,0.635622791200865,1,test
4726,4,0.0583819270530569,85.87,54.7402005469462,13,32310.924239762597,41.0502283105023,,8,0.38318860439956703,0,test
4728,3,0.094498941880859,77.39,49.863263445761206,14,18915.509024870702,22.922374429223698,,2,0.44593653083303203,4,test
4730,5,0.0289622518314474,79.3,76.4813126709207,16,43755.472224552796,41.9178082191781,,6,0.253725928597187,4,test
4735,4,0.0296883507771248,81.45,46.353691886964505,15,15949.8073396295,22.9680365296804,,5,0.514093761269383,3,test
4741,7,0.00400459826837736,82.07,71.3764813126709,4,43400.0276095646,77.3059360730594,,2,0.45062459430220003,2,test
4742,7,0.00200768617151415,79.31,76.02552415679129,19,20132.1037549871,43.7899543378995,,9,0.298803461954562,2,test
4744,2,0.5343435115070689,78.02,76.7547857793984,15,39506.6914240772,45.4794520547945,,2,0.325489361702128,1,test
4746,4,0.0422835255042087,79.61,66.5907019143118,12,22817.2949504869,32.4200913242009,,2,0.462885683375405,1,test
4757,2,0.279249740703571,77.52,67.7757520510483,14,20822.309435099898,47.4885844748858,,0,0.258053371799495,2,test
4761,1,1.14214380855523,83.94,67.0920692798541,10,30955.530849464503,39.041095890411,,0,0.313228272628922,1,test
4770,2,0.547044613669324,76.59,41.5223336371923,9,40343.5706342527,65.79908675799089,,9,0.48632600072124,3,test
4772,4,0.0201943376059806,79.17,71.1030082041933,14,5573.652213293571,58.7214611872146,,9,0.38174612333213104,3,test
4773,3,0.248870117845611,79.01,68.003646308113,15,49864.1333731725,34.474885844748805,,28,0.3629938694554629,2,test
4780,7,0.00197907711742809,76.48,83.68277119416591,14,20578.6728343934,24.1552511415525,,4,0.264183916336098,1,test
4783,1,0.955052054142452,77.68,65.31449407474929,15,25974.8427601163,22.9680365296804,,7,0.342799134511359,4,test
4785,1,1.0886984822425798,84.21,74.74931631722879,14,29518.3315276388,23.150684931506802,,4,0.302770284890011,4,test
4786,1,1.71077585281461,76.39,68.9608021877849,12,45132.304848634805,32.4200913242009,,10,0.146261089073206,0,test
4787,5,0.0217946673291327,83.45,62.7620783956244,11,32471.866782537796,45.15981735159821,,4,0.3932859718716189,2,test
4793,1,0.8628348908482041,80.8,75.9799453053783,13,23454.2840475312,27.579908675799103,,28,0.335586729174179,1,test
4794,1,0.6648704538602429,79.77,86.50865998176849,6,17945.3617192645,50.3196347031963,,9,0.484522899386945,1,test
4808,1,1.0902659809403001,77.4,54.3755697356427,17,29430.8034286226,27.4885844748858,,13,0.541140281283808,4,test
4811,4,0.0520188167068185,80.33,51.4585232452142,14,28203.4891265458,25.8904109589041,,0,0.42249621348719796,2,test
4831,4,0.0660394623674445,79.71,48.99726526891521,17,36350.8751542663,13.105022831050197,,5,0.590545257843491,3,test
4832,3,0.0917011581917121,75.84,70.464904284412,15,18418.669987587098,34.3835616438356,,2,0.251922827262892,3,test
4836,4,0.0599545335214721,82.81,60.57429352780311,11,32880.4096681099,36.2557077625571,,1,0.38030364226469504,2,test
4839,3,0.197627289388574,78.29,79.0793072014585,15,39792.6226383172,32.3744292237443,,22,0.352535881716553,3,test
4842,5,0.024275810724208997,82.3,65.9981768459435,10,37002.5192831597,51.2785388127854,,3,0.38607356653443897,4,test
4846,4,0.0485064756050535,81.71,56.19872379216039,15,26238.3376242275,33.013698630137,,0,0.37236999639379703,1,test
4855,1,1.08659236590527,79.22,56.107566089334604,18,29801.506524573102,9.31506849315068,,4,0.354699603317706,3,test
4856,7,0.00282237165175104,86.96,67.2743846855059,13,30444.5694120694,52.1917808219178,,1,0.32765308330328097,2,test
4859,3,0.19527685651863397,77.99,62.853236098450296,12,39110.395871080094,55.7077625570776,,11,0.29519725928597196,1,test
4862,6,0.0067948210839351795,77.9,64.2206016408387,16,26433.2861366269,31.0958904109589,,3,0.40662892174540205,2,test
4869,1,1.29301476392542,76.49,60.847766636280795,11,35012.6011594488,33.972602739726,,5,0.303852145690588,2,test
4877,1,1.55691330768186,80.52,62.6709206927985,11,42639.1391996363,34.474885844748805,,8,0.45459141723764895,2,test
4878,3,0.11128834238977199,78.83,65.95259799453049,17,22547.195241547597,26.986301369863,,2,0.42285683375405697,3,test
4887,3,0.185178267435191,76.87,81.9051959890611,11,37209.4334568823,45.7534246575342,,3,0.355060223584565,3,test
4892,2,0.509916462307991,81.35,45.5332725615314,2,37455.3411742423,77.3059360730594,,19,0.350011539848539,2,test
4913,4,0.0486259930836168,78.5,76.6180492251596,10,26232.9881442637,39.5433789954338,,5,0.283296790479625,2,test
4914,1,2.05771410396436,75.35,67.18322698268001,7,59153.8867394971,46.894977168949794,,9,0.41384132708258203,1,test
4926,5,0.0195516826413514,79.31,63.90154968094811,11,29234.3163901548,33.972602739726,,4,0.45603389830508395,2,test
4940,7,0.0024140516354806602,81.57,66.5451230628988,16,23183.578777298197,16.255707762557098,,6,0.250119725928597,2,test
4944,2,0.27379814127354,79.01,64.35733819507749,14,20299.805926581397,49.315068493150704,,10,0.409874504147133,1,test
4959,6,0.00836791646951353,82.58,88.92433910665449,9,35640.052334414504,51.41552511415521,,1,0.276805625676163,1,test
4966,7,0.00394519026872028,79.4,68.04922515952599,18,41118.8206454296,22.2831050228311,,8,0.29411539848539503,1,test
4972,5,0.0195220582116127,86.08,93.80127620783958,15,30619.787367647,45.0228310502283,,1,0.18052001442481,1,test
4978,4,0.0594145703785473,86.58,69.5077484047402,9,32475.3941981611,41.0958904109589,,2,0.40771078254597903,2,test
4981,6,0.00537262687292313,79.81,73.2907930720146,14,20873.140464788998,34.474885844748805,,13,0.33702921024161503,2,test
4985,4,0.0801631199888322,81.53,69.00638103919779,8,43482.8520757632,45.342465753424705,,1,0.350011539848539,0,test
4992,1,1.38064271264044,78.64,73.83773928896991,5,37384.6815719843,54.20091324200911,,0,0.364796970789758,2,test
4998,7,0.00277805661424645,77.66,62.4886052871468,10,28153.6835624095,74.8401826484018,,3,0.31719509556437103,1,test
5000,4,0.0497643329463912,76.75,80.4466727438469,17,27464.488778077,14.5205479452055,,1,0.281854309412189,1,test
5001,4,0.0796416216471924,76.04,65.0865998176846,10,43870.357040907,36.7579908675799,,6,0.31358889289578,2,test
5004,1,0.7410000858734129,79.46,68.04922515952599,12,20061.5449045476,42.4200913242009,,3,0.311064551027768,4,test
5005,4,0.0623374264236487,77.94,70.4193254329991,10,33767.059427672,36.4383561643836,,13,0.26165957446808497,2,test
5016,7,0.000367501300988579,77.76,72.0145852324522,6,11939.1489930619,73.37899543379001,,4,0.315752614496934,1,test
5020,5,0.0290220099112873,77.98,62.5341841385597,9,43704.6859749562,54.246575342465704,,5,0.40266209880995296,3,test
5021,4,0.0615388804407856,82.53,68.869644484959,13,33523.702338797404,50.0,,1,0.199632888568337,2,test
5041,1,1.1096272722118001,81.72,57.155879671832295,16,30380.8615154131,30.8219178082192,,3,0.372009376126938,2,test
5045,1,1.9173239911716002,77.74,45.487693710118506,9,52118.2696447033,41.643835616438295,,7,0.5209455463397039,3,test
5052,6,0.008176606091522421,79.6,58.0674567000912,12,32879.763637696,55.7077625570776,,21,0.437642264695276,2,test
5063,2,0.443808474464164,76.95,68.003646308113,15,32682.9018146972,43.698630136986296,,0,0.3629938694554629,3,test
5072,2,0.613499622606416,83.28,50.820419325432994,14,45105.8414366345,46.8036529680365,,3,0.596675802380094,3,test
5074,5,0.0198462668231589,79.97,73.4275296262534,11,31180.8011630734,33.972602739726,,14,0.222351965380454,4,test
5080,5,0.0138046165219183,80.53,42.616226071103,17,21720.5738257697,25.251141552511395,,8,0.578284168770285,3,test
5087,4,0.0641501985769842,75.35,73.88331814038291,7,35235.688176867,48.2648401826484,,8,0.37092751532636103,2,test
5094,7,0.00394519026872028,77.77,88.0127620783956,14,43442.145113107996,36.986301369863,,4,0.226679408582762,1,test
5099,6,0.0113283291184958,77.11,71.7866909753874,13,47430.2732035325,40.593607305936104,,11,0.392564731337901,2,test
5100,4,0.0517797336074063,77.85,78.94257064721971,7,28364.6114565323,49.726027397260296,,0,0.316473855030653,1,test
5109,3,0.212462296155184,83.58,56.8824065633546,12,42442.885238422205,30.1826484018265,,1,0.378139920663541,1,test
5111,5,0.0193428547975353,79.22,62.3974475843209,11,28153.6835624095,69.9543378995434,,5,0.31719509556437103,3,test
5115,4,0.0290802124759881,77.65,60.6198723792161,15,16360.9637668824,22.0091324200913,,6,0.34532347637937205,1,test
5117,4,0.0902752849258249,80.47,62.2607110300821,14,49288.6355066503,25.8904109589041,,3,0.532846015146051,3,test
5119,2,0.44974102871999705,81.14,76.0711030082042,15,33357.8873971167,56.1643835616438,,0,0.5209455463397039,2,test
5125,5,0.0233909421221586,75.55,67.4111212397448,10,35067.7050829379,37.5799086757991,,12,0.219827623512441,1,test
5126,4,0.0751284641453142,77.68,52.0510483135825,12,41018.7515716556,32.511415525114195,,10,0.51156941940137,4,test
5127,3,0.170794962939637,86.42,46.353691886964505,12,34210.2043624715,54.20091324200911,,1,0.438724125495853,2,test
5142,5,0.0125144123549024,81.26,63.90154968094811,10,19742.2730195278,63.6529680365297,,1,0.27752686620988104,2,test
5149,1,0.9396027036645359,76.8,50.6836827711942,17,25614.2995298067,14.4748858447489,,3,0.527076090876307,3,test
5160,3,0.163701920410956,78.93,80.4010938924339,11,32932.7239225323,47.3059360730593,,1,0.21838514244500498,1,test
5163,5,0.0214331948421762,77.87,80.0364630811304,5,33186.7208096816,53.7899543378995,,5,0.28401803101334305,1,test
5170,2,0.33878977989692605,76.44,76.02552415679129,20,25019.9299511302,5.2054794520547905,,1,0.38823728813559294,1,test
5175,3,0.101502669686354,76.87,82.9079307201459,11,20399.7828161936,45.7534246575342,,3,0.317916336098088,3,test
5184,1,1.53031872967095,83.37,80.0364630811304,9,41910.8098811917,52.1917808219178,,1,0.22343382618103103,0,test
5187,3,0.0984961040817364,78.65,73.5186873290793,13,19754.5812375961,38.219178082191796,,2,0.388958528669311,2,test
5189,6,0.00547710815740949,86.36,66.9097538742024,11,21422.786802028,45.5251141552511,,30,0.420332491886044,3,test
5200,4,0.0594585122059251,80.06,80.6745670009116,17,31867.727832523302,37.808219178082204,,16,0.37092751532636103,1,test
5202,5,0.0170282238071378,80.67,74.65815861440291,8,26328.7717447473,69.8630136986301,,2,0.29591849981969,3,test
5203,4,0.0867404728643644,78.64,61.71376481312671,11,46975.2757673933,69.8173515981735,,1,0.48596538045438104,3,test
5206,7,0.00202704825420247,78.56,74.4758432087512,11,19550.4236118066,59.4063926940639,,6,0.234973674720519,2,test
5218,3,0.22183209130477105,77.85,60.027347310847794,8,44244.629182437806,54.5205479452055,,1,0.510848178867652,3,test
5224,3,0.264749960840887,77.97,62.5341841385597,8,53739.529122559405,82.23744292237441,,14,0.34532347637937205,1,test
5226,7,0.00314676670034171,80.92,74.61257976299,13,36493.1943544014,61.872146118721396,,9,0.233531193653083,1,test
5230,4,0.0897757319620174,79.66,52.5979945305378,10,49341.22322086179,37.5342465753425,,6,0.45603389830508395,1,test
5231,4,0.0742913315746002,86.96,82.9535095715588,16,40561.6926747208,53.1963470319635,,1,0.33378362783988397,3,test
5232,4,0.0722610484320384,81.08,45.897903372834996,8,39488.301465335695,80.3196347031963,,13,0.668078615218175,2,test
5234,3,0.0804027184598828,81.02,66.3172288058341,11,15560.247426871001,36.986301369863,,6,0.5479920663541289,2,test
5239,6,0.00532697752793188,83.81,67.4567000911577,15,21374.9791131121,57.44292237442921,,3,0.31034331049404995,2,test
5244,3,0.12870766465902,77.08,72.5615314494075,14,25722.528024218398,35.296803652968,,2,0.27103570140641897,2,test
5245,3,0.19992900626374902,78.52,68.2315405651778,10,40406.306332232205,62.283105022831,,7,0.35902704652001394,0,test
5246,1,1.2684727108881002,76.3,69.9635369188697,11,34505.254832855,33.7899543378995,,2,0.314310133429499,1,test
5253,7,0.00229566364108262,80.83,76.207839562443,6,25359.444386194904,50.7305936073059,,6,0.283296790479625,2,test
5262,7,0.00329735614862781,79.99,59.7538742023701,15,33401.0255544809,34.429223744292194,,23,0.29483663901911306,1,test
5268,1,1.27665927889249,78.69,76.29899726526891,10,34614.4498220279,40.091324200913206,,0,0.411316985214569,1,test
5271,1,0.9396027036645359,79.33,62.07839562443029,13,25631.3457142277,39.908675799086794,,12,0.4902928236566889,2,test
5275,1,0.202495647194575,79.09,52.3245214220602,13,10975.9360224534,26.4840182648402,,5,0.264183916336098,1,test
5277,6,0.0100127073666848,78.08,78.2588878760255,16,37623.173029289,30.365296803653003,,5,0.205402812838081,3,test
5278,4,0.0438556546147655,83.56,55.241567912488605,14,23561.292843337902,26.2557077625571,,30,0.510848178867652,1,test
5283,2,0.5497045676073979,80.6,54.876937101185,20,40716.714209966296,26.3470319634703,,8,0.38318860439956703,1,test
5284,2,0.4389334179296911,77.12,46.90063810391979,14,32441.0873612425,49.178082191780796,,22,0.541140281283808,1,test
5285,2,0.31726463837149105,77.91,64.4029170464904,13,23407.410999469,28.310502283105002,,8,0.330898665705012,2,test
5288,2,0.59741302238325,77.16,60.847766636280795,11,44465.2719142621,34.9315068493151,,7,0.272117562206996,1,test
5329,3,0.153870216557604,82.57,80.0364630811304,15,31111.5384572407,43.8812785388128,,0,0.333423007573026,2,test
5336,4,0.0732355607136367,76.07,55.788514129443904,14,39443.7243295459,24.9315068493151,,0,0.47154056978002207,2,test
5339,7,0.00285255260944128,79.31,74.4302643573382,17,28110.1156629368,51.3698630136986,,6,0.28365741074648404,3,test
5340,2,0.40559831303273297,80.81,56.38103919781221,3,29984.2358223442,71.5981735159817,,0,0.365878831590335,1,test
5342,7,0.000468915793178604,86.39,65.4512306289882,13,15545.139710591102,61.461187214611904,,25,0.42213559322033894,4,test
5350,7,0.0033294282629078398,76.26,55.423883318140405,14,32624.822618851802,25.1141552511416,,9,0.42177497295348,2,test
5359,4,0.0765664060964708,79.22,54.32999088422971,10,41643.7682906453,38.9041095890411,,0,0.325128741435269,1,test
5376,7,0.004076262717295089,84.01,68.003646308113,17,41724.5687249952,38.8584474885845,,2,0.338471691309052,1,test
5387,2,0.775872856375072,79.17,62.2607110300821,17,54788.2470429217,39.634703196347,,8,0.42718427695636496,1,test
5399,3,0.131904150863195,78.98,52.82588878760261,13,26473.2906962654,63.8356164383562,,0,0.29231229715109996,4,test
5401,3,0.159696995800694,82.57,70.510483135825,16,32338.7123997491,30.958904109589,,0,0.324407500901551,3,test
5423,3,0.23054495504521302,78.28,77.02825888787599,13,46794.80628336519,39.4520547945205,,4,0.29988532275513896,3,test
5425,3,0.145506162491749,76.95,55.6973564266181,10,29290.6148321627,50.9132420091324,,4,0.363715109989181,4,test
5433,7,0.00387450146087035,81.42,49.2707383773929,18,45332.3027606441,48.7214611872146,,0,0.541140281283808,2,test
5445,4,0.05735925500511,78.19,66.362807657247,23,31273.822399122404,19.5433789954338,,8,0.42177497295348,2,test
5451,4,0.0619950696061957,79.49,48.222424794895204,11,33766.1821180728,35.0228310502283,,5,0.670963577353047,2,test
5452,3,0.159286052499828,82.23,52.142206016408394,12,32044.556375918197,43.972602739726,,10,0.522748647673999,3,test
5461,2,0.536298868768634,80.96,61.5314494074749,17,39572.9275184445,16.1643835616438,,3,0.29411539848539503,2,test