Accident_ID,Accident_Type_Code,Adverse_Weather_Metric,Cabin_Temperature,Control_Metric,Days_Since_Inspection,Max_Elevation,Safety_Score,Severity,Total_Safety_Complaints,Turbulence_In_gforces,Violations,source
5464,4,0.0673826594005745,83.01,48.5414767547858,18,36789.6854758482,46.62100456620999,,0,0.40771078254597903,1,test
5465,7,0.00229566364108262,78.1,49.589790337283496,12,25006.934761332202,65.662100456621,,7,0.47514677244861103,3,test
5466,3,0.188494927474794,79.93,74.52142206016408,13,37860.2182562856,41.8264840182648,,1,0.328734944103858,0,test
5471,4,0.04301927717589701,77.17,58.7967183226983,15,23927.737231118197,43.01369863013699,,1,0.514454381536242,1,test
5481,4,0.0409263541820256,81.59,69.9635369188697,13,22468.653670065,28.310502283105002,,12,0.226679408582762,3,test
5482,2,0.27491300506152,80.84,79.1248860528715,14,20432.2797281007,49.2237442922374,,4,0.28365741074648404,3,test
5485,4,0.0398597732035959,76.79,57.8395624430264,16,21448.468553893897,18.310502283105,,3,0.35542084385142403,1,test
5489,4,0.0557625104986608,81.21,84.1841385597083,11,30357.985828198398,34.9315068493151,,7,0.19891164803461897,2,test
5497,2,0.5436698186662849,80.65,86.918869644485,11,39903.4967278214,36.0730593607306,,3,0.3629938694554629,0,test
5505,2,0.639740339593806,85.02,53.00820419325439,16,47423.386064199294,40.7762557077626,,7,0.439805986296429,2,test
5508,6,0.0107723140454418,79.66,46.171376481312706,14,44090.8496133004,37.4429223744292,,0,0.675291020555355,3,test
5510,2,0.596791289287252,78.67,69.5989061075661,13,43774.339718104704,50.365296803653,,11,0.47514677244861103,1,test
5519,4,0.0486259930836168,80.42,67.50227894257071,15,25988.333507314,21.7808219178082,,10,0.390401009736747,2,test
5531,5,0.023547370390477995,78.64,60.2552415679125,10,35320.9454536098,39.041095890411,,4,0.39184349080418296,2,test
5536,4,0.0604039658593619,78.37,76.6180492251596,3,32690.625773518397,77.8995433789954,,14,0.23713739632167302,2,test
5537,7,0.00123451418944082,84.82,77.52962625341841,8,831.6955534213299,77.99086757990871,,1,0.355060223584565,5,test
5538,3,0.128896401917114,77.6,45.67000911577029,3,25800.588985105802,77.6712328767123,,8,0.514093761269383,2,test
5547,7,0.00277623993698248,74.85,70.510483135825,16,28395.0640096999,18.904109589041102,,5,0.247234763793725,1,test
5554,3,0.21102920894167698,83.36,67.7757520510483,9,42528.1341777868,54.5205479452055,,3,0.392564731337901,1,test
5561,1,1.0104081196839,76.67,60.07292616226071,10,27465.740310642203,63.6529680365297,,0,0.406268301478543,1,test
5563,6,0.00847670132384697,75.05,62.5341841385597,17,35598.8461311814,27.8538812785388,,5,0.26346267580238,1,test
5568,3,0.154010459654811,82.57,82.9079307201459,16,31111.5384572407,30.9132420091324,,0,0.396892174540209,0,test
5573,6,0.0072079280349596295,78.24,89.65360072926158,11,29451.4297513069,45.433789954337904,,8,0.207566534439235,2,test
5579,5,0.00868877979364907,84.8,62.6709206927985,12,9025.60454240942,43.6529680365297,,1,0.425020555355211,3,test
5583,7,0.0036254721411716397,80.85,73.33637192342749,12,40677.5102914524,66.25570776255711,,0,0.43259358095925005,2,test
5584,3,0.103168421436262,77.85,56.1531449407475,19,20985.5640745089,19.5433789954338,,0,0.33811107104219196,1,test
5586,2,0.553503805823988,79.28,47.9033728350046,18,41045.6940016465,10.6392694063927,,4,0.460000721240533,4,test
5589,7,0.0019491457967351399,80.66,77.7575205104832,12,21902.9703289169,68.03652968036529,,5,0.18556869816083602,3,test
5595,4,0.0445660106164211,77.55,60.665451230628996,12,24192.264388069703,42.4200913242009,,10,0.47370429138117603,2,test
5601,5,0.0150314473660917,81.99,64.5396536007293,14,22999.9480219285,36.4383561643836,,11,0.24543166245943,1,test
5603,6,0.00561003413808215,83.73,50.5469462169553,11,21768.7855190636,45.205479452054796,,28,0.523469888207717,2,test
5610,4,0.0905924441864506,80.2,70.1458523245214,17,49250.693890035094,39.726027397260296,,3,0.355060223584565,2,test
5618,7,0.00346277084197133,78.77,61.6226071103008,14,39110.395871080094,58.9041095890411,,4,0.220548864046159,1,test
5622,2,0.50630490065634,87.65,54.557885141294406,18,37258.0968473545,33.7442922374429,,29,0.27969058781103495,1,test
5623,7,0.00314676670034171,82.23,62.807657247037405,10,35862.1682875726,38.9954337899543,,2,0.329095564370718,3,test
5625,1,1.341418869718,80.86,80.2643573381951,9,36467.424240907596,63.972602739726,,0,0.262380815001803,0,test
5630,3,0.16814086887043497,76.21,59.3892433910666,20,33643.9887734499,15.753424657534199,,28,0.29483663901911306,2,test
5637,6,0.0105692095171719,78.34,74.61257976299,12,43619.815305396,30.410958904109602,,1,0.399055896141363,0,test
5640,7,0.0021852795760138,77.1,60.9845031905196,13,27034.8776966234,62.3744292237443,,5,0.37092751532636103,2,test
5642,1,0.770245196670641,80.23,50.86599817684589,9,21022.7432680221,40.821917808219204,,34,0.495341507392715,3,test
5643,3,0.0832574867262534,76.13,64.35733819507749,15,16360.9637668824,33.698630136986296,,8,0.337389830508475,2,test
5648,6,0.00341451541179736,81.27,78.669097538742,12,15487.532267365701,43.6529680365297,,3,0.363354489722322,2,test
5653,3,0.159761620379677,83.03,59.7538742023701,12,32349.2373608048,42.7853881278539,,4,0.5238305084745759,2,test
5656,4,0.0726437651961764,78.7,63.30902461257979,13,39792.6226383172,28.9041095890411,,8,0.38318860439956703,2,test
5666,4,0.0928046600866946,80.21,76.6180492251596,12,52430.4521165204,33.1963470319635,,14,0.38318860439956703,3,test
5676,2,0.6411305070043131,81.08,55.6061987237922,14,47892.2985522238,47.4885844748858,,1,0.38427046520014396,2,test
5680,7,0.0038918509197929,76.92,80.0364630811304,16,43907.2002460851,40.7305936073059,,2,0.32152253876667897,2,test
5690,6,0.00908337648476575,77.16,61.6681859617138,12,36323.6029675182,55.2511415525114,,4,0.52960043274432,2,test
5700,7,0.00290877946932873,81.89,50.1823154056518,12,31317.092105583703,32.1917808219178,,10,0.44773963216732793,2,test
5702,6,0.0107524397887336,77.58,67.0920692798541,18,44681.07562341441,22.2831050228311,,10,0.26815073927154703,0,test
5708,3,0.15489522922000698,76.22,41.6134913400182,13,30858.543137353397,38.401826484018294,,7,0.42898737829066,3,test
5709,7,0.0028863577583363802,80.66,84.5943482224248,11,28435.803708752403,69.9543378995434,,3,0.18665055896141297,2,test
5714,6,0.0064619822105722894,76.98,70.1914311759344,10,27903.5708666369,49.5890410958904,,16,0.39400721240533704,4,test
5723,3,0.134002354033588,77.25,39.8814949863264,12,26959.6131745727,55.2511415525114,,2,0.591627118644068,2,test
5729,4,0.0657328863038229,78.64,71.05742935278029,5,35906.4415472225,53.7899543378995,,3,0.304573386224305,2,test
5736,4,0.0726141852542702,78.17,57.5660893345488,18,39572.9275184445,22.694063926940604,,0,0.30854020915975394,3,test
5744,3,0.21051362579014202,79.49,61.6681859617138,13,42607.0710974919,64.4292237442922,,7,0.48596538045438104,4,test
5750,1,1.21979394983259,86.97,72.7438468550593,9,33311.1730562469,65.98173515981729,,3,0.272838802740714,2,test
5751,7,0.00279887602228124,83.5,63.6736554238833,16,30269.9710133246,50.22831050228311,,0,0.32116191849982,2,test
5752,7,0.00243360517719337,80.55,77.848678213309,13,24305.390903594598,63.6529680365297,,0,0.303852145690588,1,test
5753,2,0.362071260670276,76.13,58.7967183226983,9,26687.6997953238,65.79908675799089,,5,0.38174612333213104,3,test
5757,2,0.408642256373192,81.63,54.968094804010896,5,30232.1460175973,68.1278538812785,,6,0.34892967904796196,2,test
5760,3,0.128032619795491,79.22,80.4010938924339,12,25735.8047537328,44.703196347032005,,4,0.340996033177064,2,test
5768,4,0.0695073447784336,81.63,73.88331814038291,11,37921.073992065,46.3470319634703,,1,0.441609087630725,1,test
5772,4,0.0736768154938745,77.18,49.4986326344576,17,40296.8160759999,14.4748858447489,,0,0.362272628921745,3,test
5788,2,0.465273335265546,76.37,59.0701914311759,6,34354.111221382205,53.01369863013699,,0,0.364796970789758,2,test
5795,1,1.82919128625319,83.57,59.6171376481313,14,49722.5743419767,26.027397260274,,2,0.36732131265777096,3,test
5800,4,0.0710287636448836,77.71,48.9061075660894,12,38800.9673142313,30.7305936073059,,1,0.6349015506671469,3,test
5806,3,0.167165430554854,79.89,67.18322698268001,12,33889.049386107,44.611872146118706,,13,0.41564442841687704,1,test
5809,2,0.706982633990024,84.27,55.0592525068368,6,52077.3016680616,76.62100456620999,,14,0.427905517490083,3,test
5810,7,0.0035784413481083103,82.07,74.7948951686418,14,37066.9622418898,26.7123287671233,,2,0.22956437071763397,2,test
5819,7,0.0035461952531976797,82.49,33.9562443026436,18,38340.917759317,45.9817351598173,,10,0.683945906959971,2,test
5822,1,0.8777092451520391,83.21,67.8213309024613,18,23763.8800025527,23.607305936073104,,3,0.352535881716553,4,test
5826,3,0.23065786520273202,77.39,70.1914311759344,12,46514.6404659398,41.9178082191781,,0,0.3936465921384779,0,test
5829,5,0.0245109739631318,76.45,70.464904284412,8,36048.3668190144,69.5433789954338,,4,0.272838802740714,1,test
5831,7,0.00229589745271094,83.42,56.7000911577028,8,25644.4684192504,68.675799086758,,2,0.572514244500541,2,test
5833,4,0.0558260311508076,79.58,72.0145852324522,15,30479.084301248702,19.954337899543397,,10,0.26165957446808497,2,test
5837,4,0.0659924427036663,86.51,68.003646308113,9,36297.4081004407,43.105022831050206,,3,0.5479920663541289,2,test
5840,3,0.140526429214543,80.07,63.5369188696445,9,28245.641261576002,76.62100456620999,,9,0.577923548503426,3,test
5848,2,0.50630490065634,81.79,56.38103919781221,7,37342.6506214657,70.1369863013699,,1,0.549795167688424,2,test
5852,7,0.00366521510048756,79.53,61.485870556062004,8,38526.013932509704,77.99086757990871,,13,0.5425827623512439,2,test
5868,4,0.0659522021298071,81.78,60.1640838650866,17,36228.3812559605,15.4337899543379,,0,0.316834475297511,1,test
5874,7,0.00231036898663625,78.2,70.5560619872379,17,23734.7513059841,12.694063926940599,,34,0.23064623151821104,3,test
5876,6,0.00997210746695892,76.85,62.7620783956244,13,41432.748713901805,28.721461187214604,,1,0.329095564370718,3,test
5883,1,1.34320667540424,78.75,76.9371011850502,15,36093.4988803081,34.7488584474886,,5,0.396892174540209,1,test
5888,4,0.0667773468350688,80.21,74.9316317228806,12,36131.6524441203,30.3196347031963,,10,0.282936170212766,0,test
5889,5,0.0235713550866848,79.01,51.4129443938013,5,33766.1821180728,55.433789954337904,,2,0.606412549585286,1,test
5898,1,1.0008814089997902,81.7,79.17046490428442,10,27158.3568595258,38.1278538812785,,1,0.275723764875586,1,test
5899,3,0.145875312867725,81.02,61.5770282588879,15,29267.164873459904,31.5981735159817,,2,0.34496285611251304,2,test
5903,1,0.932882500163015,89.19,74.61257976299,15,25342.9808820361,22.602739726027398,,8,0.412759466282005,2,test
5906,7,0.00357842530993307,86.47,68.1403828623519,9,40010.1457579318,76.62100456620999,,1,0.276084385142445,2,test
5907,2,0.362925272467254,81.08,59.799453053783104,4,26753.6485690321,77.6712328767123,,14,0.6341803101334289,2,test
5914,1,0.826621420496725,76.75,88.4685505925251,12,22458.282532452,32.100456621004604,,17,0.200354129102055,4,test
5919,4,0.0722540767650013,78.32,74.74931631722879,15,39792.6226383172,21.461187214611897,,9,0.385352326000721,2,test
5928,2,0.5510408050069999,81.46,57.520510483135794,20,40840.646356118,28.949771689497698,,3,0.44737901190046897,2,test
5930,5,0.0224530568516015,79.49,57.748404740200606,16,32734.066163725096,40.86757990867579,,8,0.284739271547061,2,test
5936,3,0.113281897369479,79.86,69.1431175934367,13,22719.484094763502,39.178082191780796,,2,0.37309123692751506,1,test
5948,2,0.35202840784678496,81.3,66.4995442114859,12,26040.2990908391,31.2328767123288,,12,0.38679480706815705,2,test
5950,4,0.036387678224156,83.01,85.5970829535096,12,20028.1631631448,31.1415525114155,,1,0.256971510998918,4,test
5951,4,0.0410652170848676,79.05,69.64448495897899,13,22468.653670065,29.3607305936073,,13,0.226679408582762,3,test
5954,4,0.0638479625702225,81.16,66.8185961713765,15,34769.1850400778,20.1826484018265,,0,0.365878831590335,4,test
5958,6,0.00668277325470485,83.94,88.24065633546041,11,26360.683135080297,34.3835616438356,,4,0.245071042192571,2,test
5964,1,1.21789625360354,77.51,55.6973564266181,18,33143.9853063049,12.4200913242009,,3,0.47911359538406,1,test
5972,4,0.0342021971190433,77.53,58.6144029170465,16,19165.5533399981,17.5799086757991,,5,0.311425171294627,2,test
5979,4,0.0672593000875387,82.2,74.24794895168641,11,36963.934273337996,35.0228310502283,,0,0.21802452217814602,2,test
5983,2,0.678555591591014,77.04,67.5934366453965,17,50046.078356214006,51.3698630136986,,0,0.34027479264334604,2,test
5984,2,0.264253743919955,80.85,41.5223336371923,12,19136.0861004631,32.6940639269406,,0,0.539697800216372,3,test
5993,4,0.0235660183479036,79.99,59.7082953509572,14,12854.0456631636,36.8493150684931,,13,0.39148287053732395,2,test
5997,6,0.00850211736171401,77.57,72.1969006381039,13,34758.9344410775,27.1689497716895,,0,0.3900403894698879,2,test
6006,3,0.112813799421976,79.71,82.9079307201459,14,22753.313252124502,36.027397260274,,4,0.317916336098088,0,test
6014,1,1.13036713664789,77.36,60.20966271649961,11,30660.2752933007,35.0228310502283,,5,0.30709772809231894,0,test
6018,6,0.00645292114033313,78.63,84.8678213309025,16,26863.378388612997,30.6849315068493,,0,0.31214641182834496,2,test
6019,5,0.025793731905657,80.23,71.7411121239745,11,39669.1878612931,58.310502283105,,4,0.458558240173098,3,test
6020,7,0.00331235995409662,78.83,68.8240656335461,15,35698.393193522796,45.205479452054796,,12,0.262020194734944,2,test
6023,4,0.0279903711072892,80.62,68.7784867821331,18,15246.0930451473,22.328767123287697,,3,0.25588965019834103,2,test
6026,2,0.524736019890271,82.57,72.97174111212401,6,38977.284140462405,95.2511415525114,,3,0.49281716552470295,2,test
6030,3,0.13145313384967902,81.06,58.933454876937105,15,26459.332730401602,32.0547945205479,,3,0.360108907320591,1,test
6036,4,0.0353962611529476,79.71,63.4001823154057,17,19494.8587357381,14.200913242009099,,0,0.482359177785791,3,test
6041,6,0.00656903894305681,78.97,61.5314494074749,16,27930.817858719598,29.4977168949772,,11,0.45134583483591795,3,test
6042,7,0.00333200752249141,79.81,74.7948951686418,14,36131.6524441203,26.7123287671233,,2,0.306737107825459,1,test
6044,2,0.443808474464164,78.55,47.128532360984494,15,32681.0756913863,44.4292237442922,,0,0.663029931482149,3,test
6053,2,0.209602822932632,79.61,46.03463992707379,14,16332.7942671702,47.4885844748858,,2,0.351454020915975,0,test
6055,7,0.00346583847527643,76.18,55.742935278031,10,37668.3694904578,39.406392694063896,,0,0.47154056978002207,2,test
6056,1,0.9323161644501992,76.79,67.6390154968095,20,25013.508786479502,16.4840182648402,,20,0.449903353768481,2,test
6063,2,0.450995315921427,82.49,64.767547857794,5,33226.1306928098,74.1095890410959,,7,0.371648755860079,2,test
6064,7,0.00223908837002849,86.3,46.8094804010939,12,27237.906313955496,67.5799086757991,,3,0.557007573025604,2,test
6072,6,0.0112415293720467,78.04,74.88605287146758,11,48317.9303453667,45.7077625570776,,1,0.306015867291742,3,test
6074,1,1.29142485015568,79.89,74.06563354603459,17,35132.226456787,38.8584474885845,,0,0.339192931842769,2,test
6075,1,1.37940962208732,81.92,54.557885141294406,19,37582.0687097785,20.5936073059361,,3,0.30349152542372904,1,test
6078,4,0.0621158717936855,81.11,38.787602552415706,8,33871.586283706,44.4292237442922,,4,0.707746844572664,2,test
6080,4,0.05511924711346299,77.25,73.5186873290793,10,30061.715591302996,38.4474885844749,,2,0.404104579877389,2,test
6081,1,1.8829498114848602,77.49,78.7602552415679,17,49272.8265031172,27.1689497716895,,5,0.304573386224305,2,test
6082,1,1.02511328238221,81.26,49.13400182315411,16,27865.4680761156,30.0913242009132,,3,0.40771078254597903,1,test
6085,2,0.40693396192835896,82.93,58.8422971741112,20,29969.886886305,4.7945205479452095,,13,0.554122610890732,2,test
6095,6,0.00800907737894134,88.11,63.810391978122205,9,32018.584435958503,52.283105022831,,3,0.306015867291742,2,test
6098,4,0.0574972647652242,83.25,56.1531449407475,18,31450.5945994523,23.607305936073104,,0,0.328374323837,3,test
6104,5,0.0210757990183275,81.26,73.2907930720146,12,30882.7263765865,65.7077625570776,,1,0.260938333934367,3,test
6113,4,0.0279354186380137,81.71,60.75660893345489,16,15186.5079522167,54.2922374429224,,15,0.423217454020916,3,test
6114,1,1.29301476392542,79.61,66.9097538742024,11,35207.228555631096,48.3561643835616,,1,0.420332491886044,2,test
6120,4,0.0693842688567114,81.16,70.510483135825,15,37773.3553764435,20.2283105022831,,2,0.4567551388388029,3,test
6121,5,0.0102392831013005,85.97,60.2552415679125,13,16880.6767680653,41.3698630136986,,20,0.420332491886044,3,test
6122,1,1.6827248753265402,81.38,50.86599817684589,11,45027.3857299155,34.0639269406393,,1,0.553401370357014,2,test
6125,4,0.0475281667429399,79.69,66.4995442114859,18,25762.3181919827,12.9223744292237,,1,0.5209455463397039,2,test
6137,4,0.0485064756050535,82.19,67.6845943482224,15,26483.638326637596,21.2328767123288,,2,0.449903353768481,1,test
6139,4,0.0419814175319841,81.78,58.979033728350004,15,23220.922046059,22.8310502283105,,0,0.278608727010458,1,test
6147,3,0.147855294184092,79.33,50.7748404740201,12,29697.5297062335,54.2922374429224,,2,0.6266072845293901,1,test
6150,4,0.0575081967404916,80.58,52.415679124886104,14,31200.252729710297,34.8401826484018,,5,0.392564731337901,2,test
6157,5,0.0140645549945742,80.2,35.2780309936189,12,21253.8451989906,42.5114155251142,,13,0.61939487919221,3,test
6162,2,0.6567261053757629,82.99,55.0592525068368,14,48525.8603425376,37.3059360730594,,4,0.48848972232239396,2,test
6167,6,0.0106302255498573,84.8,54.557885141294406,19,42526.7392407677,23.1963470319635,,2,0.372009376126938,2,test
6170,2,0.312940890154873,77.16,57.247037374658206,19,23197.3294465658,31.415525114155198,,7,0.44413342949873796,3,test
6178,2,0.405792504765035,80.36,70.8751139471286,14,30056.215219895,49.36073059360729,,14,0.276805625676163,3,test
6185,1,1.52773530919105,77.83,61.3947128532361,11,41139.7992021811,57.671232876712295,,9,0.4185293905517489,2,test
6187,7,0.0044133300164372795,79.8,68.6873290793072,15,49860.818872997304,54.885844748858396,,2,0.38679480706815705,2,test
6188,3,0.141031133810539,78.7,75.93436645396541,13,28145.0409199558,38.0365296803653,,0,0.38823728813559294,0,test
6189,4,0.0583623984570852,83.56,68.9608021877849,12,32349.2373608048,54.109589041095894,,2,0.335586729174179,4,test
6190,4,0.0288587321163898,78.91,85.5515041020967,15,16355.890560807,19.954337899543397,,1,0.28005120807789396,1,test
6204,3,0.18289921890234803,81.8,65.587967183227,15,36656.5473460937,32.8767123287671,,7,0.321883159033537,2,test
6206,2,0.49421571020456395,78.2,60.665451230628996,13,36656.5473460937,39.6803652968037,,2,0.32152253876667897,1,test
6208,5,0.0085309014094308,79.42,64.6763901549681,12,9560.909439384692,55.7077625570776,,10,0.38823728813559294,2,test
6212,4,0.0499088122666548,77.86,45.67000911577029,12,27296.495090287597,31.5981735159817,,3,0.509405697800216,1,test
6215,6,0.0117759856610587,83.07,67.50227894257071,12,47814.231122871104,42.328767123287705,,1,0.256610890732059,1,test
6221,1,1.81855821625422,81.14,70.60164083865091,13,51183.882564596795,51.0502283105023,,3,0.334144248106743,3,test
6234,6,0.007417154126677141,81.18,63.90154968094811,11,30269.9710133246,45.7077625570776,,0,0.306737107825459,0,test
6240,5,0.0192733437988285,83.6,54.968094804010896,8,28377.249938145098,56.7579908675799,,1,0.25985647313379,1,test
6241,1,1.3901185803260703,78.4,30.7201458523245,11,37764.967026453,58.4931506849315,,22,0.7347933645870891,3,test
6242,3,0.133480825287782,78.67,61.485870556062004,8,26697.1750912641,56.7579908675799,,12,0.5703505228993871,3,test
6247,2,0.510880290268532,75.58,62.5341841385597,12,37908.0818850219,31.8264840182648,,5,0.480556076451497,2,test
6250,1,1.27269229338525,81.26,67.36554238833179,16,34641.5118628154,41.0045662100457,,44,0.276084385142445,2,test
6255,7,0.0036221837791412296,79.36,69.64448495897899,14,40424.9322137671,24.063926940639302,,9,0.5735961053011179,3,test
6257,5,0.0236870689078476,78.9,47.9033728350046,18,33783.7823562274,11.0045662100457,,5,0.49678398846015104,3,test
6259,2,0.321668685211402,78.91,74.29352780309941,11,23690.6304006591,35.9817351598173,,3,0.21802452217814602,2,test
6260,7,0.004076262717295089,78.5,79.3072014585233,14,42024.5141030364,59.4520547945205,,9,0.26851135953840605,4,test
6261,3,0.0558255168288564,74.94,70.6927985414767,16,11036.828202466499,30.6849315068493,,6,0.341356653443924,2,test
6264,4,0.0611125707575722,77.56,57.8395624430264,19,33315.568355075,31.8264840182648,,0,0.514454381536242,0,test
6266,4,0.0324831783332799,82.38,71.8778486782133,13,17004.1120108836,28.721461187214604,,1,0.522748647673999,2,test
6274,3,0.121754699866092,81.26,74.2023701002735,10,24740.7945758356,51.232876712328796,,15,0.33883231157591,1,test
6277,7,0.00286792300212068,77.41,63.6736554238833,17,28029.830294965097,48.6301369863014,,1,0.43259358095925005,3,test
6287,2,0.0962986585465663,81.45,49.31631722880589,12,9666.94055790232,53.9269406392694,,7,0.421053732419762,3,test
6290,6,0.0076510888242451,86.43,72.33363719234279,15,33101.085724826,33.0593607305936,,23,0.384631085467003,3,test
6296,4,0.0701249966785418,82.2,54.056517775752106,9,38526.013932509704,40.86757990867579,,12,0.548713306887847,2,test
6301,6,0.0117758107745166,78.23,61.5314494074749,16,44997.4738217543,29.0867579908676,,11,0.45134583483591795,2,test
6302,7,0.00313031016237267,77.68,48.678213309024706,20,35247.2887973971,38.8127853881278,,2,0.44196970789758294,4,test
6312,4,0.0434099096156099,79.09,72.24247948951691,15,23536.900903883597,45.0684931506849,,3,0.30637648755860103,2,test
6318,2,0.5762014289405589,80.71,77.848678213309,4,42371.6586881872,70.1369863013699,,0,0.40374395961053006,1,test
6327,1,1.22964533075899,77.8,72.7894257064722,16,33596.650764813996,42.283105022831,,15,0.31719509556437103,3,test
6328,3,0.16258961469419297,81.04,76.7547857793984,13,32654.533818023,40.7762557077626,,6,0.281854309412189,4,test
6333,2,0.5069466404329221,87.11,76.8459434822243,14,37649.2066549776,35.0228310502283,,0,0.48668662098809995,3,test
6336,3,0.174775775733067,80.92,52.5524156791249,20,34956.4722310962,17.7168949771689,,8,0.38931914893617,1,test
6338,5,0.00565999846684,78.52,48.9061075660894,14,9966.28139209759,36.027397260274,,4,0.25264406779661,3,test
6342,3,0.236948192249694,80.25,47.0829535095716,16,47433.0162389743,29.1324200913242,,0,0.560253155427335,2,test
6349,1,1.56620755459219,84.28,75.47857793983592,14,42321.2915275766,24.7945205479452,,14,0.532124774612333,3,test
6358,4,0.0528505428278382,82.22,60.9845031905196,9,29080.797132967404,42.283105022831,,11,0.423217454020916,2,test
6359,5,0.0291001545682159,81.09,63.6736554238833,12,43032.2194004626,29.4977168949772,,4,0.290509195816805,0,test
6360,2,0.703340359053397,87.79,77.52962625341841,15,53908.7975082545,45.205479452054796,,5,0.335586729174179,1,test
6367,6,0.00594858504052171,82.49,72.0145852324522,13,24068.4258556326,27.8538812785388,,2,0.522748647673999,4,test
6377,4,0.040335527894257005,79.51,71.05742935278029,13,21934.7410724853,26.7123287671233,,12,0.207205914172377,1,test
6379,4,0.0783188443314111,80.29,61.485870556062004,15,43319.3836375384,46.1187214611872,,11,0.523469888207717,3,test
6381,3,0.16831461067345801,82.38,78.80583409298092,13,33784.2260639489,29.0867579908676,,0,0.249759105661738,1,test
6391,4,0.0451516518630109,75.34,71.1485870556062,15,25151.6505157408,22.7397260273973,,7,0.324046880634692,1,test
6400,2,0.42670893144286404,76.86,64.6308113035552,15,31569.345624792,46.3470319634703,,0,0.5029145329967539,3,test
6402,5,0.0209494069398641,78.7,82.1786690975388,11,28925.3383216255,58.401826484018294,,5,0.37128813559322,1,test
6405,3,0.140988659182671,79.48,69.8723792160438,11,28145.0409199558,45.7077625570776,,0,0.40807140281283794,4,test
6415,6,0.00994702906462167,77.29,74.61257976299,12,41401.7229807727,30.410958904109602,,0,0.384631085467003,4,test
6416,1,1.24257359325419,80.47,61.440291704649105,14,33771.0947870574,26.8949771689498,,0,0.43042985935809597,4,test
6420,2,0.5125290058178561,76.09,50.5013673655424,11,37871.0557631729,59.4063926940639,,2,0.411316985214569,1,test
6434,3,0.166023869314956,77.03,77.02825888787599,12,33358.984078338595,53.9269406392694,,12,0.336668589974756,1,test
6448,3,0.26381468661784,79.99,59.2069279854148,12,50882.168768630305,42.8767123287671,,8,0.5032751532636129,2,test
6451,4,0.0234416474273734,79.27,71.6043755697357,17,12024.898224047,14.246575342465698,,0,0.324046880634692,1,test
6453,3,0.107908405084565,80.43,80.6289881494986,13,21479.2851210825,38.0365296803653,,1,0.275723764875586,1,test
6459,7,0.00370085096690646,76.56,64.8131267092069,12,39241.561083223,42.100456621004604,,22,0.37958240173097707,0,test
6461,1,0.972402662659163,85.22,65.3600729261623,21,26492.389254308502,4.29223744292237,,0,0.272838802740714,2,test
6467,4,0.0640529720617364,82.57,66.6362807657247,14,34952.1271101988,25.296803652968002,,1,0.335586729174179,3,test
6468,4,0.05994597155975,77.49,85.9617137648131,12,32951.988822232204,31.0958904109589,,25,0.302409664623152,1,test
6473,1,0.959037977829188,81.29,70.7839562443026,14,26069.3550793519,24.337899543379002,,11,0.237858636855391,2,test
6484,7,0.00246153031373213,77.26,48.8149498632635,14,25336.272389500602,59.4520547945205,,4,0.560613775694194,2,test
6486,1,1.26614236302339,83.86,70.7383773928897,17,34289.9002369057,13.789954337899498,,6,0.41961125135232596,3,test
6490,4,0.0613496539215015,77.38,69.64448495897899,13,33478.0395742208,29.6803652968037,,15,0.306737107825459,3,test
6502,7,0.0033639069942974697,83.0,71.2397447584321,20,40075.9286978829,27.9908675799087,,5,0.44665777136675106,3,test
6503,3,0.16646731576656,85.31,49.0884229717411,15,33367.0988202183,22.602739726027398,,8,0.5822509917057329,3,test
6507,7,0.000367501300988579,86.3,46.171376481312706,13,10313.8777973577,64.20091324200911,,29,0.541140281283808,3,test
6512,4,0.0695073447784336,82.85,40.838650865998204,13,38055.690377959705,52.2374429223744,,3,0.516978723404255,1,test
6523,3,0.186318355278325,85.99,66.2716499544212,8,37489.8125581997,57.077625570776206,,10,0.41384132708258203,3,test
6528,7,0.00222239442886312,81.84,43.664539653600706,16,26841.8519726963,53.1963470319635,,0,0.43223296069239103,3,test
6530,7,0.00383708389771657,81.92,68.64175022789429,17,42562.9440787179,48.6301369863014,,1,0.38679480706815705,2,test
6543,5,0.0244657939434174,80.55,71.3764813126709,13,36166.0039080309,52.3744292237443,,0,0.24831662459430198,2,test
6546,1,1.09257988690076,82.45,68.9608021877849,19,29232.006844660296,18.904109589041102,,9,0.399777136675081,1,test
6548,7,0.0023749885138663698,77.15,52.643573381950794,5,26473.2906962654,65.7534246575342,,0,0.317916336098088,2,test
6551,4,0.0810705920997322,80.62,65.8614402917047,11,44657.381203331395,34.0182648401826,,14,0.41744752975117205,1,test
6553,3,0.18526859547038,78.97,59.0701914311759,14,36898.921153834104,35.5251141552511,,15,0.30854020915975394,1,test
6562,7,0.00428025625253919,78.83,80.99361896080221,22,41724.5687249952,23.1963470319635,,4,0.358305805986296,2,test
6571,4,0.032193074705009,76.77,72.1969006381039,10,17496.971802860702,39.4520547945205,,0,0.29555787955283,2,test
6572,3,0.131340504997494,79.52,62.07839562443029,10,26277.0351261399,51.0045662100457,,6,0.35217526144969297,0,test
6579,7,0.00180528207065203,80.09,84.22971741112129,13,22558.3597330324,29.0867579908676,,10,0.14337612693833401,2,test