Accident_ID,Accident_Type_Code,Adverse_Weather_Metric,Cabin_Temperature,Control_Metric,Days_Since_Inspection,Max_Elevation,Safety_Score,Severity,Total_Safety_Complaints,Turbulence_In_gforces,Violations,source
8976,4,0.0556671565499178,85.53,50.1823154056518,11,30281.730328791,34.5662100456621,,12,0.48380165885322796,4,test
8983,4,0.0604794899831926,82.23,49.179580674567006,8,32995.436619200096,46.25570776255711,,2,0.412759466282005,1,test
8989,2,0.369357073209878,83.6,78.4867821330902,14,27382.2626097111,47.9908675799087,,29,0.44882149296790397,2,test
8998,4,0.0804705844406809,81.58,57.520510483135794,14,43693.778543788,25.296803652968002,,1,0.30854020915975394,0,test
8999,5,0.0268498356534474,83.6,58.0674567000912,13,38428.2020163946,51.232876712328796,,14,0.5436646231518211,0,test
9002,4,0.0736509209184376,80.06,62.625341841385605,16,40142.0806841499,18.310502283105,,4,0.40662892174540205,2,test
9013,2,0.431054505868359,85.61,73.9288969917958,9,31919.679934708198,64.9315068493151,,3,0.35433898305084705,2,test
9014,6,0.0064098498207914,76.61,48.9061075660894,16,24518.0124669493,54.109589041095894,,13,0.40771078254597903,2,test
9018,3,0.129889248308694,79.66,57.748404740200606,18,25852.358199408198,46.6666666666667,,0,0.342799134511359,2,test
9026,2,0.607642842436207,80.85,45.2597994530538,10,44671.269021864005,63.6529680365297,,12,0.26165957446808497,2,test
9027,3,0.181056414605482,77.19,78.7602552415679,17,36420.956296758304,26.575342465753398,,1,0.36768193292463,2,test
9033,1,1.0902659809403001,78.84,67.50227894257071,17,29368.5496527533,15.296803652967998,,10,0.283296790479625,3,test
9035,3,0.110911641223805,78.22,48.9061075660894,13,22169.208595891498,28.9041095890411,,3,0.5209455463397039,3,test
9040,5,0.0320328772438867,77.44,49.13400182315411,11,46296.737183495,69.634703196347,,10,0.687191489361702,0,test
9047,2,0.47410975241859993,77.71,72.7438468550593,7,35121.8584149202,71.5981735159817,,3,0.427905517490083,2,test
9049,1,1.34784952706186,76.51,60.57429352780311,11,37060.2236393683,33.607305936073104,,0,0.402301478543094,3,test
9051,2,0.45461802393977596,75.51,42.5706472196901,16,33595.0106061457,42.5114155251142,,16,0.5378946988820771,0,test
9057,5,0.0242970691299218,79.14,31.0847766636281,12,35975.2977640142,43.105022831050206,,3,0.640310854670032,0,test
9072,2,0.516753160294527,81.68,54.7857793983592,14,38033.854208112,25.296803652968002,,17,0.414923187883159,0,test
9078,4,0.0507123296956815,79.5,66.6818596171377,10,27686.2413636474,61.5068493150685,,6,0.330538045438154,2,test
9080,4,0.0775283006898538,81.23,82.2242479489517,19,42476.368666169,15.753424657534199,,28,0.434396682293545,2,test
9081,3,0.11225587509945098,80.43,61.5770282588879,7,22450.266342530602,60.4566210045662,,7,0.35217526144969297,3,test
9083,2,0.307623471832018,79.24,61.6681859617138,12,22671.8172128642,54.84018264840179,,4,0.6330984493328521,2,test
9088,6,0.0106672040775581,84.51,64.4484958979034,14,44485.7027799777,37.2146118721461,,19,0.26274143526866195,3,test
9089,4,0.0615388804407856,79.99,60.3463992707384,14,33401.0255544809,36.027397260274,,25,0.292672917417959,1,test
9109,4,0.062953935151325,86.43,78.0309936189608,17,34589.1544020152,15.068493150684901,,24,0.37489433826181,4,test
9111,3,0.168586748894355,76.95,61.6226071103008,14,33637.1800839273,35.4794520547945,,0,0.45603389830508395,2,test
9113,3,0.10994834458102999,82.57,75.75205104831359,14,22172.6983509275,36.301369863013704,,3,0.336307969707898,3,test
9117,5,0.0353194524101037,80.74,58.8422971741112,16,52513.9126928886,41.324200913242,,7,0.44413342949873796,3,test
9119,1,1.14234941635059,81.31,62.351868732907896,17,31020.38631292,13.881278538812802,,13,0.585496574107465,2,test
9123,6,0.00863651527298157,78.3,65.8614402917047,14,34524.312329603796,34.429223744292194,,6,0.282575549945907,2,test
9127,3,0.15044350970018802,77.76,74.2023701002735,20,30176.470252091,18.3561643835616,,20,0.23894049765596803,3,test
9135,3,0.197627289388574,81.66,47.0829535095716,17,39488.301465335695,16.1187214611872,,16,0.599921384781825,1,test
9139,2,0.569213825805112,80.04,66.9097538742024,17,42049.7757475593,38.4931506849315,,36,0.409513883880274,3,test
9143,5,0.0340042459384705,77.41,65.0865998176846,17,50950.7851616493,48.8584474885845,,1,0.354699603317706,2,test
9148,2,0.50848625905791,78.32,63.6736554238833,10,37459.086597803,61.0502283105023,,1,0.48163793725207393,3,test
9160,1,0.506265395614168,81.49,67.9580674567001,23,13761.7202527562,20.5936073059361,,1,0.330538045438154,4,test
9166,6,0.00800907737894134,77.29,62.351868732907896,17,32516.6697365042,13.8356164383562,,12,0.251922827262892,1,test
9176,7,0.00248377555471595,78.61,60.80218778486779,18,26697.1750912641,24.6118721461187,,11,0.557368193292463,3,test
9177,5,0.00451160449111055,76.71,71.7411121239745,10,5573.652213293571,51.2785388127854,,13,0.49389902632527904,3,test
9178,6,0.00463226113987301,81.46,66.6818596171377,19,20106.7303917632,32.8310502283105,,3,0.42177497295348,4,test
9181,2,0.349358256005638,80.85,60.6198723792161,15,25874.965752170097,45.205479452054796,,3,0.368763793725207,2,test
9185,4,0.0653794865659297,78.49,55.19598906107571,15,35769.5193950316,20.1826484018265,,0,0.505438874864767,2,test
9187,2,0.38483675489847297,76.69,73.6554238833182,9,28473.7861502813,64.88584474885839,,5,0.423217454020916,2,test
9192,1,1.66957305446872,77.39,79.3527803099362,8,46211.521973574,57.260273972602704,,5,0.5029145329967539,2,test
9200,2,0.4890115627682321,79.89,51.50410209662721,15,36091.5527721269,43.6529680365297,,2,0.553401370357014,1,test
9212,3,0.0941747741034185,77.86,68.1403828623519,9,19406.5744440946,54.5205479452055,,1,0.213697078975838,2,test
9219,3,0.167321669948203,77.69,74.29352780309941,11,33833.4845894326,36.62100456621,,7,0.207205914172377,1,test
9230,6,0.0063532410289954605,81.58,80.4010938924339,11,24759.2173609027,46.894977168949794,,0,0.24002235845654502,1,test
9231,3,0.170714949985897,83.01,49.589790337283496,4,34210.2043624715,65.4337899543379,,0,0.4567551388388029,1,test
9232,3,0.117363089762599,81.15,49.179580674567006,8,23340.347011483598,46.1187214611872,,3,0.541140281283808,3,test
9239,7,0.0041155334855378705,84.63,56.563354603464,11,46283.822889586394,35.2511415525114,,14,0.505078254597908,3,test
9242,4,0.0667773468350688,82.57,68.4138559708295,11,36019.2137512198,36.2557077625571,,3,0.24543166245943,3,test
9245,6,0.00781634743512032,80.09,63.2634457611668,8,32218.4656381463,57.4885844748858,,19,0.25841399206635396,4,test
9247,1,1.2324414802485901,77.39,59.6171376481313,16,33386.703248467595,19.1324200913242,,10,0.566023079697079,2,test
9250,4,0.0596686716089953,78.49,72.3792160437557,15,32626.605586126898,22.1917808219178,,4,0.430790479624955,2,test
9252,4,0.0520195059207914,80.05,66.7274384685506,6,28379.6637179817,53.01369863013699,,0,0.24651352326000697,3,test
9257,2,0.7778018025432901,79.93,72.5615314494075,11,59108.8771655082,45.205479452054796,,5,0.378139920663541,2,test
9260,4,0.0600603540074943,77.59,59.6171376481313,14,32942.2109489692,37.3059360730594,,0,0.434396682293545,3,test
9264,2,0.52135290526144,79.0,58.933454876937105,14,38558.2326995907,36.7579908675799,,1,0.5404190407500901,2,test
9266,2,0.5762014289405589,78.49,66.8641750227894,11,42365.0610556393,34.474885844748805,,7,0.586939055174901,2,test
9270,7,0.0030450705351902398,79.47,72.7438468550593,14,33108.5121785402,23.7899543378995,,1,0.299164082221421,3,test
9274,3,0.088645927761521,77.91,72.105742935278,17,17496.971802860702,38.4474885844749,,5,0.302409664623152,2,test
9279,2,0.38826118548322797,77.08,86.918869644485,11,28565.2377342638,35.296803652968,,1,0.27031446087270106,2,test
9281,7,0.00136724003230083,79.92,44.758432087511395,15,5142.286073104389,31.9178082191781,,6,0.6413927154706089,3,test
9282,2,0.292872788776625,76.85,61.89608021877849,13,22233.336333466097,40.6392694063927,,0,0.346405337179949,2,test
9283,3,0.16258386348284,84.15,61.3947128532361,14,32628.119731014904,36.027397260274,,3,0.273560043274432,3,test
9292,6,0.00679043937658018,80.16,44.3938012762078,20,26042.4845145127,30.776255707762605,,4,0.6082156509195811,2,test
9300,6,0.00899424219999056,77.36,63.90154968094811,6,35730.897140885696,75.296803652968,,1,0.24543166245943,1,test
9302,6,0.0131871755343616,77.7,71.7411121239745,9,49233.348705214405,52.283105022831,,12,0.442330328164443,2,test
9303,3,0.169435829021002,77.93,74.2023701002735,20,34522.3491637318,15.205479452054801,,13,0.235334294987378,1,test
9308,4,0.0755308247324447,89.99,64.2206016408387,13,40979.5754532752,41.1415525114155,,0,0.457115759105661,3,test
9313,4,0.0405516045635434,75.05,64.0838650865998,9,22420.848835432404,54.0182648401826,,17,0.339192931842769,2,test
9321,7,0.00191824846481822,81.3,69.7812215132179,16,22297.575620694,30.958904109589,,7,0.28906671474936896,4,test
9324,4,0.0522542716629988,78.59,70.7383773928897,12,28455.475587873,43.01369863013699,,4,0.29555787955283,1,test
9333,7,0.00394519026872028,81.21,66.362807657247,13,44263.043507370196,61.7808219178082,,18,0.319719437432383,2,test
9340,2,0.6005853921204489,81.92,56.517775752051,14,44363.1891191291,36.62100456621,,0,0.365878831590335,2,test
9349,3,0.18316911790856302,76.62,67.2743846855059,15,36838.8109461688,33.698630136986296,,6,0.41744752975117205,2,test
9351,4,0.0556296473123615,80.2,67.50227894257071,7,30423.7249691533,48.6301369863014,,3,0.256610890732059,2,test
9352,4,0.0645364140643536,78.28,67.7301731996354,16,35301.416428469,16.7123287671233,,9,0.405547060944825,2,test
9353,3,0.11181320478679901,78.47,52.415679124886104,10,22475.1258704004,50.365296803653,,1,0.417808150018031,3,test
9359,5,0.0184283725792126,81.63,59.6627164995442,12,27243.1511537835,67.1232876712329,,7,0.46577064551027797,2,test
9363,4,0.0577759264269542,79.0,56.7456700091158,15,31442.511648109703,20.1826484018265,,0,0.516978723404255,3,test
9365,6,0.0103372525612122,79.07,74.3391066545123,17,41573.9651981208,39.8173515981735,,0,0.23930111792282702,1,test
9373,4,0.0601777442176999,75.81,69.4165907019143,15,32990.9149372376,43.7899543378995,,3,0.246874143526866,2,test
9377,5,0.0245347549298593,78.2,84.1385597082954,13,37253.905366837,50.0913242009132,,9,0.289427335016228,2,test
9383,2,0.277200205655643,80.14,49.2707383773929,13,20299.805926581397,49.0867579908676,,0,0.556286332491886,1,test
9389,4,0.061124830982299,82.09,74.9772105742936,14,33257.595187085695,47.899543378995396,,29,0.32116191849982,2,test
9392,6,0.00605108745987546,78.9,54.4667274384686,18,25239.6627058985,12.4200913242009,,6,0.481277316985214,3,test
9400,1,1.3892954965549498,78.55,40.3372835004558,8,37945.780251352204,68.1278538812785,,3,0.6962069960331769,2,test
9401,7,0.00200768617151415,79.81,81.9051959890611,16,21744.2730155049,50.0456621004566,,0,0.338471691309052,2,test
9407,5,0.0284866706906088,81.26,70.1002734731085,12,42860.1610777543,53.4246575342466,,14,0.354699603317706,3,test
9408,2,0.43598352996746204,79.01,60.80218778486779,17,32230.500067409,39.8173515981735,,4,0.40771078254597903,1,test
9417,1,1.1830452678624899,78.95,47.81221513217871,16,32337.3176953635,29.7716894977169,,6,0.431151099891814,2,test
9423,4,0.07602535995997702,80.06,66.9553327256153,13,41567.5210621664,28.538812785388103,,6,0.256610890732059,0,test
9424,6,0.00623447084626441,85.3,79.7629899726527,14,24421.6576824513,37.3972602739726,,1,0.36263324918860396,1,test
9430,4,0.0484619583526901,78.31,80.99361896080221,9,26572.9666742821,40.273972602739704,,6,0.264183916336098,1,test
9449,4,0.0462843448938988,78.52,88.1494986326345,13,25111.174904879503,28.0365296803653,,0,0.309622069960331,3,test
9452,7,0.00340601660499652,79.64,69.64448495897899,12,38924.6214354371,66.8036529680365,,4,0.29231229715109996,2,test
9453,2,0.32809530982753,83.07,79.71741112123979,10,24377.0453612042,50.7762557077626,,7,0.31358889289578,3,test
9456,2,0.6593871275443051,81.25,55.788514129443904,13,48722.4847633761,28.538812785388103,,5,0.311425171294627,2,test
9461,2,0.38483675489847297,78.37,57.247037374658206,12,28425.9091809241,44.5205479452055,,10,0.281133068878471,0,test
9463,1,1.74851946088815,80.34,31.5405651777575,18,46768.822185760706,11.0045662100457,,6,0.7178442120447159,2,test
9465,5,0.0172239467347377,80.42,74.7948951686418,15,26023.207256331498,54.7488584474886,,2,0.338471691309052,2,test
9471,5,0.0246279782250208,78.29,64.5852324521422,11,35818.6532209991,58.2648401826484,,32,0.41420194734944105,2,test
9484,3,0.16467954369954801,79.62,83.40929808568829,12,33137.9077443779,42.2374429223744,,9,0.28726361341507395,0,test
9489,3,0.15696186288629502,79.99,45.897903372834996,12,31544.5869936275,66.43835616438349,,14,0.63021348719798,3,test
9495,7,0.0026780650782838103,79.49,57.9762989972653,14,28245.641261576002,37.077625570776206,,6,0.560974395961053,1,test
9508,7,0.00129983141772071,76.63,65.9070191431176,6,13241.154051045802,76.1187214611872,,29,0.399055896141363,1,test
9515,2,0.34492667419949397,76.89,85.9617137648131,11,25520.9245281417,35.9817351598173,,7,0.19891164803461897,3,test
9521,2,0.42112624342669897,82.67,62.944393801276206,10,31122.645847557702,72.00913242009129,,3,0.639589614136314,2,test
9528,2,0.369357073209878,81.57,67.6845943482224,7,27154.0852458968,58.3561643835616,,4,0.40374395961053006,4,test
9534,4,0.0434099096156099,78.22,54.8313582497721,14,23459.1137230837,25.296803652968002,,8,0.34965091958168,2,test
9539,3,0.17306668059365998,77.04,57.520510483135794,14,34735.4582523127,36.8036529680365,,0,0.560974395961053,1,test
9540,4,0.0539003607023165,78.37,62.8988149498633,16,29260.9656475168,17.5799086757991,,1,0.477671114316625,3,test
9553,6,0.0012063587479691099,79.89,20.966271649954397,11,5142.286073104389,45.4794520547945,,6,0.600282005048683,3,test
9557,3,0.148832135405465,77.98,59.2980856882407,15,30071.5775620962,45.0228310502283,,2,0.453509556437072,2,test
9565,2,0.619279392671491,81.43,54.1932543299909,12,45331.8312811159,56.62100456620999,,6,0.40518644067796605,3,test
9572,2,0.425813096340294,83.11,81.3582497721058,11,31529.762323460698,59.4063926940639,,12,0.226679408582762,3,test
9583,4,0.0905402526442483,78.47,58.4776663628077,13,49364.7256711042,27.671232876712303,,29,0.46757374684457303,2,test
9584,4,0.0609113242530921,76.73,60.665451230628996,11,33249.3810676588,34.474885844748805,,3,0.402301478543094,2,test
9585,5,0.0195855691124162,75.67,56.79124886052871,13,30312.6031560311,40.2283105022831,,3,0.507241976199062,1,test
9588,4,0.0592112001916615,78.86,76.7547857793984,7,32183.6566153411,48.675799086758005,,3,0.281854309412189,2,test
9591,5,0.0320260726894477,84.51,67.6845943482224,16,46328.8706815311,42.100456621004604,,15,0.23713739632167302,2,test
9595,1,1.00601550493634,81.39,66.362807657247,12,27087.6233599448,31.9178082191781,,16,0.344602235845654,2,test
9602,2,0.6951722586792091,81.85,51.00273473108479,11,52978.479059002304,48.2191780821918,,10,0.507602596465921,1,test
9612,4,0.0513502290422108,81.21,77.02825888787599,13,28145.0409199558,38.0365296803653,,1,0.36948503425892504,2,test
9615,4,0.0499088122666548,78.56,74.52142206016408,8,27093.0972739741,45.15981735159821,,4,0.339192931842769,2,test
9622,6,0.00716115285602777,81.45,60.1640838650866,11,28542.004184011003,46.6666666666667,,7,0.40518644067796605,2,test
9632,5,0.0217919427663462,82.85,30.401093892433895,9,32655.841930990802,53.74429223744289,,3,0.7715766318067071,2,test
9636,3,0.205286208938162,79.89,51.3673655423883,11,40797.9602108571,45.662100456621,,1,0.639950234403173,0,test
9640,6,0.00775200553445017,76.1,52.3701002734731,17,32785.6459081019,26.9406392694064,,0,0.438002884962135,1,test
9641,5,0.0219848426435965,81.89,55.423883318140405,15,32473.8642120236,33.5616438356164,,29,0.510848178867652,2,test
9648,3,0.0966196448634178,83.55,77.4384685505925,9,19340.2551067885,53.6529680365297,,10,0.18556869816083602,2,test
9659,1,1.4286956794006398,82.75,86.78213309024609,15,38768.3708037408,43.9269406392694,,0,0.18665055896141297,3,test
9667,3,0.128896401917114,82.14,67.2743846855059,10,25842.7105033025,48.2648401826484,,5,0.261298954201226,1,test
9669,7,0.00284071646275224,80.83,56.1531449407475,13,31706.3038057388,62.739726027397296,,8,0.45062459430220003,2,test
9672,2,0.533684621923382,81.35,81.4038286235187,11,39378.283889151804,60.1826484018265,,13,0.23713739632167302,2,test
9689,4,0.0545526660756485,80.61,68.1403828623519,13,30098.5723888406,38.767123287671204,,30,0.253365308330328,0,test
9694,4,0.0667108224535752,81.96,60.80218778486779,9,36221.8583930304,41.5525114155251,,1,0.38030364226469504,2,test
9695,6,0.006066866594977179,84.72,66.9097538742024,16,23720.178932652598,19.954337899543397,,4,0.41636566895059496,0,test
9696,2,0.52274965233139,75.35,54.056517775752106,10,38600.7994052763,62.7853881278539,,18,0.377418680129823,2,test
9699,7,0.00290877946932873,80.89,78.1221513217867,14,30950.391312881402,58.0365296803653,,2,0.303852145690588,2,test
9717,5,0.0121842629372386,81.04,60.1185050136736,15,15703.560562148201,54.7488584474886,,2,0.484522899386945,2,test
9720,4,0.0769603531991185,81.26,66.9097538742024,14,42483.5374360881,25.8447488584475,,2,0.335586729174179,1,test
9721,5,0.0262621199809404,79.02,78.669097538742,12,38883.491454726296,43.2420091324201,,7,0.298082221420844,2,test
9729,6,0.00724646253854492,77.4,48.222424794895204,17,29662.592157542404,47.5342465753425,,12,0.44196970789758294,1,test
9736,1,1.1837210399650402,80.39,64.0382862351869,12,32337.3176953635,30.9132420091324,,3,0.44413342949873796,2,test
9740,3,0.0772169276038119,79.29,78.1221513217867,14,15414.099017896298,57.9908675799087,,8,0.34171727371078203,3,test
9746,7,0.00312227015302813,81.76,59.2980856882407,15,36221.8583930304,32.0091324200913,,0,0.42429931482149297,3,test
9748,2,0.620903116405641,83.51,69.91795806745671,13,45878.87959122151,50.5936073059361,,10,0.354699603317706,1,test
9750,2,0.545990855856288,78.02,64.8587055606199,13,40421.4333902048,51.2785388127854,,14,0.37958240173097707,1,test
9751,5,0.0208654093668965,79.63,55.9708295350957,11,29213.8409826863,57.077625570776206,,0,0.363354489722322,2,test
9755,3,0.20841422625368805,76.8,81.7228805834093,11,41578.7169861032,34.7945205479452,,0,0.325849981968986,2,test
9757,1,1.0104081196839,79.2,38.149498632634504,17,27638.220348067003,15.8904109589041,,8,0.556646952758745,3,test
9759,1,0.870409654339999,78.64,66.7730173199635,14,23787.7963047131,48.7214611872146,,35,0.319719437432383,3,test
9761,4,0.0495634535588507,80.58,79.535095715588,14,27158.3568595258,25.251141552511395,,3,0.26815073927154703,1,test
9770,3,0.194627896518072,80.84,66.7730173199635,13,39269.0539266116,50.5936073059361,,31,0.322604399567255,3,test
9778,5,0.0252195650776522,80.44,68.869644484959,13,36028.4975935607,50.273972602739704,,5,0.200354129102055,2,test
9779,5,0.0244657939434174,78.74,82.9079307201459,9,35819.066500176,65.0228310502283,,0,0.269953840605842,1,test
9783,1,1.62375240575535,78.3,65.9981768459435,15,43264.264649879304,45.0228310502283,,10,0.30998269022719105,4,test
9784,7,0.0037778342515366,81.94,70.6472196900638,13,44036.814661343094,64.20091324200911,,1,0.32116191849982,2,test
9791,1,0.959037977829188,80.02,37.511394712853296,14,26015.6911208294,23.013698630137,,16,0.5945120807789399,2,test
9798,4,0.0618771557932251,81.98,67.7301731996354,12,33951.338673945,42.8767123287671,,3,0.25264406779661,3,test
9804,4,0.0775283006898538,80.86,64.1294439380128,22,42500.2232326123,3.2876712328767095,,6,0.41636566895059496,2,test
9809,7,0.00391294369369766,84.28,62.5341841385597,14,43296.0711451878,58.675799086758005,,5,0.314670753696357,2,test
9811,2,0.578783519836537,79.21,70.1914311759344,10,42692.4127039013,50.7762557077626,,16,0.439805986296429,2,test
9817,2,0.428493550267488,79.63,84.2752962625342,10,31661.628809564303,62.511415525114096,,15,0.37128813559322,2,test
9818,3,0.18127256401021696,78.82,73.1084776663628,14,36434.9776381681,36.301369863013704,,2,0.32116191849982,2,test
9819,4,0.0523085891514352,79.28,47.9033728350046,18,28162.0204173235,11.9634703196347,,1,0.554122610890732,2,test
9820,4,0.08554175922996601,81.99,70.464904284412,15,46623.751002758,20.5022831050228,,29,0.339914172376487,1,test
9838,4,0.0502148785850208,79.36,63.5369188696445,8,27372.9129741752,46.1187214611872,,1,0.306737107825459,2,test
9840,3,0.18887123504990302,79.81,69.1431175934367,13,37862.9199927159,41.2785388127854,,8,0.331980526505589,2,test
9856,7,0.0020642750489768,77.09,81.8140382862352,9,17287.255617720803,76.8949771689498,,1,0.158882798413271,1,test
9858,2,0.385350791346705,76.73,71.1030082041933,11,28473.7861502813,58.401826484018294,,4,0.38607356653443897,0,test
9861,4,0.0566174512939566,87.34,97.7666362807658,22,31488.2478937029,22.922374429223698,,8,0.37092751532636103,1,test
9864,6,0.0047923018675796,79.92,67.00091157702829,15,18311.1920618673,33.8356164383562,,0,0.43042985935809597,2,test
9866,2,0.522405012067274,78.37,85.5515041020967,16,38564.129227285,16.5296803652968,,5,0.27139632167327804,2,test
9889,4,0.058088147653132007,76.75,67.5478577939836,14,31278.3864504925,24.292237442922396,,0,0.257332131265777,0,test
9890,7,0.00212389414099217,79.42,68.4594348222425,13,26424.9508350846,50.4109589041096,,9,0.421053732419762,2,test
9894,7,0.0019450691993136802,76.99,53.0537830446673,12,21681.6612670211,67.03196347031961,,8,0.590184637576631,2,test
9896,1,1.45138366021503,80.37,72.4247948951687,9,39338.0906903955,54.5205479452055,,3,0.315752614496934,0,test
9900,5,0.0112049590659801,77.34,63.90154968094811,12,17417.2482375906,32.557077625570805,,5,0.35361774251712896,2,test
9901,2,0.23253948197019397,83.5,49.6353691886965,4,17182.4727749403,77.8538812785388,,2,0.34748719798052696,1,test
9903,6,0.00967034017568106,78.37,67.7301731996354,20,38472.6989638762,5.2054794520547905,,1,0.199632888568337,2,test
9905,2,0.504761267249789,81.86,72.151321786691,16,37236.7491118675,41.9178082191781,,9,0.350011539848539,1,test
9906,4,0.0630918377325202,78.75,73.60984503190521,9,34481.225822636,43.7899543378995,,6,0.38427046520014396,1,test
9912,2,0.35232572373360105,80.25,41.203281677301796,9,26064.931893815497,53.5616438356164,,10,0.683945906959971,2,test
9913,7,0.0037065223236000203,77.76,80.6289881494986,15,39274.9908549468,57.945205479452,,2,0.341356653443924,1,test
9915,1,1.32920921097437,79.58,54.557885141294406,19,36512.1429761624,20.8675799086758,,4,0.46937684817886705,1,test
9918,2,0.214957084741899,80.44,69.37101185050139,17,15883.299580204799,27.579908675799103,,1,0.337389830508475,2,test
9919,2,0.34950274543965504,80.82,47.9945305378305,16,25824.953927838902,28.5844748858447,,1,0.6587024882798411,1,test
9920,4,0.0779064153544415,80.48,57.9762989972653,9,42176.9222862854,41.689497716895,,1,0.385352326000721,1,test
9924,3,0.0627235617216595,80.43,65.2689152233364,20,12598.3641491423,18.3561643835616,,3,0.4120382257482871,1,test
9925,7,0.00349145051029636,81.09,70.4193254329991,11,40360.2154058748,58.4474885844749,,2,0.29411539848539503,3,test
9930,6,0.00863651527298157,83.85,60.027347310847794,16,35260.135365189904,30.0913242009132,,5,0.24579228272628895,2,test
9936,2,0.488383082664174,80.01,60.027347310847794,17,36490.5371102771,37.3059360730594,,11,0.409513883880274,2,test
9939,7,0.0022803372822657103,79.31,57.474931631722896,10,23734.784719260497,39.13242009132421,,6,0.304573386224305,2,test
9945,7,0.00230284346998378,83.56,56.7000911577028,10,24997.875259092598,71.7808219178082,,2,0.572514244500541,2,test
9947,4,0.0561870785595682,78.95,54.8313582497721,20,30448.470005056603,17.7168949771689,,18,0.315752614496934,2,test
9948,5,0.0303417057566337,81.43,52.5979945305378,13,44888.1730165217,64.0182648401826,,5,0.45639451857194396,2,test
9956,1,1.2398042612445601,77.36,76.7547857793984,20,33776.6521906592,15.753424657534199,,4,0.335947349441038,1,test
9963,4,0.0579346201443487,82.36,64.5396536007293,18,31365.239571317998,11.6438356164384,,0,0.30637648755860103,1,test
9965,2,0.33855966784126096,84.4,68.6873290793072,17,24953.1382552467,46.894977168949794,,2,0.251922827262892,2,test
9969,6,0.0103372525612122,89.19,73.9288969917958,12,38801.3690549755,41.8721461187215,,4,0.37345185719437396,1,test
9972,3,0.20312108342873397,77.51,65.587967183227,13,40904.2991006534,40.7305936073059,,20,0.4120382257482871,1,test
9980,2,0.5215625891507629,78.75,47.7210574293528,13,38666.0454138036,50.50228310502279,,22,0.448460872701046,3,test
9985,4,0.0867404728643644,80.96,69.0519598906108,9,47430.2732035325,39.8173515981735,,6,0.40807140281283794,1,test
9991,4,0.0419814175319841,80.25,62.7164995442115,16,23078.099717215802,31.050228310502302,,6,0.427544897223224,1,test
9999,3,0.146661195079346,77.27,60.75660893345489,16,29542.2935498954,53.74429223744289,,20,0.378861161197259,4,test
10000,4,0.0842708200139386,83.82,56.38103919781221,21,46573.0126252267,1.14155251141552,,14,0.461803822574828,3,test
10002,3,0.150239798754167,77.27,55.1048313582498,16,30162.7965041591,41.689497716895,,5,0.30709772809231894,0,test
10004,5,0.0336210417064479,81.04,79.4439380127621,11,60869.7486975738,59.4063926940639,,1,0.24543166245943,3,test
10006,3,0.119711370429235,82.17,53.1905195989061,9,24079.424360651603,54.5205479452055,,2,0.621197980526505,2,test
10008,3,0.10994834458102999,82.33,66.3172288058341,13,22169.208595891498,62.3744292237443,,5,0.38318860439956703,2,test
10024,6,0.00850211736171401,75.98,36.6453965360073,12,37252.0167862382,65.662100456621,,2,0.45603389830508395,3,test
10032,1,1.66486418964678,82.43,69.4165907019143,13,46564.1105882428,51.917808219178106,,3,0.22740064911648,1,test
10038,2,0.413957736616592,78.47,84.91340018231541,13,30792.6950346444,51.5525114155251,,11,0.255529029931482,3,test
10054,2,0.502390494468767,79.42,66.04375569735639,9,37050.8568808506,64.5662100456621,,18,0.46108258204110997,4,test
10057,6,0.007547421130119441,76.98,76.5724703737466,17,29971.7444634365,27.945205479452,,6,0.233531193653083,2,test
10062,4,0.0513384249795083,78.95,47.9033728350046,18,28559.521985121602,11.0045662100457,,4,0.554122610890732,3,test
10069,1,1.07538543423334,81.37,74.06563354603459,13,29699.4005270219,29.1780821917808,,11,0.330538045438154,3,test
10074,3,0.19568489082524698,80.55,83.54603463992709,10,38986.2869388142,61.41552511415521,,1,0.30998269022719105,0,test
10085,3,0.107983120434988,80.74,70.5560619872379,22,21536.2194666649,7.945205479452059,,0,0.27139632167327804,2,test
10086,7,0.00192218331023255,80.55,52.68915223336371,11,17474.5485605647,45.6164383561644,,28,0.39148287053732395,1,test
10089,3,0.23987657036110102,77.2,58.6144029170465,11,47462.7280298216,45.4794520547945,,2,0.48848972232239396,4,test
10092,5,0.021732156903633,81.13,65.0410209662717,10,32629.2975573198,37.2146118721461,,0,0.255168409664623,2,test
10102,4,0.0614817100802301,86.59,34.0474020054695,6,33367.0988202183,52.6940639269406,,16,0.584775333573747,2,test
10104,2,0.516753160294527,81.2,53.0537830446673,15,37999.3671044333,34.8401826484018,,8,0.426823656689506,1,test
10112,1,1.1552268393620801,77.35,59.115770282588905,13,31619.82941596,27.6255707762557,,5,0.5097663180670751,1,test
10114,2,0.57838194712593,81.2,85.7793983591614,9,42692.4127039013,55.15981735159821,,8,0.40374395961053006,2,test
10129,6,0.00623447084626441,85.3,79.7629899726527,14,24171.8428578746,37.3972602739726,,1,0.36263324918860396,2,test
10134,5,0.0189897737507901,83.96,91.20328167730172,14,26959.581905196203,36.894977168949794,,10,0.28726361341507395,4,test